<DATE>	<TIME>	<OPEN>	<HIGH>	<LOW>	<CLOSE>	<TICKVOL>	<VOL>	<SPREAD>
2023.02.10	08:00:00	1860.09	1872.23	1857.63	1864.18	33815	0	5
2023.02.10	12:00:00	1864.15	1868.67	1860.45	1867.01	27314	0	6
2023.02.10	16:00:00	1867.02	1868.53	1856.44	1861.73	39332	0	6
2023.02.10	20:00:00	1861.73	1865.72	1861.18	1865.35	13668	0	6
2023.02.13	00:00:00	1864.68	1865.18	1858.12	1861.47	10009	0	6
2023.02.13	04:00:00	1861.47	1862.48	1857.06	1859.66	11714	0	4
2023.02.13	08:00:00	1859.67	1866.58	1854.69	1857.15	20467	0	5
2023.02.13	12:00:00	1857.12	1863.08	1853.92	1856.90	21719	0	6
2023.02.13	16:00:00	1856.90	1859.36	1850.67	1851.55	31112	0	5
2023.02.13	20:00:00	1851.58	1855.73	1850.47	1853.41	13383	0	0
2023.02.14	00:00:00	1853.67	1856.68	1853.29	1856.61	7775	0	0
2023.02.14	04:00:00	1856.59	1859.41	1855.64	1859.35	9042	0	2
2023.02.14	08:00:00	1859.35	1864.95	1857.88	1862.59	18360	0	4
2023.02.14	12:00:00	1862.61	1870.66	1850.40	1862.39	31319	0	3
2023.02.14	16:00:00	1862.49	1866.30	1843.29	1849.81	61082	0	5
2023.02.14	20:00:00	1849.79	1858.83	1849.59	1854.36	18469	0	0
2023.02.15	00:00:00	1853.97	1859.33	1853.47	1858.97	8517	0	5
2023.02.15	04:00:00	1859.04	1860.11	1845.24	1846.36	13764	0	1
2023.02.15	08:00:00	1846.39	1846.60	1831.84	1835.83	27016	0	3
2023.02.15	12:00:00	1835.82	1838.94	1831.83	1834.73	26666	0	4
2023.02.15	16:00:00	1834.75	1838.73	1830.45	1834.93	39604	0	6
2023.02.15	20:00:00	1834.90	1838.54	1833.71	1835.85	14749	0	4
2023.02.16	00:00:00	1836.32	1842.26	1834.49	1841.34	10875	0	2
2023.02.16	04:00:00	1841.37	1842.61	1835.36	1836.99	12958	0	0
2023.02.16	08:00:00	1837.01	1844.81	1834.26	1835.62	20956	0	4
2023.02.16	12:00:00	1835.55	1840.40	1827.70	1830.86	25551	0	4
2023.02.16	16:00:00	1830.87	1843.90	1827.64	1842.40	45823	0	5
2023.02.16	20:00:00	1842.44	1845.30	1835.89	1836.43	20245	0	6
2023.02.17	00:00:00	1836.43	1836.66	1828.93	1829.00	9996	0	5
2023.02.17	04:00:00	1828.99	1830.60	1823.97	1827.58	13387	0	3
2023.02.17	08:00:00	1827.57	1828.21	1818.90	1825.93	22951	0	5
2023.02.17	12:00:00	1825.93	1830.36	1821.84	1827.70	23588	0	6
2023.02.17	16:00:00	1827.69	1842.81	1822.69	1840.86	45259	0	6
2023.02.17	20:00:00	1840.87	1843.60	1840.24	1842.54	15136	0	6
2023.02.20	00:00:00	1840.89	1841.75	1837.29	1840.38	8788	0	2
2023.02.20	04:00:00	1840.32	1844.86	1839.46	1844.50	11446	0	5
2023.02.20	08:00:00	1844.50	1847.48	1841.11	1843.93	16963	0	5
2023.02.20	12:00:00	1843.94	1846.87	1842.59	1846.41	15322	0	4
2023.02.20	16:00:00	1846.42	1847.06	1840.75	1840.85	14197	0	4
2023.02.20	20:00:00	1840.78	1841.59	1840.46	1841.26	1647	0	0
2023.02.21	00:00:00	1841.44	1843.75	1840.04	1842.32	8535	0	6
2023.02.21	04:00:00	1842.29	1843.41	1837.09	1839.72	12993	0	5
2023.02.21	08:00:00	1839.72	1839.77	1831.08	1835.53	24914	0	4
2023.02.21	12:00:00	1835.52	1837.13	1830.23	1836.82	21931	0	1
2023.02.21	16:00:00	1836.80	1843.84	1832.15	1836.83	44542	0	4
2023.02.21	20:00:00	1836.78	1837.46	1831.73	1834.87	14490	0	5
2023.02.22	00:00:00	1834.74	1838.45	1834.39	1836.29	10089	0	8
2023.02.22	04:00:00	1836.20	1837.53	1834.66	1836.98	10713	0	5
2023.02.22	08:00:00	1836.98	1841.22	1832.89	1833.98	20001	0	6
2023.02.22	12:00:00	1833.97	1846.03	1832.10	1838.60	27473	0	5
2023.02.22	16:00:00	1838.53	1839.10	1830.71	1833.20	39000	0	5
2023.02.22	20:00:00	1833.20	1834.27	1823.55	1825.20	27791	0	4
2023.02.23	00:00:00	1825.76	1828.83	1823.16	1827.73	8462	0	6
2023.02.23	04:00:00	1827.73	1830.49	1826.36	1828.96	11266	0	5
2023.02.23	08:00:00	1828.96	1833.78	1825.67	1826.31	18849	0	5
2023.02.23	12:00:00	1826.33	1828.52	1817.46	1825.56	24733	0	4
2023.02.23	16:00:00	1825.56	1830.16	1818.49	1821.31	44110	0	6
2023.02.23	20:00:00	1821.29	1824.20	1819.20	1822.27	15429	0	5
2023.02.24	00:00:00	1822.47	1827.15	1822.00	1826.03	13052	0	0
2023.02.24	04:00:00	1825.99	1827.82	1824.04	1824.60	12729	0	5
2023.02.24	08:00:00	1824.60	1826.33	1819.74	1821.55	20460	0	5
2023.02.24	12:00:00	1821.51	1824.23	1811.70	1815.66	29499	0	6
2023.02.24	16:00:00	1815.67	1815.99	1808.93	1809.93	44089	0	7
2023.02.24	20:00:00	1809.93	1813.47	1808.95	1810.82	15307	0	5
2023.02.27	00:00:00	1812.62	1814.26	1810.33	1813.92	10169	0	6
2023.02.27	04:00:00	1813.92	1814.00	1806.69	1808.67	13463	0	4
2023.02.27	08:00:00	1808.68	1813.73	1807.18	1808.44	20348	0	5
2023.02.27	12:00:00	1808.48	1816.33	1808.29	1814.61	22451	0	0
2023.02.27	16:00:00	1814.61	1820.14	1812.62	1818.67	34263	0	0
2023.02.27	20:00:00	1818.69	1820.18	1815.99	1817.25	14440	0	5
2023.02.28	00:00:00	1817.16	1818.15	1815.43	1817.26	6262	0	7
2023.02.28	04:00:00	1817.26	1819.45	1812.23	1813.35	10285	0	5
2023.02.28	08:00:00	1813.35	1816.98	1804.69	1810.36	21617	0	6
2023.02.28	12:00:00	1810.38	1814.26	1807.29	1814.07	20259	0	6
2023.02.28	16:00:00	1814.02	1831.18	1813.02	1829.30	40036	0	0
2023.02.28	20:00:00	1829.31	1830.83	1826.27	1826.50	16139	0	0
2023.03.01	00:00:00	1826.61	1829.47	1823.08	1829.16	8441	0	3
2023.03.01	04:00:00	1829.14	1832.71	1827.40	1831.16	11713	0	5
2023.03.01	08:00:00	1831.16	1838.04	1830.42	1831.72	23004	0	5
2023.03.01	12:00:00	1831.72	1841.70	1830.81	1837.25	24770	0	5
2023.03.01	16:00:00	1837.27	1844.55	1833.45	1837.19	42952	0	6
2023.03.01	20:00:00	1837.25	1839.13	1836.50	1836.56	13343	0	1
2023.03.02	00:00:00	1837.16	1838.46	1831.05	1833.10	9181	0	5
2023.03.02	04:00:00	1833.12	1835.98	1832.25	1833.55	10648	0	5
2023.03.02	08:00:00	1833.55	1835.24	1829.99	1831.96	20283	0	5
2023.03.02	12:00:00	1831.94	1837.61	1830.08	1832.33	25840	0	6
2023.03.02	16:00:00	1832.32	1839.01	1832.03	1833.76	34113	0	6
2023.03.02	20:00:00	1833.76	1838.12	1832.86	1835.60	15312	0	6
2023.03.03	00:00:00	1836.22	1841.51	1836.07	1838.77	9283	0	7
2023.03.03	04:00:00	1838.77	1841.09	1837.88	1839.06	9911	0	6
2023.03.03	08:00:00	1839.09	1847.38	1838.91	1845.81	18456	0	6
2023.03.03	12:00:00	1845.94	1849.27	1844.54	1846.96	20723	0	6
2023.03.03	16:00:00	1846.96	1848.30	1839.05	1847.35	37867	0	6
2023.03.03	20:00:00	1847.36	1856.32	1846.60	1855.30	18636	0	7
2023.03.06	00:00:00	1854.20	1854.52	1850.81	1852.70	8196	0	8
2023.03.06	04:00:00	1852.67	1856.47	1851.03	1854.27	11057	0	5
2023.03.06	08:00:00	1854.27	1858.27	1850.65	1851.39	18656	0	6
2023.03.06	12:00:00	1851.42	1853.23	1847.25	1851.53	21311	0	0
2023.03.06	16:00:00	1851.54	1854.01	1848.43	1850.44	32971	0	6
2023.03.06	20:00:00	1850.42	1850.43	1845.12	1846.61	14984	0	0
2023.03.07	00:00:00	1846.40	1848.49	1844.06	1847.89	6939	0	5
2023.03.07	04:00:00	1847.89	1850.48	1846.59	1847.43	10343	0	1
2023.03.07	08:00:00	1847.45	1851.66	1843.40	1843.76	17288	0	4
2023.03.07	12:00:00	1843.77	1844.32	1833.42	1835.45	21890	0	5
2023.03.07	16:00:00	1835.48	1835.56	1815.66	1817.05	55974	0	1
2023.03.07	20:00:00	1817.06	1818.14	1812.69	1813.05	21954	0	6
2023.03.08	00:00:00	1813.94	1814.45	1811.37	1812.37	8829	0	0
2023.03.08	04:00:00	1812.34	1813.00	1809.41	1812.13	11152	0	5
2023.03.08	08:00:00	1812.13	1815.33	1811.46	1813.79	16687	0	4
2023.03.08	12:00:00	1813.74	1816.67	1812.21	1813.68	22389	0	5
2023.03.08	16:00:00	1813.68	1824.30	1813.00	1815.65	46280	0	3
2023.03.08	20:00:00	1815.65	1816.40	1812.94	1813.72	17170	0	7
2023.03.09	00:00:00	1814.14	1816.50	1812.19	1812.36	7453	0	4
2023.03.09	04:00:00	1812.36	1816.06	1811.94	1815.08	8804	0	6
2023.03.09	08:00:00	1815.10	1819.13	1812.79	1817.03	16463	0	6
2023.03.09	12:00:00	1817.14	1825.34	1815.43	1825.17	21728	0	7
2023.03.09	16:00:00	1825.18	1835.68	1823.96	1829.30	43207	0	3
2023.03.09	20:00:00	1829.30	1835.07	1828.22	1830.77	29178	0	8
2023.03.10	00:00:00	1831.38	1834.86	1830.14	1831.06	11458	0	6
2023.03.10	04:00:00	1831.06	1833.25	1827.75	1831.10	16976	0	0
2023.03.10	08:00:00	1831.07	1837.35	1830.21	1831.65	23898	0	5
2023.03.10	12:00:00	1831.67	1845.02	1830.94	1842.51	33376	0	5
2023.03.10	16:00:00	1842.50	1867.40	1839.95	1864.28	71728	0	0
2023.03.10	20:00:00	1864.28	1870.18	1860.86	1867.15	31729	0	7
2023.03.13	00:00:00	1886.16	1894.36	1872.19	1873.09	32254	0	5
2023.03.13	04:00:00	1873.06	1888.86	1872.50	1877.97	23385	0	5
2023.03.13	08:00:00	1877.96	1893.88	1871.55	1886.03	40921	0	0
2023.03.13	12:00:00	1886.03	1909.81	1880.90	1896.71	69915	0	1
2023.03.13	16:00:00	1896.71	1913.11	1896.35	1909.85	64041	0	6
2023.03.13	20:00:00	1909.81	1914.62	1907.97	1913.56	22395	0	3
2023.03.14	00:00:00	1912.32	1914.15	1905.40	1906.17	14433	0	5
2023.03.14	04:00:00	1906.17	1908.00	1901.51	1904.16	14727	0	5
2023.03.14	08:00:00	1904.15	1913.57	1900.77	1901.27	39944	0	5
2023.03.14	12:00:00	1901.28	1911.99	1895.42	1902.37	52471	0	5
2023.03.14	16:00:00	1902.38	1910.27	1900.20	1906.77	47768	0	0
2023.03.14	20:00:00	1906.78	1909.81	1902.28	1903.86	22395	0	4
2023.03.15	00:00:00	1904.54	1905.18	1899.95	1903.73	11015	0	4
2023.03.15	04:00:00	1903.73	1905.66	1899.19	1900.13	12931	0	5
2023.03.15	08:00:00	1900.13	1902.43	1885.75	1896.39	31842	0	5
2023.03.15	12:00:00	1896.33	1930.39	1896.25	1926.11	68229	0	0
2023.03.15	16:00:00	1926.12	1937.36	1917.53	1924.40	59051	0	0
2023.03.15	20:00:00	1924.40	1926.34	1908.90	1918.01	26441	0	5
2023.03.16	00:00:00	1919.30	1924.41	1907.58	1911.10	21418	0	3
2023.03.16	04:00:00	1911.10	1920.31	1909.46	1920.00	18060	0	6
2023.03.16	08:00:00	1920.00	1922.57	1912.44	1921.83	30156	0	5
2023.03.16	12:00:00	1921.91	1933.51	1918.68	1923.74	44832	0	2
2023.03.16	16:00:00	1923.74	1932.38	1913.36	1916.26	63142	0	4
2023.03.16	20:00:00	1916.18	1921.18	1916.14	1919.34	16798	0	1
2023.03.17	00:00:00	1919.46	1922.82	1918.26	1922.81	10768	0	6
2023.03.17	04:00:00	1922.80	1932.90	1922.12	1929.52	14541	0	4
2023.03.17	08:00:00	1929.52	1934.38	1927.32	1932.25	23370	0	6
2023.03.17	12:00:00	1932.35	1952.12	1929.27	1950.68	41430	0	2
2023.03.17	16:00:00	1950.69	1975.21	1949.79	1972.85	57349	0	5
2023.03.17	20:00:00	1972.81	1988.17	1970.39	1988.17	30670	0	3
2023.03.20	00:00:00	1986.70	1987.85	1968.09	1969.70	24179	0	4
2023.03.20	04:00:00	1969.70	1988.62	1969.22	1988.05	20895	0	4
2023.03.20	08:00:00	1988.18	2009.80	1981.87	1984.82	55581	0	5
2023.03.20	12:00:00	1984.77	1988.67	1972.45	1977.94	53357	0	1
2023.03.20	16:00:00	1977.93	1981.00	1965.83	1977.57	48562	0	4
2023.03.20	20:00:00	1977.60	1984.34	1976.15	1978.64	14272	0	4
2023.03.21	00:00:00	1978.91	1982.89	1975.39	1980.18	11541	0	8
2023.03.21	04:00:00	1980.25	1985.19	1979.24	1982.52	11797	0	4
2023.03.21	08:00:00	1982.57	1983.27	1962.94	1968.99	30409	0	5
2023.03.21	12:00:00	1968.98	1969.45	1951.97	1952.87	36102	0	0
2023.03.21	16:00:00	1952.84	1955.01	1936.65	1941.48	48810	0	2
2023.03.21	20:00:00	1941.50	1942.16	1935.44	1940.53	10917	0	0
2023.03.22	00:00:00	1939.76	1946.30	1939.35	1943.93	11258	0	0
2023.03.22	04:00:00	1943.91	1943.91	1937.95	1939.80	12990	0	0
2023.03.22	08:00:00	1939.80	1945.65	1934.27	1944.15	17041	0	0
2023.03.22	12:00:00	1944.14	1945.39	1937.12	1942.86	21397	0	0
2023.03.22	16:00:00	1942.91	1951.96	1942.55	1945.81	23309	0	0
2023.03.22	20:00:00	1950.84	1979.19	1948.87	1969.79	43188	0	1
2023.03.23	00:00:00	1969.68	1973.74	1964.41	1969.04	18471	0	5
2023.03.23	04:00:00	1969.03	1980.94	1968.84	1977.12	19599	0	2
2023.03.23	08:00:00	1977.13	1983.65	1974.29	1978.09	29658	0	6
2023.03.23	12:00:00	1978.10	1985.07	1966.55	1984.06	36860	0	3
2023.03.23	16:00:00	1984.09	1999.76	1977.67	1999.59	44425	0	4
2023.03.23	20:00:00	1999.59	2003.33	1988.04	1993.97	31101	0	0
2023.03.24	00:00:00	1993.80	1994.80	1989.68	1990.71	15143	0	5
2023.03.24	04:00:00	1990.75	1993.55	1989.36	1990.59	16795	0	5
2023.03.24	08:00:00	1990.58	1994.94	1981.23	1994.43	29990	0	5
2023.03.24	12:00:00	1994.48	2002.96	1988.59	1989.56	54412	0	4
2023.03.24	16:00:00	1989.56	1998.37	1975.61	1979.79	53584	0	1
2023.03.24	20:00:00	1979.79	1979.91	1975.15	1978.81	15614	0	5
2023.03.27	00:00:00	1977.94	1978.62	1969.22	1973.63	10633	0	8
2023.03.27	04:00:00	1973.63	1978.74	1972.13	1973.75	17848	0	5
2023.03.27	08:00:00	1973.75	1973.93	1965.94	1968.36	24665	0	0
2023.03.27	12:00:00	1968.41	1968.70	1944.41	1945.67	31394	0	4
2023.03.27	16:00:00	1945.81	1959.43	1944.04	1955.85	37579	0	5
2023.03.27	20:00:00	1955.85	1958.22	1950.78	1956.35	15714	0	4
2023.03.28	00:00:00	1956.64	1960.77	1956.29	1959.36	6833	0	5
2023.03.28	04:00:00	1959.45	1963.99	1957.31	1957.74	14381	0	5
2023.03.28	08:00:00	1957.69	1960.83	1949.78	1950.32	24320	0	4
2023.03.28	12:00:00	1950.34	1967.39	1949.15	1965.28	25381	0	5
2023.03.28	16:00:00	1965.26	1970.03	1958.94	1969.02	35756	0	5
2023.03.28	20:00:00	1969.05	1975.32	1968.83	1973.52	16454	0	0
2023.03.29	00:00:00	1973.64	1974.28	1969.96	1970.45	6676	0	6
2023.03.29	04:00:00	1970.53	1971.90	1965.81	1966.19	14706	0	5
2023.03.29	08:00:00	1966.16	1967.65	1958.68	1964.35	21829	0	5
2023.03.29	12:00:00	1964.34	1969.17	1962.50	1964.84	23641	0	5
2023.03.29	16:00:00	1964.95	1971.75	1960.59	1965.07	33638	0	4
2023.03.29	20:00:00	1965.07	1969.30	1961.11	1964.37	11942	0	4
2023.03.30	00:00:00	1963.36	1964.90	1960.76	1961.40	6150	0	8
2023.03.30	04:00:00	1961.45	1961.97	1955.22	1960.86	13438	0	5
2023.03.30	08:00:00	1960.86	1971.51	1960.28	1967.89	23389	0	5
2023.03.30	12:00:00	1967.91	1975.28	1966.91	1970.24	22113	0	2
2023.03.30	16:00:00	1970.23	1984.37	1963.95	1983.16	36460	0	1
2023.03.30	20:00:00	1983.33	1983.49	1978.17	1980.21	13133	0	4
2023.03.31	00:00:00	1980.34	1980.46	1977.60	1979.65	6577	0	6
2023.03.31	04:00:00	1979.64	1983.60	1979.07	1980.85	14572	0	5
2023.03.31	08:00:00	1980.82	1985.06	1973.20	1975.10	20660	0	4
2023.03.31	12:00:00	1975.22	1987.63	1975.22	1979.64	24150	0	4
2023.03.31	16:00:00	1979.64	1984.13	1974.82	1977.11	37989	0	5
2023.03.31	20:00:00	1977.11	1977.25	1966.89	1969.41	18664	0	5
2023.04.03	00:00:00	1967.06	1967.31	1956.75	1962.41	11534	0	4
2023.04.03	04:00:00	1962.42	1964.51	1949.76	1952.55	20131	0	4
2023.04.03	08:00:00	1952.57	1966.45	1950.82	1965.84	21258	0	3
2023.04.03	12:00:00	1965.82	1979.94	1963.10	1978.96	24411	0	6
2023.04.03	16:00:00	1978.99	1990.54	1972.40	1986.99	42530	0	4
2023.04.03	20:00:00	1986.99	1986.99	1981.85	1984.35	14904	0	2
2023.04.04	00:00:00	1984.24	1985.50	1982.15	1982.90	5811	0	4
2023.04.04	04:00:00	1982.89	1983.59	1977.82	1979.72	13772	0	4
2023.04.04	08:00:00	1979.72	1984.29	1977.01	1980.63	20249	0	4
2023.04.04	12:00:00	1980.63	1985.71	1978.46	1983.61	20303	0	3
2023.04.04	16:00:00	1983.61	2025.00	1983.38	2020.80	54108	0	4
2023.04.04	20:00:00	2020.81	2022.42	2017.83	2020.53	16040	0	6
2023.04.05	00:00:00	2021.09	2023.55	2019.39	2019.59	7478	0	4
2023.04.05	04:00:00	2019.60	2025.34	2019.60	2023.38	12383	0	4
2023.04.05	08:00:00	2023.36	2028.34	2022.76	2024.01	19939	0	5
2023.04.05	12:00:00	2024.00	2032.26	2021.51	2031.57	30054	0	1
2023.04.05	16:00:00	2031.60	2032.08	2009.90	2021.38	57424	0	4
2023.04.05	20:00:00	2021.36	2023.32	2019.09	2020.66	17296	0	0
2023.04.06	00:00:00	2020.75	2021.40	2016.99	2017.05	7135	0	0
2023.04.06	04:00:00	2017.10	2017.18	2008.01	2013.56	19843	0	7
2023.04.06	08:00:00	2013.57	2019.62	2011.88	2017.41	25314	0	6
2023.04.06	12:00:00	2017.37	2021.00	2011.22	2012.88	26794	0	6
2023.04.06	16:00:00	2012.94	2014.94	2000.84	2011.68	43149	0	5
2023.04.06	20:00:00	2011.66	2012.57	2005.76	2007.32	15575	0	5
2023.04.10	00:00:00	1997.30	2006.29	1994.51	1998.32	9196	0	0
2023.04.10	04:00:00	1998.29	2000.68	1988.83	1992.13	16917	0	6
2023.04.10	08:00:00	1992.11	1999.42	1991.36	1997.41	13716	0	6
2023.04.10	12:00:00	1997.36	2003.06	1989.13	1989.49	19829	0	0
2023.04.10	16:00:00	1989.51	1994.42	1981.72	1989.68	36951	0	4
2023.04.10	20:00:00	1989.67	1992.89	1987.60	1991.18	12730	0	0
2023.04.11	00:00:00	1991.07	1995.41	1989.98	1993.16	6475	0	0
2023.04.11	04:00:00	1993.23	2000.06	1988.82	1999.80	17900	0	5
2023.04.11	08:00:00	1999.81	2007.44	1997.80	2004.64	22760	0	4
2023.04.11	12:00:00	2004.60	2005.41	1998.21	1998.61	24206	0	0
2023.04.11	16:00:00	1998.56	2006.65	1995.58	2006.23	37874	0	5
2023.04.11	20:00:00	2006.20	2006.78	2000.98	2003.52	14574	0	6
2023.04.12	00:00:00	2003.14	2005.55	2003.06	2005.49	5046	0	5
2023.04.12	04:00:00	2005.42	2021.13	2003.95	2020.40	20384	0	2
2023.04.12	08:00:00	2020.40	2020.82	2008.95	2009.06	22619	0	4
2023.04.12	12:00:00	2009.06	2028.35	2006.23	2022.22	29852	0	1
2023.04.12	16:00:00	2022.23	2023.84	2001.39	2007.85	56696	0	3
2023.04.12	20:00:00	2007.83	2018.11	2006.40	2014.77	25174	0	5
2023.04.13	00:00:00	2014.44	2019.79	2013.95	2017.84	8158	0	6
2023.04.13	04:00:00	2017.84	2019.49	2015.71	2018.52	17554	0	6
2023.04.13	08:00:00	2018.54	2029.23	2015.29	2026.59	24639	0	1
2023.04.13	12:00:00	2026.54	2045.86	2024.98	2045.04	30745	0	1
2023.04.13	16:00:00	2045.04	2048.67	2033.64	2040.18	49883	0	1
2023.04.13	20:00:00	2040.22	2044.17	2036.61	2040.10	18922	0	4
2023.04.14	00:00:00	2040.17	2043.66	2038.54	2041.95	6933	0	5
2023.04.14	04:00:00	2041.97	2047.47	2041.16	2043.28	20402	0	6
2023.04.14	08:00:00	2043.31	2044.41	2031.83	2035.77	25571	0	4
2023.04.14	12:00:00	2035.74	2042.23	2017.24	2024.67	36836	0	4
2023.04.14	16:00:00	2024.67	2028.11	1992.40	1999.58	64217	0	2
2023.04.14	20:00:00	1999.55	2008.01	1998.59	2004.42	22007	0	6
2023.04.17	00:00:00	1999.29	2005.03	1999.22	2002.19	9204	0	6
2023.04.17	04:00:00	2002.20	2006.26	1995.40	2004.37	20636	0	4
2023.04.17	08:00:00	2004.38	2015.05	2003.73	2009.94	28171	0	5
2023.04.17	12:00:00	2009.94	2012.14	1999.08	2000.60	27447	0	6
2023.04.17	16:00:00	2000.55	2002.22	1981.18	1991.54	47410	0	0
2023.04.17	20:00:00	1991.50	1997.16	1991.34	1995.08	15247	0	6
2023.04.18	00:00:00	1994.76	1996.16	1993.35	1995.21	5775	0	6
2023.04.18	04:00:00	1995.19	2001.78	1994.50	1998.40	17737	0	1
2023.04.18	08:00:00	1998.40	2005.19	1996.52	2003.16	21303	0	5
2023.04.18	12:00:00	2003.20	2005.92	1999.09	2001.26	24450	0	5
2023.04.18	16:00:00	2001.26	2011.82	1991.19	2007.11	45779	0	4
2023.04.18	20:00:00	2007.19	2008.26	2003.38	2005.21	14592	0	6
2023.04.19	00:00:00	2005.10	2007.48	2004.49	2007.39	5803	0	7
2023.04.19	04:00:00	2007.31	2008.20	2001.98	2003.90	16272	0	2
2023.04.19	08:00:00	2003.83	2004.32	1976.59	1980.10	34193	0	0
2023.04.19	12:00:00	1979.92	1980.51	1969.18	1980.30	36001	0	1
2023.04.19	16:00:00	1980.31	1996.48	1979.33	1996.00	45367	0	6
2023.04.19	20:00:00	1996.02	1996.83	1993.64	1994.67	17067	0	6
2023.04.20	00:00:00	1994.35	1996.69	1993.19	1995.63	7807	0	3
2023.04.20	04:00:00	1995.63	1998.74	1990.50	1992.76	19095	0	4
2023.04.20	08:00:00	1992.76	2001.23	1991.37	1996.67	26805	0	6
2023.04.20	12:00:00	1996.68	2011.44	1992.41	2006.80	32424	0	0
2023.04.20	16:00:00	2006.85	2012.39	1998.99	2005.84	44031	0	5
2023.04.20	20:00:00	2005.83	2008.41	2002.21	2004.70	16523	0	5
2023.04.21	00:00:00	2004.20	2005.53	2001.74	2004.59	7346	0	3
2023.04.21	04:00:00	2004.62	2005.26	2000.32	2000.59	15347	0	5
2023.04.21	08:00:00	2000.64	2001.10	1981.93	1988.36	32534	0	2
2023.04.21	12:00:00	1988.36	1992.48	1982.18	1988.97	27927	0	5
2023.04.21	16:00:00	1988.97	1998.02	1971.59	1977.46	53458	0	0
2023.04.21	20:00:00	1977.44	1983.63	1977.38	1982.84	15875	0	7
2023.04.24	00:00:00	1982.38	1985.35	1981.35	1983.85	7157	0	6
2023.04.24	04:00:00	1983.88	1984.64	1978.23	1979.58	22127	0	5
2023.04.24	08:00:00	1979.58	1985.29	1976.43	1985.11	28777	0	0
2023.04.24	12:00:00	1985.10	1986.94	1981.00	1983.89	24555	0	2
2023.04.24	16:00:00	1983.90	1987.73	1974.13	1986.67	42247	0	6
2023.04.24	20:00:00	1986.67	1990.79	1986.60	1989.05	14927	0	7
2023.04.25	00:00:00	1989.18	2000.95	1989.18	1996.92	8353	0	6
2023.04.25	04:00:00	1997.04	2000.64	1990.96	1991.07	21590	0	2
2023.04.25	08:00:00	1991.09	1997.30	1986.92	1988.61	29990	0	6
2023.04.25	12:00:00	1988.61	1994.49	1976.09	1992.96	34473	0	4
2023.04.25	16:00:00	1992.97	1993.68	1983.36	1990.57	44739	0	4
2023.04.25	20:00:00	1990.57	2003.85	1989.96	1997.06	26000	0	2
2023.04.26	00:00:00	1996.86	2002.47	1996.64	1997.76	10726	0	3
2023.04.26	04:00:00	1997.79	2000.78	1993.14	1995.54	21842	0	2
2023.04.26	08:00:00	1995.54	1999.34	1994.40	1997.68	26992	0	2
2023.04.26	12:00:00	1997.74	2001.74	1991.44	1997.93	33089	0	5
2023.04.26	16:00:00	1997.95	2009.43	1985.45	1986.67	57056	0	4
2023.04.26	20:00:00	1986.62	1991.66	1983.37	1989.29	24043	0	6
2023.04.27	00:00:00	1989.84	1992.21	1989.01	1991.54	7449	0	0
2023.04.27	04:00:00	1991.57	2000.90	1989.53	1999.64	20059	0	3
2023.04.27	08:00:00	1999.64	2003.23	1997.37	1998.20	26815	0	4
2023.04.27	12:00:00	1998.20	2003.34	1981.86	1985.65	32293	0	4
2023.04.27	16:00:00	1985.74	1988.91	1974.22	1984.33	52367	0	5
2023.04.27	20:00:00	1984.33	1991.08	1983.68	1987.74	20992	0	6
2023.04.28	00:00:00	1987.48	1988.04	1985.61	1985.89	8123	0	5
2023.04.28	04:00:00	1985.90	1991.57	1984.84	1987.40	28900	0	4
2023.04.28	08:00:00	1987.43	1989.64	1979.68	1983.51	38688	0	5
2023.04.28	12:00:00	1983.47	1987.62	1976.15	1984.21	32520	0	5
2023.04.28	16:00:00	1984.24	1995.04	1982.06	1991.51	55296	0	3
2023.04.28	20:00:00	1991.50	1992.84	1987.49	1989.55	21431	0	6
2023.05.01	00:00:00	1989.54	1991.80	1983.74	1983.98	8845	0	5
2023.05.01	04:00:00	1983.97	1986.36	1980.66	1984.20	12590	0	5
2023.05.01	08:00:00	1984.20	1984.21	1977.17	1977.34	14578	0	5
2023.05.01	12:00:00	1977.29	2005.34	1977.09	2004.03	25680	0	5
2023.05.01	16:00:00	2004.04	2006.00	1979.92	1981.68	43217	0	0
2023.05.01	20:00:00	1981.69	1984.00	1979.49	1982.44	19447	0	7
2023.05.02	00:00:00	1982.12	1983.69	1980.77	1982.20	6937	0	6
2023.05.02	04:00:00	1982.21	1985.25	1981.29	1982.15	16208	0	0
2023.05.02	08:00:00	1982.16	1985.74	1978.49	1981.35	23082	0	2
2023.05.02	12:00:00	1981.34	1990.19	1980.56	1985.63	25636	0	6
2023.05.02	16:00:00	1985.64	2019.41	1984.43	2015.14	65346	0	4
2023.05.02	20:00:00	2015.12	2018.37	2011.18	2016.53	26538	0	7
2023.05.03	00:00:00	2016.03	2016.91	2014.19	2016.32	5466	0	4
2023.05.03	04:00:00	2016.32	2019.58	2015.78	2015.94	11518	0	5
2023.05.03	08:00:00	2015.95	2018.75	2012.61	2015.70	20662	0	3
2023.05.03	12:00:00	2015.68	2017.49	2007.78	2013.68	26330	0	6
2023.05.03	16:00:00	2013.72	2026.84	2011.87	2024.08	48047	0	6
2023.05.03	20:00:00	2024.07	2040.37	2016.96	2038.52	50984	0	0
2023.05.04	00:00:00	2064.37	2066.81	2043.43	2054.46	16794	0	0
2023.05.04	04:00:00	2054.46	2054.91	2038.35	2044.37	26859	0	3
2023.05.04	08:00:00	2044.37	2045.43	2030.38	2034.49	33086	0	5
2023.05.04	12:00:00	2034.47	2044.96	2033.67	2036.96	37748	0	4
2023.05.04	16:00:00	2036.96	2059.59	2032.05	2050.81	80936	0	2
2023.05.04	20:00:00	2050.81	2051.05	2044.48	2050.15	41071	0	5
2023.05.05	00:00:00	2049.01	2050.08	2047.45	2048.97	6416	0	7
2023.05.05	04:00:00	2048.99	2053.00	2045.45	2048.56	17747	0	5
2023.05.05	08:00:00	2048.56	2049.65	2038.84	2039.89	27966	0	5
2023.05.05	12:00:00	2039.89	2040.26	2007.74	2010.32	33922	0	2
2023.05.05	16:00:00	2010.32	2018.75	1999.51	2017.14	62970	0	5
2023.05.05	20:00:00	2017.10	2018.89	2013.54	2016.54	22663	0	6
2023.05.08	00:00:00	2017.12	2018.64	2014.07	2018.04	7815	0	6
2023.05.08	04:00:00	2018.04	2024.62	2015.15	2023.75	19108	0	4
2023.05.08	08:00:00	2023.75	2024.71	2019.96	2022.51	19322	0	5
2023.05.08	12:00:00	2022.50	2027.01	2021.48	2026.05	22204	0	6
2023.05.08	16:00:00	2026.06	2029.42	2017.87	2027.11	41242	0	6
2023.05.08	20:00:00	2027.08	2027.90	2020.14	2021.36	18060	0	6
2023.05.09	00:00:00	2021.17	2022.41	2019.51	2020.17	6497	0	6
2023.05.09	04:00:00	2020.16	2026.82	2019.87	2025.66	15362	0	3
2023.05.09	08:00:00	2025.66	2028.76	2021.44	2025.31	22628	0	1
2023.05.09	12:00:00	2025.30	2032.84	2024.80	2026.97	24110	0	5
2023.05.09	16:00:00	2026.97	2032.67	2022.90	2031.01	39899	0	6
2023.05.09	20:00:00	2030.98	2037.62	2030.72	2034.42	18013	0	6
2023.05.10	00:00:00	2034.40	2038.24	2034.15	2036.46	6695	0	6
2023.05.10	04:00:00	2036.46	2037.08	2029.76	2030.69	14582	0	5
2023.05.10	08:00:00	2030.70	2033.05	2026.29	2028.51	22030	0	4
2023.05.10	12:00:00	2028.51	2048.18	2024.93	2045.54	28524	0	3
2023.05.10	16:00:00	2045.62	2046.72	2021.55	2027.84	59420	0	0
2023.05.10	20:00:00	2027.99	2034.21	2027.41	2030.10	24073	0	6
2023.05.11	00:00:00	2029.86	2035.42	2029.72	2035.34	6237	0	6
2023.05.11	04:00:00	2035.37	2036.37	2030.07	2031.06	17747	0	5
2023.05.11	08:00:00	2031.06	2033.18	2021.80	2022.54	28701	0	0
2023.05.11	12:00:00	2022.54	2041.29	2021.65	2037.48	38592	0	5
2023.05.11	16:00:00	2037.45	2038.08	2011.04	2015.67	60579	0	2
2023.05.11	20:00:00	2015.67	2017.70	2013.45	2014.95	19856	0	6
2023.05.12	00:00:00	2015.12	2017.51	2014.84	2015.80	6604	0	7
2023.05.12	04:00:00	2015.79	2016.31	2008.69	2011.85	21600	0	4
2023.05.12	08:00:00	2011.85	2012.64	2005.56	2006.60	24952	0	4
2023.05.12	12:00:00	2006.60	2015.84	2000.89	2014.14	24438	0	5
2023.05.12	16:00:00	2014.15	2022.59	2008.38	2013.71	46583	0	5
2023.05.12	20:00:00	2013.68	2016.43	2010.35	2010.91	15106	0	6
2023.05.15	00:00:00	2008.04	2012.03	2007.28	2011.95	6524	0	6
2023.05.15	04:00:00	2012.01	2018.84	2012.01	2014.22	18588	0	5
2023.05.15	08:00:00	2014.23	2020.94	2013.23	2017.45	24253	0	5
2023.05.15	12:00:00	2017.44	2019.28	2011.51	2017.07	21717	0	0
2023.05.15	16:00:00	2017.08	2022.21	2013.34	2020.27	33618	0	6
2023.05.15	20:00:00	2020.27	2021.42	2014.44	2016.32	13126	0	5
2023.05.16	00:00:00	2016.54	2016.60	2013.72	2015.68	4699	0	5
2023.05.16	04:00:00	2015.68	2018.32	2014.79	2016.29	12336	0	0
2023.05.16	08:00:00	2016.30	2017.66	2002.63	2010.11	24985	0	2
2023.05.16	12:00:00	2010.11	2014.90	2001.10	2012.05	24279	0	5
2023.05.16	16:00:00	2012.05	2012.42	1987.46	1987.59	46601	0	0
2023.05.16	20:00:00	1987.54	1991.22	1985.19	1988.81	17929	0	7
2023.05.17	00:00:00	1988.89	1993.00	1988.06	1992.06	4793	0	6
2023.05.17	04:00:00	1992.06	1993.04	1989.85	1991.47	15214	0	0
2023.05.17	08:00:00	1991.50	1991.78	1985.98	1986.20	21866	0	4
2023.05.17	12:00:00	1986.20	1988.90	1981.82	1984.92	22547	0	5
2023.05.17	16:00:00	1984.92	1988.06	1974.98	1983.81	40332	0	4
2023.05.17	20:00:00	1983.77	1984.56	1980.41	1981.41	14652	0	6
2023.05.18	00:00:00	1981.60	1983.70	1981.60	1983.51	4195	0	0
2023.05.18	04:00:00	1983.48	1986.01	1979.49	1979.83	14783	0	5
2023.05.18	08:00:00	1979.83	1981.57	1972.22	1975.41	21755	0	4
2023.05.18	12:00:00	1975.41	1978.95	1966.25	1967.08	23042	0	5
2023.05.18	16:00:00	1967.08	1968.27	1951.98	1955.66	43701	0	4
2023.05.18	20:00:00	1955.61	1958.96	1953.94	1957.39	14387	0	5
2023.05.19	00:00:00	1958.11	1959.74	1957.14	1957.69	5132	0	7
2023.05.19	04:00:00	1957.64	1964.21	1954.02	1962.63	16321	0	3
2023.05.19	08:00:00	1962.63	1968.69	1960.63	1964.70	20979	0	5
2023.05.19	12:00:00	1964.71	1968.29	1960.28	1960.91	23445	0	6
2023.05.19	16:00:00	1960.89	1984.18	1957.16	1978.36	53385	0	6
2023.05.19	20:00:00	1978.37	1983.27	1974.25	1977.50	17895	0	5
2023.05.22	00:00:00	1977.99	1981.49	1977.70	1981.00	6517	0	6
2023.05.22	04:00:00	1981.12	1982.40	1975.97	1976.29	16851	0	0
2023.05.22	08:00:00	1976.30	1980.82	1971.25	1980.72	20885	0	3
2023.05.22	12:00:00	1980.74	1982.59	1969.83	1975.56	24030	0	0
2023.05.22	16:00:00	1975.56	1978.75	1968.87	1974.57	38036	0	5
2023.05.22	20:00:00	1974.57	1978.97	1971.57	1971.73	13206	0	0
2023.05.23	00:00:00	1971.88	1972.52	1966.75	1967.33	5763	0	7
2023.05.23	04:00:00	1967.33	1968.57	1960.23	1963.29	17859	0	5
2023.05.23	08:00:00	1963.29	1964.59	1954.24	1959.90	25069	0	6
2023.05.23	12:00:00	1959.90	1962.68	1954.43	1958.81	22067	0	6
2023.05.23	16:00:00	1958.86	1974.68	1958.86	1973.13	44691	0	5
2023.05.23	20:00:00	1973.13	1977.78	1971.51	1974.88	17505	0	5
2023.05.24	00:00:00	1975.21	1977.34	1974.65	1975.09	4898	0	6
2023.05.24	04:00:00	1975.06	1978.69	1972.74	1977.62	15047	0	4
2023.05.24	08:00:00	1977.70	1980.60	1970.69	1976.28	23909	0	0
2023.05.24	12:00:00	1976.28	1985.29	1973.94	1979.89	23973	0	0
2023.05.24	16:00:00	1979.91	1980.88	1956.71	1959.01	45113	0	6
2023.05.24	20:00:00	1959.02	1965.28	1957.06	1957.24	19233	0	6
2023.05.25	00:00:00	1958.43	1961.82	1957.31	1959.42	7184	0	7
2023.05.25	04:00:00	1959.42	1960.13	1954.99	1957.93	16609	0	5
2023.05.25	08:00:00	1957.93	1964.77	1954.90	1962.06	20917	0	2
2023.05.25	12:00:00	1962.09	1964.02	1939.23	1943.60	28367	0	2
2023.05.25	16:00:00	1943.59	1954.08	1942.92	1943.54	44657	0	3
2023.05.25	20:00:00	1943.54	1945.03	1938.84	1940.69	14122	0	0
2023.05.26	00:00:00	1941.49	1943.12	1936.76	1940.92	6886	0	5
2023.05.26	04:00:00	1940.99	1949.00	1940.32	1947.90	15639	0	4
2023.05.26	08:00:00	1947.89	1957.30	1946.99	1952.61	21640	0	5
2023.05.26	12:00:00	1952.60	1954.22	1944.26	1947.40	22329	0	0
2023.05.26	16:00:00	1947.39	1951.82	1938.77	1944.07	42493	0	5
2023.05.26	20:00:00	1944.15	1947.56	1943.03	1946.72	11262	0	5
2023.05.29	00:00:00	1942.84	1946.10	1941.03	1941.55	5556	0	7
2023.05.29	04:00:00	1941.55	1946.21	1940.22	1945.79	11862	0	5
2023.05.29	08:00:00	1945.85	1948.90	1940.85	1945.32	13003	0	5
2023.05.29	12:00:00	1945.28	1949.71	1944.22	1948.81	10503	0	2
2023.05.29	16:00:00	1948.84	1949.60	1943.14	1943.54	10826	0	7
2023.05.29	20:00:00	1943.56	1944.06	1942.82	1943.15	1217	0	5
2023.05.30	00:00:00	1943.68	1944.21	1941.03	1942.72	6170	0	6
2023.05.30	04:00:00	1942.72	1946.66	1937.89	1938.90	16134	0	5
2023.05.30	08:00:00	1938.89	1946.96	1932.05	1944.99	26275	0	5
2023.05.30	12:00:00	1944.99	1962.32	1942.41	1956.47	29080	0	5
2023.05.30	16:00:00	1956.50	1963.55	1951.01	1959.82	36374	0	5
2023.05.30	20:00:00	1959.84	1960.83	1957.73	1959.17	10713	0	0
2023.05.31	00:00:00	1958.88	1960.07	1957.38	1959.66	4600	0	4
2023.05.31	04:00:00	1959.66	1960.53	1953.68	1960.08	15991	0	5
2023.05.31	08:00:00	1960.09	1965.39	1955.26	1955.35	26014	0	6
2023.05.31	12:00:00	1955.10	1963.54	1954.89	1962.73	19783	0	0
2023.05.31	16:00:00	1962.74	1974.79	1960.54	1965.15	48410	0	0
2023.05.31	20:00:00	1965.25	1968.79	1962.39	1962.60	20583	0	7
2023.06.01	00:00:00	1963.16	1967.46	1962.85	1965.91	5502	0	7
2023.06.01	04:00:00	1965.89	1967.50	1962.11	1963.94	16314	0	5
2023.06.01	08:00:00	1963.98	1965.79	1953.39	1955.99	20259	0	1
2023.06.01	12:00:00	1955.99	1968.47	1955.29	1968.30	27922	0	5
2023.06.01	16:00:00	1968.37	1983.10	1966.04	1978.44	46823	0	4
2023.06.01	20:00:00	1978.42	1978.76	1975.63	1977.40	13134	0	6
2023.06.02	00:00:00	1976.96	1977.53	1975.55	1975.86	4247	0	4
2023.06.02	04:00:00	1975.86	1983.48	1974.05	1979.72	14868	0	5
2023.06.02	08:00:00	1979.72	1981.94	1975.02	1979.14	18372	0	5
2023.06.02	12:00:00	1979.14	1981.22	1968.65	1970.93	23962	0	0
2023.06.02	16:00:00	1970.92	1976.65	1952.23	1952.29	46121	0	0
2023.06.02	20:00:00	1952.36	1953.83	1947.50	1947.62	15997	0	3
2023.06.05	00:00:00	1947.68	1950.14	1945.72	1946.50	8071	0	7
2023.06.05	04:00:00	1946.51	1948.38	1944.02	1946.10	21221	0	5
2023.06.05	08:00:00	1946.07	1946.65	1938.53	1942.34	23266	0	4
2023.06.05	12:00:00	1942.33	1945.99	1938.13	1942.98	20094	0	6
2023.06.05	16:00:00	1942.86	1961.95	1942.69	1958.23	39049	0	1
2023.06.05	20:00:00	1958.25	1964.03	1957.30	1961.70	14608	0	6
2023.06.06	00:00:00	1961.56	1963.14	1960.52	1961.11	4976	0	5
2023.06.06	04:00:00	1961.11	1964.64	1959.03	1961.24	14644	0	5
2023.06.06	08:00:00	1961.24	1962.82	1956.84	1960.27	23148	0	6
2023.06.06	12:00:00	1960.29	1966.38	1959.87	1961.87	20389	0	0
2023.06.06	16:00:00	1961.87	1966.40	1954.39	1963.63	33938	0	0
2023.06.06	20:00:00	1963.63	1966.10	1962.32	1963.23	11515	0	7
2023.06.07	00:00:00	1963.51	1965.11	1962.68	1964.85	4305	0	8
2023.06.07	04:00:00	1964.85	1966.68	1962.96	1964.55	12764	0	5
2023.06.07	08:00:00	1964.53	1965.08	1954.91	1961.62	17842	0	5
2023.06.07	12:00:00	1961.62	1966.38	1957.19	1958.57	19326	0	5
2023.06.07	16:00:00	1958.49	1970.18	1940.87	1942.23	45438	0	0
2023.06.07	20:00:00	1942.24	1946.57	1939.77	1939.87	16431	0	6
2023.06.08	00:00:00	1940.31	1946.30	1940.12	1946.20	5788	0	6
2023.06.08	04:00:00	1946.20	1947.34	1944.46	1946.58	13463	0	5
2023.06.08	08:00:00	1946.58	1949.13	1942.77	1948.32	19676	0	6
2023.06.08	12:00:00	1948.32	1960.06	1944.94	1959.37	23761	0	0
2023.06.08	16:00:00	1959.34	1970.50	1957.14	1966.36	44711	0	6
2023.06.08	20:00:00	1966.27	1966.69	1961.80	1965.44	13108	0	0
2023.06.09	00:00:00	1965.68	1966.35	1963.37	1963.38	4048	0	5
2023.06.09	04:00:00	1963.44	1965.75	1962.39	1963.13	11404	0	6
2023.06.09	08:00:00	1963.16	1966.05	1960.66	1962.25	16733	0	5
2023.06.09	12:00:00	1962.19	1973.10	1961.66	1962.94	20536	0	5
2023.06.09	16:00:00	1962.96	1968.14	1956.64	1961.23	37746	0	4
2023.06.09	20:00:00	1961.22	1962.87	1959.67	1960.46	11759	0	2
2023.06.12	00:00:00	1960.21	1960.54	1958.01	1958.38	6387	0	1
2023.06.12	04:00:00	1958.33	1959.58	1954.29	1957.02	16602	0	6
2023.06.12	08:00:00	1957.03	1965.43	1956.60	1964.88	21858	0	6
2023.06.12	12:00:00	1964.88	1966.97	1961.13	1962.79	20535	0	6
2023.06.12	16:00:00	1962.83	1964.05	1949.20	1954.19	38337	0	6
2023.06.12	20:00:00	1954.19	1958.74	1953.22	1957.34	14008	0	7
2023.06.13	00:00:00	1957.00	1960.97	1956.78	1957.96	3958	0	5
2023.06.13	04:00:00	1957.96	1962.22	1955.98	1960.94	12559	0	4
2023.06.13	08:00:00	1960.94	1965.40	1958.25	1964.22	18086	0	5
2023.06.13	12:00:00	1964.28	1971.13	1952.67	1961.40	26443	0	4
2023.06.13	16:00:00	1961.40	1965.97	1942.07	1945.03	48027	0	4
2023.06.13	20:00:00	1944.99	1946.68	1940.05	1943.44	17997	0	7
2023.06.14	00:00:00	1943.21	1945.64	1942.19	1944.44	4258	0	6
2023.06.14	04:00:00	1944.45	1949.52	1944.01	1948.85	10309	0	5
2023.06.14	08:00:00	1948.83	1951.53	1945.22	1949.83	16029	0	5
2023.06.14	12:00:00	1949.84	1960.27	1945.81	1957.18	22195	0	6
2023.06.14	16:00:00	1957.05	1959.31	1954.92	1955.12	30835	0	6
2023.06.14	20:00:00	1955.11	1955.79	1939.61	1941.74	40833	0	4
2023.06.15	00:00:00	1942.55	1945.27	1936.20	1939.22	6362	0	4
2023.06.15	04:00:00	1939.19	1939.26	1932.36	1934.47	18437	0	5
2023.06.15	08:00:00	1934.47	1939.76	1928.96	1931.70	24486	0	4
2023.06.15	12:00:00	1931.70	1936.78	1924.70	1933.49	29921	0	0
2023.06.15	16:00:00	1933.49	1960.21	1933.39	1959.50	47737	0	6
2023.06.15	20:00:00	1959.50	1960.26	1956.91	1957.96	16303	0	6
2023.06.16	00:00:00	1957.12	1959.38	1956.53	1956.83	4337	0	6
2023.06.16	04:00:00	1956.83	1961.97	1954.93	1955.41	14284	0	6
2023.06.16	08:00:00	1955.41	1964.03	1954.65	1963.16	22286	0	5
2023.06.16	12:00:00	1963.16	1967.93	1962.39	1962.61	22349	0	6
2023.06.16	16:00:00	1962.60	1966.05	1953.28	1955.24	44865	0	5
2023.06.16	20:00:00	1955.24	1959.76	1955.16	1957.51	13201	0	6
2023.06.19	00:00:00	1957.62	1958.65	1956.20	1956.73	4836	0	8
2023.06.19	04:00:00	1956.73	1958.30	1953.96	1956.99	12074	0	6
2023.06.19	08:00:00	1956.99	1958.76	1952.72	1956.42	14716	0	5
2023.06.19	12:00:00	1956.43	1956.59	1947.78	1952.17	14938	0	6
2023.06.19	16:00:00	1952.17	1953.51	1949.98	1950.24	16768	0	5
2023.06.19	20:00:00	1950.24	1950.66	1949.23	1950.48	1541	0	4
2023.06.20	00:00:00	1950.60	1954.06	1950.36	1951.05	5432	0	6
2023.06.20	04:00:00	1951.03	1951.80	1945.11	1949.92	14435	0	3
2023.06.20	08:00:00	1949.94	1956.79	1946.94	1953.29	20811	0	5
2023.06.20	12:00:00	1953.37	1954.56	1944.16	1944.69	22169	0	6
2023.06.20	16:00:00	1944.68	1945.19	1929.78	1937.61	46612	0	6
2023.06.20	20:00:00	1937.59	1938.65	1935.37	1936.08	15872	0	5
2023.06.21	00:00:00	1935.44	1938.83	1935.40	1936.81	5615	0	1
2023.06.21	04:00:00	1936.78	1939.45	1935.41	1935.76	13086	0	5
2023.06.21	08:00:00	1935.78	1937.36	1931.25	1934.63	19881	0	5
2023.06.21	12:00:00	1934.65	1935.87	1925.96	1929.87	25252	0	6
2023.06.21	16:00:00	1929.88	1934.66	1919.19	1933.36	40445	0	5
2023.06.21	20:00:00	1933.19	1937.60	1931.86	1932.43	13251	0	5
2023.06.22	00:00:00	1931.67	1934.82	1931.67	1932.34	4750	0	3
2023.06.22	04:00:00	1932.31	1934.28	1929.72	1929.72	7732	0	1
2023.06.22	08:00:00	1929.81	1931.51	1924.90	1927.38	18071	0	6
2023.06.22	12:00:00	1927.38	1930.98	1923.40	1923.46	25264	0	0
2023.06.22	16:00:00	1923.46	1927.40	1912.77	1915.52	40570	0	0
2023.06.22	20:00:00	1915.51	1916.80	1912.18	1913.64	15872	0	2
2023.06.23	00:00:00	1913.66	1916.07	1913.26	1915.66	4412	0	5
2023.06.23	04:00:00	1915.61	1917.24	1909.99	1916.56	11849	0	6
2023.06.23	08:00:00	1916.48	1920.08	1912.96	1917.69	22842	0	0
2023.06.23	12:00:00	1917.69	1929.72	1916.59	1928.90	23386	0	6
2023.06.23	16:00:00	1928.96	1937.47	1917.92	1918.68	42182	0	6
2023.06.23	20:00:00	1918.69	1921.67	1918.44	1920.53	13219	0	3
2023.06.26	00:00:00	1925.15	1927.00	1922.60	1926.46	6015	0	7
2023.06.26	04:00:00	1926.40	1928.54	1924.16	1925.01	13598	0	6
2023.06.26	08:00:00	1925.03	1933.33	1922.18	1931.76	19910	0	6
2023.06.26	12:00:00	1931.75	1933.36	1929.34	1931.52	23369	0	6
2023.06.26	16:00:00	1931.52	1931.70	1921.56	1923.79	45661	0	0
2023.06.26	20:00:00	1923.79	1925.29	1922.39	1923.14	15917	0	0
2023.06.27	00:00:00	1923.39	1924.77	1920.89	1922.63	5158	0	5
2023.06.27	04:00:00	1922.63	1930.40	1922.54	1928.52	15043	0	5
2023.06.27	08:00:00	1928.52	1929.73	1924.17	1925.57	22048	0	6
2023.06.27	12:00:00	1925.57	1930.44	1919.67	1926.24	25788	0	0
2023.06.27	16:00:00	1926.20	1930.69	1911.44	1914.62	58615	0	4
2023.06.27	20:00:00	1914.62	1915.94	1910.86	1913.62	18691	0	0
2023.06.28	00:00:00	1914.38	1917.14	1914.04	1916.14	4620	0	3
2023.06.28	04:00:00	1916.14	1916.82	1913.40	1915.24	13971	0	2
2023.06.28	08:00:00	1915.25	1916.79	1908.27	1909.99	18949	0	0
2023.06.28	12:00:00	1909.93	1911.96	1905.58	1906.97	23841	0	4
2023.06.28	16:00:00	1906.97	1913.26	1902.79	1912.27	54241	0	6
2023.06.28	20:00:00	1912.29	1913.39	1906.70	1907.28	16524	0	4
2023.06.29	00:00:00	1907.49	1910.69	1907.49	1909.99	5032	0	7
2023.06.29	04:00:00	1909.99	1912.83	1902.77	1905.37	16539	0	1
2023.06.29	08:00:00	1905.37	1908.09	1902.57	1906.15	23003	0	5
2023.06.29	12:00:00	1906.18	1912.14	1895.47	1896.12	32924	0	5
2023.06.29	16:00:00	1896.14	1913.13	1892.95	1910.28	63836	0	1
2023.06.29	20:00:00	1910.28	1910.80	1906.22	1908.25	16701	0	0
2023.06.30	00:00:00	1908.54	1909.24	1907.09	1908.67	5566	0	6
2023.06.30	04:00:00	1908.73	1909.69	1906.84	1908.20	13882	0	6
2023.06.30	08:00:00	1908.21	1909.95	1900.56	1901.82	21951	0	5
2023.06.30	12:00:00	1901.82	1913.85	1901.42	1910.95	30839	0	5
2023.06.30	16:00:00	1910.96	1920.59	1909.70	1920.06	59303	0	3
2023.06.30	20:00:00	1920.06	1922.80	1917.81	1919.17	20532	0	7
2023.07.03	00:00:00	1918.60	1919.55	1916.82	1917.14	5031	0	7
2023.07.03	04:00:00	1917.12	1920.19	1914.58	1920.07	15094	0	6
2023.07.03	08:00:00	1920.08	1920.71	1909.97	1912.01	22102	0	6
2023.07.03	12:00:00	1912.01	1922.06	1911.63	1921.97	21659	0	2
2023.07.03	16:00:00	1921.98	1930.98	1919.42	1921.93	48147	0	6
2023.07.03	20:00:00	1921.95	1922.16	1920.55	1921.48	5309	0	0
2023.07.04	00:00:00	1921.28	1922.11	1919.74	1921.20	3857	0	4
2023.07.04	04:00:00	1921.20	1924.51	1920.07	1924.28	12024	0	6
2023.07.04	08:00:00	1924.26	1928.81	1923.26	1928.55	15296	0	6
2023.07.04	12:00:00	1928.54	1930.75	1926.21	1926.76	14698	0	0
2023.07.04	16:00:00	1926.77	1929.57	1924.07	1924.15	11803	0	6
2023.07.04	20:00:00	1924.13	1925.97	1923.95	1925.89	2259	0	5
2023.07.05	00:00:00	1925.84	1927.13	1924.60	1926.75	4859	0	0
2023.07.05	04:00:00	1926.72	1926.84	1923.17	1925.57	12312	0	6
2023.07.05	08:00:00	1925.56	1928.11	1920.84	1926.98	21111	0	6
2023.07.05	12:00:00	1926.98	1930.16	1925.09	1929.30	22943	0	6
2023.07.05	16:00:00	1929.31	1935.05	1919.09	1921.57	56299	0	3
2023.07.05	20:00:00	1921.58	1921.58	1914.74	1915.21	20018	0	0
2023.07.06	00:00:00	1916.20	1917.83	1915.50	1917.34	4972	0	0
2023.07.06	04:00:00	1917.34	1919.75	1916.41	1917.88	13114	0	6
2023.07.06	08:00:00	1917.89	1921.48	1916.06	1918.05	19236	0	6
2023.07.06	12:00:00	1918.05	1927.59	1902.59	1906.28	43854	0	4
2023.07.06	16:00:00	1906.34	1915.03	1902.74	1909.83	61103	0	4
2023.07.06	20:00:00	1909.81	1911.93	1908.97	1910.93	12668	0	0
2023.07.07	00:00:00	1910.59	1912.44	1909.45	1910.61	4718	0	1
2023.07.07	04:00:00	1910.60	1912.32	1909.83	1912.12	10849	0	7
2023.07.07	08:00:00	1912.15	1916.50	1911.92	1915.60	18564	0	5
2023.07.07	12:00:00	1915.60	1928.27	1914.24	1918.86	38656	0	0
2023.07.07	16:00:00	1918.77	1934.97	1915.47	1926.93	67505	0	2
2023.07.07	20:00:00	1926.93	1928.13	1924.18	1925.31	14917	0	0
2023.07.10	00:00:00	1924.76	1928.06	1922.79	1924.20	7494	0	7
2023.07.10	04:00:00	1924.20	1926.94	1920.98	1921.25	14992	0	6
2023.07.10	08:00:00	1921.24	1925.72	1919.31	1925.20	19733	0	6
2023.07.10	12:00:00	1925.20	1926.24	1912.69	1913.99	26460	0	5
2023.07.10	16:00:00	1913.99	1926.00	1913.96	1925.59	46606	0	5
2023.07.10	20:00:00	1925.61	1926.85	1924.82	1925.28	14901	0	0
2023.07.11	00:00:00	1925.14	1927.20	1924.35	1926.34	5233	0	0
2023.07.11	04:00:00	1926.39	1929.46	1924.82	1929.44	19104	0	6
2023.07.11	08:00:00	1929.44	1938.39	1928.13	1936.70	31049	0	4
2023.07.11	12:00:00	1936.70	1938.47	1929.44	1932.01	27004	0	5
2023.07.11	16:00:00	1932.03	1935.51	1929.32	1932.40	43689	0	7
2023.07.11	20:00:00	1932.41	1932.61	1930.51	1932.09	14520	0	7
2023.07.12	00:00:00	1932.32	1936.22	1932.14	1935.71	7154	0	0
2023.07.12	04:00:00	1935.72	1941.01	1935.60	1938.92	19109	0	6
2023.07.12	08:00:00	1938.92	1940.23	1933.73	1934.79	20337	0	6
2023.07.12	12:00:00	1934.80	1950.06	1933.51	1943.20	25661	0	2
2023.07.12	16:00:00	1943.18	1959.48	1940.91	1959.21	77537	0	6
2023.07.12	20:00:00	1959.22	1959.70	1955.73	1957.35	19583	0	0
2023.07.13	00:00:00	1957.14	1958.91	1956.50	1957.03	6352	0	0
2023.07.13	04:00:00	1957.03	1962.25	1956.38	1957.26	20003	0	6
2023.07.13	08:00:00	1957.28	1963.37	1955.27	1960.91	28244	0	7
2023.07.13	12:00:00	1960.91	1963.65	1952.38	1957.62	36598	0	4
2023.07.13	16:00:00	1957.62	1961.89	1954.73	1958.82	64545	0	7
2023.07.13	20:00:00	1958.86	1960.85	1957.54	1960.39	18819	0	0
2023.07.14	00:00:00	1960.20	1961.85	1958.35	1959.33	6621	0	0
2023.07.14	04:00:00	1959.37	1963.78	1958.46	1960.42	19022	0	5
2023.07.14	08:00:00	1960.42	1961.30	1954.33	1956.16	23913	0	0
2023.07.14	12:00:00	1956.10	1962.75	1955.21	1957.53	25569	0	6
2023.07.14	16:00:00	1957.52	1962.03	1950.93	1959.00	64411	0	3
2023.07.14	20:00:00	1959.06	1961.09	1954.35	1955.45	16461	0	0
2023.07.17	00:00:00	1955.47	1955.48	1951.33	1954.59	6084	0	4
2023.07.17	04:00:00	1954.61	1955.96	1950.92	1953.59	12368	0	0
2023.07.17	08:00:00	1953.60	1957.50	1950.59	1955.89	21654	0	5
2023.07.17	12:00:00	1955.84	1959.85	1948.12	1948.62	28370	0	5
2023.07.17	16:00:00	1948.68	1955.63	1945.77	1954.59	42097	0	5
2023.07.17	20:00:00	1954.63	1956.38	1952.45	1954.92	12200	0	2
2023.07.18	00:00:00	1954.69	1956.79	1954.53	1955.40	4516	0	0
2023.07.18	04:00:00	1955.42	1961.09	1955.05	1959.99	16948	0	6
2023.07.18	08:00:00	1959.99	1964.16	1957.79	1961.71	24129	0	6
2023.07.18	12:00:00	1961.71	1972.21	1960.68	1968.71	37696	0	5
2023.07.18	16:00:00	1968.70	1984.36	1963.73	1977.93	68181	0	2
2023.07.18	20:00:00	1977.95	1978.88	1975.04	1978.73	15535	0	7
2023.07.19	00:00:00	1978.93	1979.13	1976.58	1978.46	6714	0	0
2023.07.19	04:00:00	1978.46	1978.54	1974.07	1974.78	18207	0	6
2023.07.19	08:00:00	1974.78	1980.93	1972.99	1977.52	26356	0	6
2023.07.19	12:00:00	1977.53	1979.51	1971.59	1977.56	25716	0	6
2023.07.19	16:00:00	1977.56	1979.91	1969.69	1977.51	46512	0	5
2023.07.19	20:00:00	1977.50	1978.96	1976.23	1976.97	15833	0	0
2023.07.20	00:00:00	1977.33	1979.30	1976.81	1979.08	5800	0	2
2023.07.20	04:00:00	1979.08	1987.43	1978.99	1984.62	19889	0	4
2023.07.20	08:00:00	1984.66	1984.75	1977.86	1981.61	25729	0	6
2023.07.20	12:00:00	1981.60	1983.24	1972.40	1973.99	28401	0	0
2023.07.20	16:00:00	1973.99	1980.18	1965.36	1967.98	55124	0	6
2023.07.20	20:00:00	1967.99	1971.53	1967.96	1969.50	15844	0	0
2023.07.21	00:00:00	1970.20	1973.42	1969.93	1972.91	5467	0	0
2023.07.21	04:00:00	1972.91	1973.80	1968.96	1969.94	15208	0	7
2023.07.21	08:00:00	1969.94	1972.18	1961.20	1961.50	26301	0	5
2023.07.21	12:00:00	1961.50	1968.11	1961.07	1963.11	27766	0	3
2023.07.21	16:00:00	1963.11	1965.43	1956.81	1963.55	45630	0	6
2023.07.21	20:00:00	1963.55	1964.86	1961.43	1961.84	10945	0	2
2023.07.24	00:00:00	1962.41	1962.80	1959.92	1961.77	5252	0	0
2023.07.24	04:00:00	1961.78	1962.66	1959.01	1960.62	14449	0	6
2023.07.24	08:00:00	1960.62	1965.69	1957.87	1959.59	23731	0	5
2023.07.24	12:00:00	1959.59	1967.88	1959.45	1967.39	23204	0	0
2023.07.24	16:00:00	1967.39	1967.59	1957.10	1959.86	48616	0	5
2023.07.24	20:00:00	1959.86	1960.69	1953.47	1954.87	13703	0	0
2023.07.25	00:00:00	1955.20	1955.67	1953.19	1955.26	4550	0	0
2023.07.25	04:00:00	1955.29	1963.60	1955.29	1960.57	15731	0	6
2023.07.25	08:00:00	1960.57	1964.14	1959.40	1962.92	20862	0	6
2023.07.25	12:00:00	1962.91	1963.69	1953.08	1959.45	23971	0	0
2023.07.25	16:00:00	1959.47	1965.69	1951.74	1962.36	38511	0	0
2023.07.25	20:00:00	1962.36	1965.25	1961.23	1964.85	11377	0	0
2023.07.26	00:00:00	1964.93	1966.18	1964.00	1964.96	5107	0	0
2023.07.26	04:00:00	1964.96	1965.63	1962.00	1963.10	13777	0	0
2023.07.26	08:00:00	1963.11	1972.49	1962.40	1972.10	20113	0	4
2023.07.26	12:00:00	1972.10	1974.18	1969.62	1972.27	20509	0	6
2023.07.26	16:00:00	1972.27	1975.10	1963.89	1970.34	44152	0	3
2023.07.26	20:00:00	1970.33	1978.32	1965.52	1972.27	47794	0	0
2023.07.27	00:00:00	1971.43	1974.68	1970.66	1972.40	5298	0	1
2023.07.27	04:00:00	1972.32	1982.17	1972.22	1976.68	17303	0	0
2023.07.27	08:00:00	1976.68	1982.23	1974.05	1975.92	24909	0	6
2023.07.27	12:00:00	1975.90	1979.17	1957.94	1960.13	36189	0	1
2023.07.27	16:00:00	1960.17	1960.41	1942.57	1944.26	61230	0	3
2023.07.27	20:00:00	1944.27	1949.73	1943.36	1945.52	26637	0	0
2023.07.28	00:00:00	1946.81	1948.04	1945.35	1946.98	8107	0	1
2023.07.28	04:00:00	1946.98	1956.81	1946.54	1951.92	37850	0	5
2023.07.28	08:00:00	1951.92	1953.57	1947.83	1949.51	33185	0	5
2023.07.28	12:00:00	1949.53	1961.24	1948.35	1955.60	30098	0	0
2023.07.28	16:00:00	1955.61	1963.56	1952.24	1961.08	40178	0	0
2023.07.28	20:00:00	1961.10	1962.43	1957.51	1959.15	11854	0	6
2023.07.31	00:00:00	1959.58	1960.47	1956.36	1958.20	6901	0	3
2023.07.31	04:00:00	1958.22	1958.57	1953.42	1954.48	17962	0	5
2023.07.31	08:00:00	1954.47	1957.15	1950.87	1953.51	18109	0	0
2023.07.31	12:00:00	1953.49	1967.05	1953.30	1965.47	23809	0	6
2023.07.31	16:00:00	1965.49	1972.39	1962.85	1970.97	42278	0	6
2023.07.31	20:00:00	1970.99	1972.03	1964.24	1965.52	15279	0	0
2023.08.01	00:00:00	1965.68	1965.98	1963.00	1963.40	4922	0	0
2023.08.01	04:00:00	1963.40	1963.99	1958.88	1959.68	16043	0	3
2023.08.01	08:00:00	1959.71	1960.23	1954.41	1955.87	20835	0	5
2023.08.01	12:00:00	1955.86	1957.75	1945.97	1946.82	27954	0	5
2023.08.01	16:00:00	1946.83	1953.92	1941.45	1943.18	53355	0	3
2023.08.01	20:00:00	1943.16	1945.59	1941.26	1944.19	14621	0	0
2023.08.02	00:00:00	1949.98	1952.91	1948.36	1949.31	11435	0	0
2023.08.02	04:00:00	1949.31	1949.91	1945.31	1946.38	15039	0	0
2023.08.02	08:00:00	1946.38	1951.91	1946.35	1949.84	20969	0	3
2023.08.02	12:00:00	1949.86	1954.84	1943.63	1945.66	29802	0	1
2023.08.02	16:00:00	1945.63	1947.66	1932.94	1935.68	50148	0	1
2023.08.02	20:00:00	1935.68	1939.12	1934.34	1934.87	10652	0	0
2023.08.03	00:00:00	1935.38	1937.04	1934.68	1935.52	4454	0	0
2023.08.03	04:00:00	1935.53	1938.88	1933.94	1934.06	13147	0	0
2023.08.03	08:00:00	1934.05	1938.45	1930.94	1937.81	23646	0	0
2023.08.03	12:00:00	1937.81	1938.43	1929.51	1932.91	36137	0	6
2023.08.03	16:00:00	1932.97	1938.77	1930.38	1935.71	54528	0	4
2023.08.03	20:00:00	1935.72	1935.88	1932.53	1933.98	12087	0	0
2023.08.04	00:00:00	1934.62	1936.91	1934.45	1936.66	4335	0	0
2023.08.04	04:00:00	1936.66	1938.03	1933.22	1934.54	12839	0	1
2023.08.04	08:00:00	1934.54	1937.47	1932.07	1932.41	14543	0	0
2023.08.04	12:00:00	1932.42	1943.02	1925.53	1939.00	34719	0	2
2023.08.04	16:00:00	1939.03	1946.95	1937.55	1941.78	53833	0	2
2023.08.04	20:00:00	1941.78	1943.19	1939.84	1942.65	11216	0	0
2023.08.07	00:00:00	1942.75	1946.72	1942.18	1944.24	5669	0	2
2023.08.07	04:00:00	1944.23	1944.29	1937.48	1938.84	11404	0	0
2023.08.07	08:00:00	1938.84	1938.97	1934.51	1936.20	15097	0	0
2023.08.07	12:00:00	1936.21	1938.26	1933.37	1938.06	17461	0	7
2023.08.07	16:00:00	1938.08	1941.68	1931.53	1934.45	23957	0	0
2023.08.07	20:00:00	1934.43	1937.69	1934.13	1936.52	10925	0	0
2023.08.08	00:00:00	1936.21	1938.06	1935.18	1935.75	5124	0	0
2023.08.08	04:00:00	1935.74	1935.74	1931.15	1934.38	14116	0	6
2023.08.08	08:00:00	1934.38	1935.15	1930.20	1935.13	18482	0	2
2023.08.08	12:00:00	1935.13	1935.66	1923.81	1925.41	28518	0	6
2023.08.08	16:00:00	1925.41	1932.08	1922.73	1925.37	38396	0	6
2023.08.08	20:00:00	1925.40	1926.63	1923.61	1925.22	12422	0	5
2023.08.09	00:00:00	1925.02	1926.57	1924.53	1925.09	3440	0	5
2023.08.09	04:00:00	1925.01	1931.08	1924.24	1930.31	12345	0	5
2023.08.09	08:00:00	1930.31	1932.34	1927.46	1928.05	13390	0	7
2023.08.09	12:00:00	1928.06	1928.35	1922.14	1924.91	20970	0	7
2023.08.09	16:00:00	1924.90	1927.61	1915.57	1916.32	42486	0	4
2023.08.09	20:00:00	1916.33	1917.97	1913.98	1914.70	12096	0	3
2023.08.10	00:00:00	1914.71	1917.45	1914.64	1916.98	4114	0	5
2023.08.10	04:00:00	1916.98	1919.13	1915.31	1916.76	9955	0	5
2023.08.10	08:00:00	1916.75	1921.25	1915.54	1919.38	14772	0	5
2023.08.10	12:00:00	1919.38	1930.14	1919.10	1926.25	33089	0	3
2023.08.10	16:00:00	1926.24	1927.22	1912.90	1920.59	56269	0	5
2023.08.10	20:00:00	1920.59	1921.02	1912.10	1912.33	20781	0	5
2023.08.11	00:00:00	1912.57	1915.14	1910.77	1914.70	4357	0	5
2023.08.11	04:00:00	1914.66	1916.00	1912.62	1913.42	9496	0	4
2023.08.11	08:00:00	1913.42	1919.40	1912.72	1918.99	15783	0	5
2023.08.11	12:00:00	1919.00	1920.95	1913.10	1916.06	24750	0	5
2023.08.11	16:00:00	1916.06	1920.87	1912.89	1914.33	39821	0	3
2023.08.11	20:00:00	1914.33	1915.53	1912.20	1913.62	12228	0	6
2023.08.14	00:00:00	1913.35	1915.14	1910.71	1911.05	5514	0	5
2023.08.14	04:00:00	1911.05	1913.61	1910.06	1912.40	12094	0	5
2023.08.14	08:00:00	1912.40	1916.24	1910.61	1914.27	17230	0	5
2023.08.14	12:00:00	1914.27	1915.00	1905.94	1910.38	21406	0	5
2023.08.14	16:00:00	1910.36	1913.24	1902.69	1911.89	42246	0	4
2023.08.14	20:00:00	1911.87	1913.13	1906.77	1907.42	12102	0	5
2023.08.15	00:00:00	1907.17	1908.04	1904.92	1907.18	4540	0	5
2023.08.15	04:00:00	1907.17	1908.27	1903.72	1906.59	14639	0	5
2023.08.15	08:00:00	1906.59	1907.52	1903.07	1904.29	20273	0	5
2023.08.15	12:00:00	1904.28	1905.89	1896.35	1903.45	32380	0	3
2023.08.15	16:00:00	1903.45	1911.65	1900.06	1903.69	58586	0	5
2023.08.15	20:00:00	1903.70	1905.55	1901.26	1901.85	18681	0	5
2023.08.16	00:00:00	1901.65	1902.51	1900.21	1902.24	4491	0	5
2023.08.16	04:00:00	1902.24	1905.32	1900.48	1903.98	11428	0	5
2023.08.16	08:00:00	1903.99	1906.55	1902.81	1905.42	16073	0	5
2023.08.16	12:00:00	1905.42	1907.22	1899.99	1900.78	19909	0	4
2023.08.16	16:00:00	1900.77	1906.49	1898.88	1899.46	38135	0	4
2023.08.16	20:00:00	1899.47	1899.70	1891.85	1891.92	25309	0	0
2023.08.17	00:00:00	1892.05	1894.96	1891.05	1892.80	6798	0	5
2023.08.17	04:00:00	1892.88	1893.99	1889.62	1893.72	13790	0	4
2023.08.17	08:00:00	1893.71	1897.65	1892.11	1894.02	16547	0	4
2023.08.17	12:00:00	1894.00	1902.51	1893.67	1899.52	30460	0	4
2023.08.17	16:00:00	1899.49	1903.49	1887.85	1888.38	47160	0	4
2023.08.17	20:00:00	1888.40	1890.15	1885.04	1889.33	17953	0	4
2023.08.18	00:00:00	1889.45	1893.92	1888.99	1893.33	5129	0	4
2023.08.18	04:00:00	1893.33	1895.18	1891.17	1892.19	14924	0	4
2023.08.18	08:00:00	1892.21	1894.12	1891.41	1892.06	18565	0	4
2023.08.18	12:00:00	1892.06	1895.56	1888.68	1890.26	20093	0	3
2023.08.18	16:00:00	1890.28	1896.91	1888.68	1889.58	38010	0	4
2023.08.18	20:00:00	1889.57	1890.43	1886.76	1889.37	13118	0	4
2023.08.21	00:00:00	1889.66	1891.18	1888.82	1889.97	4701	0	5
2023.08.21	04:00:00	1889.97	1893.78	1884.81	1892.52	17529	0	4
2023.08.21	08:00:00	1892.52	1894.11	1887.38	1888.69	18941	0	4
2023.08.21	12:00:00	1888.69	1897.66	1886.80	1897.20	26861	0	4
2023.08.21	16:00:00	1897.20	1898.78	1885.28	1892.62	43780	0	4
2023.08.21	20:00:00	1892.65	1895.42	1892.55	1894.67	12680	0	4
2023.08.22	00:00:00	1894.68	1896.02	1893.68	1895.55	3681	0	5
2023.08.22	04:00:00	1895.55	1897.36	1893.87	1894.00	12834	0	3
2023.08.22	08:00:00	1894.00	1902.30	1893.94	1900.00	19724	0	4
2023.08.22	12:00:00	1900.02	1904.53	1896.31	1897.44	23404	0	4
2023.08.22	16:00:00	1897.43	1899.13	1889.11	1897.39	41659	0	3
2023.08.22	20:00:00	1897.37	1898.41	1896.38	1897.38	9866	0	4
2023.08.23	00:00:00	1897.19	1900.37	1897.18	1899.03	3133	0	4
2023.08.23	04:00:00	1899.03	1903.38	1898.81	1903.27	12010	0	4
2023.08.23	08:00:00	1903.31	1905.54	1901.68	1903.79	20952	0	4
2023.08.23	12:00:00	1903.79	1908.68	1901.29	1903.76	23040	0	4
2023.08.23	16:00:00	1903.76	1920.38	1902.97	1919.79	56775	0	0
2023.08.23	20:00:00	1919.79	1919.88	1914.30	1915.38	14534	0	4
2023.08.24	00:00:00	1915.38	1919.33	1915.22	1918.64	4911	0	5
2023.08.24	04:00:00	1918.59	1922.33	1917.56	1921.06	14314	0	4
2023.08.24	08:00:00	1921.05	1923.02	1919.51	1920.33	19594	0	3
2023.08.24	12:00:00	1920.32	1921.01	1911.77	1915.14	24008	0	4
2023.08.24	16:00:00	1915.17	1923.40	1911.94	1918.38	46952	0	4
2023.08.24	20:00:00	1918.39	1919.67	1916.21	1916.69	13621	0	4
2023.08.25	00:00:00	1917.05	1917.30	1915.14	1915.50	3491	0	5
2023.08.25	04:00:00	1915.50	1917.57	1913.17	1913.76	10815	0	3
2023.08.25	08:00:00	1913.76	1916.18	1912.84	1915.44	14724	0	4
2023.08.25	12:00:00	1915.43	1920.31	1915.22	1917.26	16068	0	4
2023.08.25	16:00:00	1917.30	1922.45	1903.78	1910.09	72303	0	0
2023.08.25	20:00:00	1910.10	1914.90	1909.96	1914.21	15474	0	4
2023.08.28	00:00:00	1914.86	1916.67	1914.24	1915.80	4934	0	5
2023.08.28	04:00:00	1915.75	1917.43	1914.71	1915.62	11528	0	4
2023.08.28	08:00:00	1915.62	1917.81	1913.50	1914.67	12358	0	4
2023.08.28	12:00:00	1914.67	1917.35	1913.40	1917.16	14245	0	4
2023.08.28	16:00:00	1917.13	1926.07	1912.77	1920.71	33962	0	4
2023.08.28	20:00:00	1920.71	1920.85	1916.89	1920.06	11122	0	4
2023.08.29	00:00:00	1919.96	1922.10	1919.96	1921.67	2585	0	5
2023.08.29	04:00:00	1921.67	1925.81	1921.33	1923.94	9490	0	4
2023.08.29	08:00:00	1923.94	1925.62	1921.65	1922.92	13679	0	4
2023.08.29	12:00:00	1922.88	1924.52	1914.44	1917.04	23195	0	4
2023.08.29	16:00:00	1917.06	1937.72	1916.78	1936.31	63199	0	0
2023.08.29	20:00:00	1936.32	1938.20	1935.15	1937.32	14558	0	4
2023.08.30	00:00:00	1937.30	1937.73	1935.87	1936.76	3691	0	4
2023.08.30	04:00:00	1936.76	1937.55	1935.37	1936.08	10487	0	4
2023.08.30	08:00:00	1936.09	1936.96	1934.95	1936.62	14946	0	4
2023.08.30	12:00:00	1936.64	1945.81	1936.00	1945.21	30448	0	4
2023.08.30	16:00:00	1945.19	1949.07	1942.81	1944.92	49482	0	4
2023.08.30	20:00:00	1944.91	1945.65	1942.06	1942.42	10998	0	4
2023.08.31	00:00:00	1942.60	1945.55	1942.60	1945.40	4296	0	4
2023.08.31	04:00:00	1945.39	1947.75	1944.73	1945.79	9445	0	4
2023.08.31	08:00:00	1945.80	1946.34	1943.26	1944.45	13508	0	4
2023.08.31	12:00:00	1944.45	1947.91	1943.10	1945.77	23594	0	0
2023.08.31	16:00:00	1945.79	1946.38	1939.01	1941.75	30264	0	4
2023.08.31	20:00:00	1941.75	1942.15	1939.05	1940.06	11347	0	4
2023.09.01	00:00:00	1940.01	1940.30	1938.68	1939.35	3707	0	5
2023.09.01	04:00:00	1939.33	1944.09	1938.24	1940.04	11498	0	4
2023.09.01	08:00:00	1940.03	1943.77	1938.43	1943.02	13287	0	4
2023.09.01	12:00:00	1943.02	1953.02	1942.92	1949.94	30265	0	0
2023.09.01	16:00:00	1949.94	1951.51	1934.40	1938.17	69568	0	0
2023.09.01	20:00:00	1938.17	1941.60	1937.37	1939.85	10388	0	4
2023.09.04	00:00:00	1940.41	1941.73	1939.35	1940.94	3435	0	4
2023.09.04	04:00:00	1940.94	1946.08	1940.46	1945.08	10165	0	4
2023.09.04	08:00:00	1945.07	1946.28	1942.70	1943.92	11719	0	4
2023.09.04	12:00:00	1943.92	1944.25	1939.89	1940.00	8647	0	4
2023.09.04	16:00:00	1940.01	1940.26	1936.79	1938.36	10094	0	2
2023.09.04	20:00:00	1938.36	1938.90	1938.02	1938.47	717	0	4
2023.09.05	00:00:00	1938.41	1938.85	1937.01	1937.88	2748	0	4
2023.09.05	04:00:00	1937.89	1938.94	1934.96	1938.58	9784	0	4
2023.09.05	08:00:00	1938.61	1938.99	1932.27	1933.46	17467	0	3
2023.09.05	12:00:00	1933.46	1934.78	1927.96	1933.75	25911	0	3
2023.09.05	16:00:00	1933.75	1934.26	1925.36	1927.30	47122	0	3
2023.09.05	20:00:00	1927.30	1927.52	1925.43	1925.97	9933	0	4
2023.09.06	00:00:00	1926.11	1926.91	1924.50	1924.78	3632	0	4
2023.09.06	04:00:00	1924.78	1927.40	1924.17	1927.27	10845	0	4
2023.09.06	08:00:00	1927.27	1928.48	1922.58	1924.75	18922	0	4
2023.09.06	12:00:00	1924.75	1927.72	1922.82	1923.25	18058	0	3
2023.09.06	16:00:00	1923.25	1929.19	1915.31	1920.02	55245	0	3
2023.09.06	20:00:00	1920.05	1920.70	1915.91	1916.42	10479	0	4
2023.09.07	00:00:00	1917.07	1918.22	1916.31	1916.83	3527	0	4
2023.09.07	04:00:00	1916.83	1920.72	1916.67	1918.97	10708	0	4
2023.09.07	08:00:00	1918.97	1919.83	1917.15	1918.87	15237	0	4
2023.09.07	12:00:00	1918.87	1923.58	1916.25	1923.30	23262	0	4
2023.09.07	16:00:00	1923.28	1923.54	1917.24	1918.06	36297	0	4
2023.09.07	20:00:00	1918.06	1920.79	1917.50	1919.62	9688	0	4
2023.09.08	00:00:00	1919.61	1924.68	1919.37	1923.74	6112	0	4
2023.09.08	04:00:00	1923.73	1927.24	1922.88	1924.55	14600	0	4
2023.09.08	08:00:00	1924.55	1927.37	1923.41	1924.72	13861	0	4
2023.09.08	12:00:00	1924.72	1926.11	1920.40	1920.46	16948	0	4
2023.09.08	16:00:00	1920.46	1929.70	1917.35	1919.72	38258	0	4
2023.09.08	20:00:00	1919.72	1920.73	1918.12	1919.13	8479	0	4
2023.09.11	00:00:00	1920.36	1920.52	1916.47	1920.10	7687	0	4
2023.09.11	04:00:00	1920.05	1926.76	1919.10	1926.53	15317	0	4
2023.09.11	08:00:00	1926.53	1930.77	1925.39	1927.75	20477	0	4
2023.09.11	12:00:00	1927.75	1928.07	1924.24	1927.32	16221	0	4
2023.09.11	16:00:00	1927.31	1930.14	1921.41	1923.44	32932	0	4
2023.09.11	20:00:00	1923.47	1924.34	1921.48	1922.33	9130	0	4
2023.09.12	00:00:00	1922.77	1923.32	1921.22	1921.58	4074	0	4
2023.09.12	04:00:00	1921.56	1924.48	1920.35	1922.28	13312	0	4
2023.09.12	08:00:00	1922.28	1922.35	1918.64	1919.75	15742	0	4
2023.09.12	12:00:00	1919.75	1920.02	1908.49	1909.75	26112	0	1
2023.09.12	16:00:00	1909.72	1915.05	1907.59	1912.40	34159	0	4
2023.09.12	20:00:00	1912.35	1913.61	1911.79	1913.34	10059	0	4
2023.09.13	00:00:00	1913.23	1913.75	1912.46	1912.59	3737	0	4
2023.09.13	04:00:00	1912.59	1913.85	1908.21	1911.66	13648	0	4
2023.09.13	08:00:00	1911.66	1912.69	1908.24	1912.22	18237	0	4
2023.09.13	12:00:00	1912.21	1914.57	1905.51	1912.32	33146	0	0
2023.09.13	16:00:00	1912.32	1915.77	1908.90	1909.41	46503	0	2
2023.09.13	20:00:00	1909.42	1911.22	1908.13	1908.15	11912	0	4
2023.09.14	00:00:00	1908.72	1912.84	1907.51	1912.67	4793	0	4
2023.09.14	04:00:00	1912.66	1912.91	1908.87	1909.48	15482	0	4
2023.09.14	08:00:00	1909.48	1911.09	1905.21	1907.34	19130	0	4
2023.09.14	12:00:00	1907.33	1910.36	1901.10	1904.48	35965	0	4
2023.09.14	16:00:00	1904.49	1912.10	1901.02	1910.27	61521	0	3
2023.09.14	20:00:00	1910.27	1911.45	1908.13	1910.51	11537	0	4
2023.09.15	00:00:00	1910.89	1911.60	1909.71	1911.30	3959	0	5
2023.09.15	04:00:00	1911.30	1916.87	1910.48	1916.19	15401	0	4
2023.09.15	08:00:00	1916.20	1919.67	1914.94	1918.04	23050	0	4
2023.09.15	12:00:00	1918.04	1920.55	1916.07	1917.11	20020	0	4
2023.09.15	16:00:00	1917.12	1930.43	1916.93	1925.37	49443	0	4
2023.09.15	20:00:00	1925.35	1925.96	1922.36	1923.68	10688	0	4
2023.09.18	00:00:00	1923.42	1924.71	1922.52	1924.65	4086	0	5
2023.09.18	04:00:00	1924.69	1929.50	1923.36	1928.18	15793	0	4
2023.09.18	08:00:00	1928.19	1930.67	1925.12	1926.16	18125	0	4
2023.09.18	12:00:00	1926.15	1928.22	1923.57	1924.00	15558	0	4
2023.09.18	16:00:00	1924.00	1931.18	1922.83	1931.08	33260	0	4
2023.09.18	20:00:00	1931.06	1934.23	1930.99	1933.61	11685	0	4
2023.09.19	00:00:00	1933.54	1934.61	1932.67	1932.79	3492	0	5
2023.09.19	04:00:00	1932.80	1933.44	1931.33	1931.33	8260	0	4
2023.09.19	08:00:00	1931.33	1934.93	1929.84	1933.79	14456	0	4
2023.09.19	12:00:00	1933.80	1937.41	1933.65	1935.84	16598	0	4
2023.09.19	16:00:00	1935.87	1936.39	1930.83	1930.96	34082	0	4
2023.09.19	20:00:00	1930.95	1933.06	1929.75	1931.34	10409	0	4
2023.09.20	00:00:00	1931.67	1932.40	1930.32	1930.72	2827	0	4
2023.09.20	04:00:00	1930.72	1931.46	1928.51	1929.81	9672	0	4
2023.09.20	08:00:00	1929.81	1932.34	1927.95	1929.16	15675	0	4
2023.09.20	12:00:00	1929.16	1934.04	1929.15	1932.21	14554	0	4
2023.09.20	16:00:00	1932.20	1946.72	1931.94	1946.68	39732	0	4
2023.09.20	20:00:00	1946.68	1947.42	1929.06	1930.36	53767	0	2
2023.09.21	00:00:00	1930.34	1931.60	1924.60	1924.97	8483	0	4
2023.09.21	04:00:00	1924.98	1928.68	1924.20	1927.97	13642	0	4
2023.09.21	08:00:00	1927.97	1930.52	1922.88	1923.08	18251	0	4
2023.09.21	12:00:00	1923.08	1926.12	1914.11	1916.47	34796	0	3
2023.09.21	16:00:00	1916.51	1923.83	1913.90	1919.51	55512	0	4
2023.09.21	20:00:00	1919.51	1921.28	1918.66	1919.94	12605	0	4
2023.09.22	00:00:00	1919.87	1923.70	1919.58	1923.46	4127	0	6
2023.09.22	04:00:00	1923.44	1925.54	1922.06	1924.31	12960	0	4
2023.09.22	08:00:00	1924.32	1928.71	1923.71	1926.72	20917	0	2
2023.09.22	12:00:00	1926.71	1927.61	1924.16	1926.15	17007	0	4
2023.09.22	16:00:00	1926.16	1929.12	1924.89	1925.35	34125	0	4
2023.09.22	20:00:00	1925.36	1926.41	1924.34	1925.25	7392	0	4
2023.09.25	00:00:00	1925.07	1926.35	1923.18	1924.92	4815	0	4
2023.09.25	04:00:00	1924.92	1925.35	1922.66	1923.16	6940	0	4
2023.09.25	08:00:00	1923.16	1927.22	1920.86	1921.73	15354	0	4
2023.09.25	12:00:00	1921.72	1926.84	1921.63	1925.91	14939	0	4
2023.09.25	16:00:00	1925.89	1926.43	1915.11	1916.74	37284	0	2
2023.09.25	20:00:00	1916.76	1917.65	1915.20	1915.78	8488	0	4
2023.09.26	00:00:00	1916.16	1916.81	1914.45	1914.84	2815	0	4
2023.09.26	04:00:00	1914.84	1915.80	1912.93	1914.64	8249	0	4
2023.09.26	08:00:00	1914.60	1915.67	1909.73	1913.81	15460	0	4
2023.09.26	12:00:00	1913.81	1913.90	1905.22	1910.18	18487	0	4
2023.09.26	16:00:00	1910.18	1910.23	1900.79	1901.22	41813	0	2
2023.09.26	20:00:00	1901.22	1902.34	1899.12	1900.58	11519	0	4
2023.09.27	00:00:00	1900.58	1902.47	1899.79	1900.68	3377	0	5
2023.09.27	04:00:00	1900.68	1903.92	1896.53	1897.67	10663	0	4
2023.09.27	08:00:00	1897.69	1899.06	1895.11	1896.63	15222	0	4
2023.09.27	12:00:00	1896.63	1896.66	1889.64	1891.82	20734	0	3
2023.09.27	16:00:00	1891.78	1892.21	1875.45	1875.89	43861	0	4
2023.09.27	20:00:00	1875.89	1878.23	1872.55	1874.99	21663	0	4
2023.09.28	00:00:00	1876.14	1877.95	1875.77	1877.07	5753	0	4
2023.09.28	04:00:00	1877.03	1877.47	1873.54	1874.90	10430	0	4
2023.09.28	08:00:00	1874.90	1878.23	1873.63	1874.15	21860	0	4
2023.09.28	12:00:00	1874.15	1879.58	1871.88	1872.46	29414	0	2
2023.09.28	16:00:00	1872.46	1877.13	1857.66	1863.55	64316	0	3
2023.09.28	20:00:00	1863.57	1867.36	1861.01	1864.80	15412	0	4
2023.09.29	00:00:00	1865.15	1867.27	1863.64	1865.34	4878	0	4
2023.09.29	04:00:00	1865.36	1867.01	1862.90	1865.03	9271	0	4
2023.09.29	08:00:00	1865.03	1874.05	1864.48	1871.65	18801	0	4
2023.09.29	12:00:00	1871.66	1874.07	1867.55	1873.82	27601	0	4
2023.09.29	16:00:00	1873.81	1879.88	1852.26	1853.69	67874	0	0
2023.09.29	20:00:00	1853.61	1853.68	1846.33	1848.74	19007	0	2
2023.10.02	00:00:00	1846.45	1848.93	1845.11	1845.45	6217	0	2
2023.10.02	04:00:00	1845.45	1847.40	1842.36	1842.57	7684	0	2
2023.10.02	08:00:00	1842.57	1846.28	1839.18	1839.56	22455	0	2
2023.10.02	12:00:00	1839.54	1840.63	1831.10	1836.30	33555	0	4
2023.10.02	16:00:00	1836.29	1838.44	1827.14	1831.63	68180	0	2
2023.10.02	20:00:00	1831.56	1833.60	1827.48	1827.77	16141	0	2
2023.10.03	00:00:00	1828.97	1829.65	1820.38	1824.76	9998	0	2
2023.10.03	04:00:00	1824.73	1825.15	1815.25	1820.69	15223	0	4
2023.10.03	08:00:00	1820.67	1829.15	1818.21	1826.25	25207	0	4
2023.10.03	12:00:00	1826.26	1829.80	1823.67	1824.82	33264	0	3
2023.10.03	16:00:00	1824.89	1833.38	1819.30	1823.91	89967	0	2
2023.10.03	20:00:00	1823.95	1826.00	1821.91	1822.94	18507	0	2
2023.10.04	00:00:00	1823.35	1825.06	1821.88	1823.30	6605	0	2
2023.10.04	04:00:00	1823.29	1824.35	1819.63	1823.60	13940	0	4
2023.10.04	08:00:00	1823.59	1823.73	1816.72	1822.94	29713	0	4
2023.10.04	12:00:00	1822.96	1830.79	1821.10	1827.32	42356	0	4
2023.10.04	16:00:00	1827.32	1827.47	1817.13	1821.00	72284	0	2
2023.10.04	20:00:00	1820.98	1823.71	1816.58	1821.10	17033	0	2
2023.10.05	00:00:00	1821.26	1825.71	1821.26	1825.65	5721	0	2
2023.10.05	04:00:00	1825.64	1829.20	1825.63	1827.67	11641	0	2
2023.10.05	08:00:00	1827.67	1828.21	1819.73	1819.88	21004	0	4
2023.10.05	12:00:00	1819.82	1824.01	1813.01	1815.70	36468	0	4
2023.10.05	16:00:00	1815.71	1821.89	1814.13	1818.15	70037	0	4
2023.10.05	20:00:00	1818.15	1820.89	1815.89	1820.24	18692	0	2
2023.10.06	00:00:00	1820.41	1823.21	1820.24	1820.70	5136	0	2
2023.10.06	04:00:00	1820.70	1824.58	1819.71	1822.79	12464	0	2
2023.10.06	08:00:00	1822.79	1822.91	1818.61	1821.93	21512	0	2
2023.10.06	12:00:00	1821.93	1825.14	1810.47	1815.11	46815	0	2
2023.10.06	16:00:00	1815.08	1834.90	1813.92	1829.21	95506	0	3
2023.10.06	20:00:00	1829.22	1833.98	1828.81	1831.84	19493	0	2
2023.10.09	00:00:00	1847.52	1855.60	1845.44	1852.38	16223	0	4
2023.10.09	04:00:00	1852.38	1853.29	1847.33	1850.50	19812	0	4
2023.10.09	08:00:00	1850.54	1854.48	1848.07	1850.46	29478	0	4
2023.10.09	12:00:00	1850.47	1852.34	1845.01	1848.00	23146	0	4
2023.10.09	16:00:00	1847.99	1853.21	1844.23	1850.06	47669	0	4
2023.10.09	20:00:00	1850.06	1863.49	1849.97	1861.35	18914	0	4
2023.10.10	00:00:00	1861.18	1865.37	1860.35	1864.06	11129	0	4
2023.10.10	04:00:00	1864.09	1865.27	1860.83	1860.87	24020	0	4
2023.10.10	08:00:00	1860.87	1862.18	1855.18	1858.56	40746	0	3
2023.10.10	12:00:00	1858.56	1859.63	1853.00	1854.54	38134	0	4
2023.10.10	16:00:00	1854.54	1862.53	1853.10	1861.92	67342	0	4
2023.10.10	20:00:00	1861.97	1862.77	1858.10	1860.42	22893	0	4
2023.10.11	00:00:00	1859.96	1862.13	1858.88	1860.99	6381	0	4
2023.10.11	04:00:00	1860.95	1862.05	1859.44	1859.73	16162	0	4
2023.10.11	08:00:00	1859.73	1869.87	1858.61	1869.56	35894	0	4
2023.10.11	12:00:00	1869.57	1874.76	1867.33	1872.83	44379	0	4
2023.10.11	16:00:00	1872.84	1877.20	1868.17	1874.34	65784	0	4
2023.10.11	20:00:00	1874.35	1874.76	1870.81	1874.27	24515	0	4
2023.10.12	00:00:00	1874.63	1876.65	1873.90	1875.42	5414	0	4
2023.10.12	04:00:00	1875.43	1879.12	1874.47	1878.91	16138	0	4
2023.10.12	08:00:00	1878.90	1882.67	1878.40	1880.34	26719	0	4
2023.10.12	12:00:00	1880.35	1885.12	1875.30	1879.06	43221	0	4
2023.10.12	16:00:00	1879.05	1880.05	1870.68	1871.44	70479	0	4
2023.10.12	20:00:00	1871.45	1872.04	1867.91	1868.73	28880	0	4
2023.10.13	00:00:00	1869.07	1872.65	1868.94	1872.59	6231	0	4
2023.10.13	04:00:00	1872.59	1876.81	1871.37	1876.35	13823	0	4
2023.10.13	08:00:00	1876.35	1884.97	1875.71	1883.84	29849	0	4
2023.10.13	12:00:00	1883.82	1919.22	1882.44	1913.37	56331	0	2
2023.10.13	16:00:00	1913.42	1927.50	1905.57	1927.17	85282	0	4
2023.10.13	20:00:00	1927.18	1932.41	1926.84	1932.41	21673	0	4
2023.10.16	00:00:00	1925.94	1927.68	1921.11	1921.70	12867	0	4
2023.10.16	04:00:00	1921.70	1923.52	1918.07	1920.14	13696	0	4
2023.10.16	08:00:00	1920.16	1920.18	1908.20	1911.63	32813	0	4
2023.10.16	12:00:00	1911.61	1924.63	1911.24	1918.70	36527	0	2
2023.10.16	16:00:00	1918.72	1922.35	1914.42	1921.91	49380	0	4
2023.10.16	20:00:00	1921.92	1922.80	1917.86	1920.06	12971	0	4
2023.10.17	00:00:00	1919.98	1921.78	1914.32	1916.60	7259	0	4
2023.10.17	04:00:00	1916.59	1917.60	1912.41	1914.70	13772	0	4
2023.10.17	08:00:00	1914.71	1921.40	1914.24	1919.26	22288	0	4
2023.10.17	12:00:00	1919.28	1929.03	1918.89	1926.01	36653	0	4
2023.10.17	16:00:00	1926.03	1931.57	1920.89	1924.14	62921	0	3
2023.10.17	20:00:00	1924.12	1925.15	1919.16	1923.05	18293	0	4
2023.10.18	00:00:00	1923.91	1928.28	1923.28	1927.41	6086	0	4
2023.10.18	04:00:00	1927.42	1942.91	1926.91	1938.07	24033	0	4
2023.10.18	08:00:00	1938.04	1940.04	1935.12	1938.43	26880	0	4
2023.10.18	12:00:00	1938.43	1950.14	1938.33	1948.88	33893	0	3
2023.10.18	16:00:00	1948.85	1962.67	1938.29	1949.89	74437	0	2
2023.10.18	20:00:00	1949.88	1956.62	1947.36	1947.62	24168	0	4
2023.10.19	00:00:00	1947.76	1953.33	1947.28	1950.17	6935	0	4
2023.10.19	04:00:00	1950.16	1951.71	1945.25	1948.14	14917	0	4
2023.10.19	08:00:00	1948.17	1954.49	1945.49	1949.72	29761	0	4
2023.10.19	12:00:00	1949.73	1957.13	1947.89	1954.86	31628	0	4
2023.10.19	16:00:00	1954.85	1962.15	1949.78	1961.98	78743	0	2
2023.10.19	20:00:00	1961.98	1977.73	1960.85	1974.28	45189	0	4
2023.10.20	00:00:00	1973.40	1982.12	1972.40	1974.97	13316	0	5
2023.10.20	04:00:00	1974.93	1981.97	1972.04	1977.25	21497	0	4
2023.10.20	08:00:00	1977.28	1985.28	1974.10	1983.72	31322	0	4
2023.10.20	12:00:00	1983.74	1985.88	1973.26	1978.38	32695	0	4
2023.10.20	16:00:00	1978.32	1997.21	1976.56	1982.69	68356	0	4
2023.10.20	20:00:00	1982.67	1986.74	1974.28	1980.90	31083	0	4
2023.10.23	00:00:00	1968.07	1978.60	1964.38	1966.26	10539	0	4
2023.10.23	04:00:00	1966.24	1974.78	1964.43	1973.72	19526	0	4
2023.10.23	08:00:00	1973.63	1981.97	1972.74	1981.45	24442	0	4
2023.10.23	12:00:00	1981.47	1982.81	1975.25	1977.56	29150	0	4
2023.10.23	16:00:00	1977.56	1980.06	1970.11	1974.50	67351	0	4
2023.10.23	20:00:00	1974.49	1978.15	1971.15	1972.74	22897	0	4
2023.10.24	00:00:00	1973.10	1975.93	1971.35	1973.86	5177	0	4
2023.10.24	04:00:00	1973.86	1980.87	1973.86	1976.15	15426	0	4
2023.10.24	08:00:00	1976.21	1979.23	1969.94	1972.28	26437	0	4
2023.10.24	12:00:00	1972.25	1972.55	1953.49	1964.92	39021	0	4
2023.10.24	16:00:00	1964.92	1976.03	1958.92	1974.31	65102	0	4
2023.10.24	20:00:00	1974.31	1977.59	1970.82	1971.03	18147	0	4
2023.10.25	00:00:00	1970.88	1975.30	1969.92	1974.47	5913	0	4
2023.10.25	04:00:00	1974.47	1976.97	1970.85	1972.48	13995	0	4
2023.10.25	08:00:00	1972.43	1975.98	1968.31	1971.39	22405	0	4
2023.10.25	12:00:00	1971.42	1976.89	1969.47	1975.07	25479	0	4
2023.10.25	16:00:00	1975.13	1987.28	1962.96	1978.17	72909	0	4
2023.10.25	20:00:00	1978.19	1985.71	1976.55	1979.45	21888	0	4
2023.10.26	00:00:00	1980.76	1984.76	1979.92	1983.41	9877	0	5
2023.10.26	04:00:00	1983.43	1989.43	1983.23	1988.50	14128	0	4
2023.10.26	08:00:00	1988.46	1993.44	1983.95	1992.14	27802	0	4
2023.10.26	12:00:00	1992.14	1992.20	1974.69	1979.45	41433	0	4
2023.10.26	16:00:00	1979.45	1985.88	1971.63	1984.22	72362	0	4
2023.10.26	20:00:00	1984.24	1989.33	1982.35	1984.73	24666	0	4
2023.10.27	00:00:00	1984.49	1986.68	1982.87	1983.51	6280	0	5
2023.10.27	04:00:00	1983.50	1989.92	1983.23	1989.48	14271	0	4
2023.10.27	08:00:00	1989.52	1989.74	1985.51	1986.92	22875	0	4
2023.10.27	12:00:00	1986.92	1987.93	1976.97	1980.41	33887	0	4
2023.10.27	16:00:00	1980.42	1985.67	1976.78	1983.68	60543	0	4
2023.10.27	20:00:00	1983.68	2009.47	1983.03	2005.91	42119	0	4
2023.10.30	00:00:00	2004.90	2006.74	1996.90	2004.71	16901	0	5
2023.10.30	04:00:00	2004.48	2004.75	1999.50	1999.57	9624	0	4
2023.10.30	08:00:00	1999.58	2000.79	1990.96	1996.63	26067	0	4
2023.10.30	12:00:00	1996.63	2002.57	1992.62	1998.52	46935	0	4
2023.10.30	16:00:00	1998.55	2002.48	1992.02	1997.96	52024	0	4
2023.10.30	20:00:00	1997.96	1999.89	1994.73	1996.15	10257	0	4
2023.10.31	00:00:00	1995.67	1997.30	1993.98	1996.42	9614	0	4
2023.10.31	04:00:00	1996.42	1997.15	1990.58	1993.02	14690	0	4
2023.10.31	08:00:00	1993.02	1999.24	1992.40	1997.52	21163	0	4
2023.10.31	12:00:00	1997.47	2004.07	1994.58	2002.50	46198	0	4
2023.10.31	16:00:00	2002.52	2007.93	1983.30	1984.15	67198	0	4
2023.10.31	20:00:00	1984.16	1986.77	1978.88	1983.97	17395	0	4
2023.11.01	00:00:00	1983.46	1986.15	1977.97	1979.57	12334	0	5
2023.11.01	04:00:00	1979.57	1980.93	1975.11	1979.07	10787	0	4
2023.11.01	08:00:00	1979.07	1983.71	1976.49	1982.72	18678	0	4
2023.11.01	12:00:00	1982.72	1988.58	1981.09	1985.69	46874	0	4
2023.11.01	16:00:00	1985.75	1992.03	1974.50	1977.76	52994	0	4
2023.11.01	20:00:00	1977.78	1982.83	1969.88	1982.67	43273	0	4
2023.11.02	00:00:00	1983.42	1988.12	1981.18	1986.22	14279	0	5
2023.11.02	04:00:00	1986.22	1986.68	1983.33	1985.41	11377	0	4
2023.11.02	08:00:00	1985.39	1989.63	1983.65	1988.23	18338	0	4
2023.11.02	12:00:00	1988.21	1991.08	1981.99	1984.32	47587	0	4
2023.11.02	16:00:00	1984.32	1986.71	1978.84	1985.04	52302	0	5
2023.11.02	20:00:00	1985.04	1986.38	1983.71	1985.77	9752	0	5
2023.11.03	00:00:00	1985.89	1986.53	1983.17	1983.92	7711	0	5
2023.11.03	04:00:00	1983.92	1987.85	1983.71	1987.13	8770	0	5
2023.11.03	08:00:00	1987.12	1990.33	1984.51	1989.11	18942	0	5
2023.11.03	12:00:00	1989.12	2004.11	1985.83	1995.24	71204	0	3
2023.11.03	16:00:00	1995.19	1999.21	1988.63	1993.12	70633	0	5
2023.11.03	20:00:00	1993.10	1995.14	1991.56	1992.52	11182	0	5
2023.11.06	00:00:00	1992.43	1993.16	1987.00	1992.09	13679	0	5
2023.11.06	04:00:00	1992.13	1992.98	1981.91	1983.95	17522	0	5
2023.11.06	08:00:00	1983.94	1987.98	1982.30	1986.83	21816	0	5
2023.11.06	12:00:00	1986.83	1989.12	1983.42	1986.32	28592	0	0
2023.11.06	16:00:00	1986.33	1988.24	1979.95	1983.74	44327	0	6
2023.11.06	20:00:00	1983.75	1983.79	1977.42	1977.82	15389	0	4
2023.11.07	00:00:00	1977.93	1978.34	1974.77	1975.85	10205	0	5
2023.11.07	04:00:00	1975.85	1976.17	1971.03	1973.73	12982	0	5
2023.11.07	08:00:00	1973.71	1973.96	1964.20	1966.35	24330	0	6
2023.11.07	12:00:00	1966.35	1968.05	1956.71	1966.53	41209	0	6
2023.11.07	16:00:00	1966.54	1967.30	1960.15	1963.97	52728	0	6
2023.11.07	20:00:00	1963.99	1969.84	1963.71	1969.03	18759	0	5
2023.11.08	00:00:00	1968.67	1970.01	1967.48	1968.68	10389	0	5
2023.11.08	04:00:00	1968.71	1971.04	1965.00	1965.59	12417	0	5
2023.11.08	08:00:00	1965.59	1969.17	1965.13	1965.51	22096	0	5
2023.11.08	12:00:00	1965.50	1966.71	1959.56	1964.87	30895	0	5
2023.11.08	16:00:00	1964.85	1966.39	1950.97	1953.75	57401	0	5
2023.11.08	20:00:00	1953.74	1954.75	1947.44	1950.20	20259	0	5
2023.11.09	00:00:00	1949.95	1954.60	1948.91	1953.39	10546	0	5
2023.11.09	04:00:00	1953.42	1953.42	1947.70	1950.17	14978	0	5
2023.11.09	08:00:00	1950.17	1950.51	1944.51	1946.86	21011	0	5
2023.11.09	12:00:00	1946.87	1951.39	1944.84	1950.49	31083	0	5
2023.11.09	16:00:00	1950.50	1964.91	1948.59	1961.91	57804	0	5
2023.11.09	20:00:00	1961.92	1965.64	1956.17	1958.41	38666	0	5
2023.11.10	00:00:00	1958.42	1960.81	1957.89	1959.11	11710	0	5
2023.11.10	04:00:00	1959.10	1960.49	1956.37	1957.30	12874	0	5
2023.11.10	08:00:00	1957.28	1958.24	1953.55	1953.95	20813	0	5
2023.11.10	12:00:00	1953.95	1954.40	1943.11	1946.13	36284	0	5
2023.11.10	16:00:00	1946.15	1947.65	1936.55	1936.78	59800	0	5
2023.11.10	20:00:00	1936.77	1938.80	1933.06	1938.62	18000	0	5
2023.11.13	00:00:00	1938.42	1941.96	1933.73	1940.35	12498	0	5
2023.11.13	04:00:00	1940.35	1941.31	1934.06	1939.18	16031	0	5
2023.11.13	08:00:00	1939.20	1941.25	1935.96	1938.23	21325	0	5
2023.11.13	12:00:00	1938.22	1939.71	1934.00	1936.01	21579	0	5
2023.11.13	16:00:00	1936.01	1949.22	1931.60	1945.76	44529	0	5
2023.11.13	20:00:00	1945.76	1948.08	1944.75	1946.10	11048	0	5
2023.11.14	00:00:00	1946.10	1948.39	1945.39	1945.67	5812	0	5
2023.11.14	04:00:00	1945.67	1946.68	1943.76	1944.42	8113	0	5
2023.11.14	08:00:00	1944.42	1948.02	1944.15	1947.20	12573	0	5
2023.11.14	12:00:00	1947.23	1959.19	1944.24	1954.36	35565	0	5
2023.11.14	16:00:00	1954.39	1970.87	1953.57	1962.18	65256	0	6
2023.11.14	20:00:00	1962.17	1964.44	1961.61	1963.16	11562	0	5
2023.11.15	00:00:00	1962.79	1963.94	1961.52	1962.61	9769	0	5
2023.11.15	04:00:00	1962.62	1967.94	1962.46	1966.90	13103	0	5
2023.11.15	08:00:00	1966.92	1972.57	1966.76	1971.48	23595	0	6
2023.11.15	12:00:00	1971.49	1975.34	1963.43	1965.51	34501	0	5
2023.11.15	16:00:00	1965.52	1966.67	1955.37	1961.38	50222	0	5
2023.11.15	20:00:00	1961.39	1962.19	1958.80	1959.19	11679	0	5
2023.11.16	00:00:00	1960.04	1961.34	1957.59	1958.34	8157	0	5
2023.11.16	04:00:00	1958.30	1963.84	1956.41	1962.88	11466	0	5
2023.11.16	08:00:00	1962.86	1968.54	1962.76	1966.20	16399	0	5
2023.11.16	12:00:00	1966.16	1972.94	1962.05	1972.06	25580	0	5
2023.11.16	16:00:00	1972.07	1987.91	1971.48	1983.31	59133	0	6
2023.11.16	20:00:00	1983.37	1985.18	1980.54	1981.10	12112	0	5
2023.11.17	00:00:00	1980.89	1986.92	1980.64	1983.42	8794	0	5
2023.11.17	04:00:00	1983.35	1987.01	1983.17	1984.37	12511	0	5
2023.11.17	08:00:00	1984.37	1992.36	1982.65	1991.25	19611	0	6
2023.11.17	12:00:00	1991.27	1993.36	1983.53	1984.73	30714	0	6
2023.11.17	16:00:00	1984.74	1986.67	1978.53	1981.05	49774	0	6
2023.11.17	20:00:00	1981.07	1982.73	1978.99	1980.56	11276	0	5
2023.11.20	00:00:00	1978.11	1983.02	1973.27	1981.08	15503	0	5
2023.11.20	04:00:00	1981.06	1985.15	1979.57	1980.61	21876	0	5
2023.11.20	08:00:00	1980.61	1981.84	1975.84	1979.32	25869	0	6
2023.11.20	12:00:00	1979.32	1979.48	1965.59	1968.21	29996	0	6
2023.11.20	16:00:00	1968.21	1976.26	1965.40	1973.79	38038	0	6
2023.11.20	20:00:00	1973.77	1978.92	1973.44	1977.65	16884	0	5
2023.11.21	00:00:00	1977.92	1990.38	1977.80	1990.05	16266	0	5
2023.11.21	04:00:00	1990.05	1994.24	1988.70	1991.67	20389	0	6
2023.11.21	08:00:00	1991.68	1994.30	1984.28	1985.35	26944	0	6
2023.11.21	12:00:00	1985.37	2000.35	1985.31	1997.54	31534	0	5
2023.11.21	16:00:00	1997.59	2007.53	1997.23	2001.45	49153	0	6
2023.11.21	20:00:00	2001.43	2001.82	1996.19	1998.26	20419	0	5
2023.11.22	00:00:00	1998.61	1999.80	1995.77	1996.17	11547	0	5
2023.11.22	04:00:00	1996.15	2000.29	1995.47	1998.82	15924	0	5
2023.11.22	08:00:00	1998.84	2006.43	1998.19	2002.10	30177	0	7
2023.11.22	12:00:00	2002.10	2003.36	1996.74	1999.09	30054	0	6
2023.11.22	16:00:00	1999.09	2002.38	1988.63	1991.56	48364	0	6
2023.11.22	20:00:00	1991.57	1992.62	1986.86	1989.81	8636	0	5
2023.11.23	00:00:00	1989.20	1993.94	1989.18	1993.48	5425	0	5
2023.11.23	04:00:00	1993.46	1998.19	1993.04	1996.24	7165	0	5
2023.11.23	08:00:00	1996.26	1998.52	1992.13	1994.33	11269	0	1
2023.11.23	12:00:00	1994.29	1994.79	1991.90	1992.72	7448	0	1
2023.11.23	16:00:00	1992.72	1994.85	1989.82	1992.75	7576	0	0
2023.11.23	20:00:00	1992.81	1993.01	1991.80	1992.78	1083	0	1
2023.11.24	00:00:00	1992.95	1994.91	1991.45	1992.79	5425	0	0
2023.11.24	04:00:00	1992.81	1994.74	1991.45	1994.19	8626	0	0
2023.11.24	08:00:00	1994.18	1994.90	1991.98	1994.54	9488	0	0
2023.11.24	12:00:00	1994.54	2001.94	1994.35	1999.58	11589	0	0
2023.11.24	16:00:00	1999.58	2003.58	1997.11	2000.99	17721	0	2
2023.11.24	20:00:00	2000.94	2002.76	1999.82	2002.33	1204	0	0
2023.11.27	00:00:00	2002.12	2018.12	2000.38	2011.97	10726	0	0
2023.11.27	04:00:00	2011.98	2013.72	2007.41	2010.61	11862	0	6
2023.11.27	08:00:00	2010.61	2015.48	2008.69	2013.31	12982	0	6
2023.11.27	12:00:00	2013.39	2016.38	2009.73	2011.30	14773	0	6
2023.11.27	16:00:00	2011.30	2014.94	2005.69	2009.94	21190	0	6
2023.11.27	20:00:00	2009.94	2014.60	2009.46	2014.18	7754	0	5
2023.11.28	00:00:00	2013.84	2018.05	2012.41	2015.38	7254	0	4
2023.11.28	04:00:00	2015.38	2017.65	2014.09	2015.16	8539	0	4
2023.11.28	08:00:00	2015.15	2016.81	2012.04	2015.93	11643	0	6
2023.11.28	12:00:00	2015.95	2021.47	2011.49	2021.40	12688	0	4
2023.11.28	16:00:00	2021.46	2042.98	2020.60	2040.66	26329	0	6
2023.11.28	20:00:00	2040.70	2042.50	2038.17	2041.07	9872	0	5
2023.11.29	00:00:00	2041.36	2051.99	2040.84	2048.83	10136	0	4
2023.11.29	04:00:00	2048.76	2049.00	2042.98	2045.91	12132	0	6
2023.11.29	08:00:00	2045.92	2046.23	2035.42	2038.40	16402	0	6
2023.11.29	12:00:00	2038.40	2042.94	2036.69	2039.08	17266	0	6
2023.11.29	16:00:00	2039.06	2046.88	2037.09	2044.99	25345	0	6
2023.11.29	20:00:00	2044.99	2049.53	2042.76	2044.12	10253	0	5
2023.11.30	00:00:00	2044.56	2046.77	2043.09	2043.28	6477	0	4
2023.11.30	04:00:00	2043.30	2047.25	2041.41	2041.79	10763	0	5
2023.11.30	08:00:00	2041.69	2046.91	2038.78	2039.87	16410	0	5
2023.11.30	12:00:00	2039.92	2044.19	2033.98	2036.87	19509	0	5
2023.11.30	16:00:00	2036.90	2041.32	2031.01	2036.98	24816	0	5
2023.11.30	20:00:00	2036.97	2038.70	2033.60	2036.09	7646	0	4
2023.12.01	00:00:00	2036.83	2043.37	2036.60	2041.64	4131	0	4
2023.12.01	04:00:00	2041.64	2042.76	2038.64	2040.99	5862	0	5
2023.12.01	08:00:00	2040.97	2049.84	2039.25	2046.35	9635	0	5
2023.12.01	12:00:00	2046.38	2047.22	2033.91	2037.74	12490	0	5
2023.12.01	16:00:00	2037.65	2067.68	2035.19	2067.28	22274	0	5
2023.12.01	20:00:00	2067.27	2075.36	2065.62	2071.63	10648	0	4
2023.12.04	00:00:00	2072.60	2144.77	2071.53	2087.73	14356	0	0
2023.12.04	04:00:00	2087.73	2090.41	2081.67	2085.99	8783	0	4
2023.12.04	08:00:00	2085.99	2087.90	2057.72	2071.03	14854	0	5
2023.12.04	12:00:00	2071.12	2071.83	2055.95	2057.63	13030	0	5
2023.12.04	16:00:00	2057.69	2057.99	2020.13	2025.93	25098	0	5
2023.12.04	20:00:00	2025.98	2032.25	2022.10	2028.89	9120	0	5
2023.12.05	00:00:00	2030.21	2041.17	2028.37	2035.60	6636	0	3
2023.12.05	04:00:00	2035.55	2038.31	2030.31	2032.17	7811	0	4
2023.12.05	08:00:00	2032.14	2039.56	2028.56	2028.94	13189	0	5
2023.12.05	12:00:00	2028.94	2030.77	2021.55	2029.48	16285	0	5
2023.12.05	16:00:00	2029.49	2030.07	2009.80	2017.19	23915	0	5
2023.12.05	20:00:00	2017.19	2020.92	2016.65	2019.36	7078	0	4
2023.12.06	00:00:00	2019.91	2022.65	2017.21	2020.75	4687	0	4
2023.12.06	04:00:00	2020.75	2025.42	2019.76	2024.83	8059	0	4
2023.12.06	08:00:00	2024.84	2035.86	2020.18	2021.19	11884	0	5
2023.12.06	12:00:00	2021.20	2031.83	2020.19	2030.14	12977	0	5
2023.12.06	16:00:00	2030.16	2033.05	2022.63	2029.54	19771	0	5
2023.12.06	20:00:00	2029.48	2031.25	2024.40	2025.26	7120	0	4
2023.12.07	00:00:00	2026.30	2029.55	2025.14	2026.13	4239	0	4
2023.12.07	04:00:00	2026.13	2029.98	2025.23	2026.78	7228	0	4
2023.12.07	08:00:00	2026.78	2034.86	2026.31	2034.05	11090	0	5
2023.12.07	12:00:00	2034.07	2039.94	2029.56	2037.16	12526	0	5
2023.12.07	16:00:00	2037.15	2037.48	2020.18	2028.78	20709	0	5
2023.12.07	20:00:00	2028.86	2031.97	2027.67	2028.54	8247	0	4
2023.12.08	00:00:00	2028.51	2033.09	2026.87	2032.15	6208	0	4
2023.12.08	04:00:00	2032.27	2033.98	2029.32	2030.00	5506	0	4
2023.12.08	08:00:00	2030.01	2031.40	2026.44	2028.61	10232	0	5
2023.12.08	12:00:00	2028.60	2032.38	2014.41	2018.56	14275	0	4
2023.12.08	16:00:00	2018.57	2019.32	1994.58	1997.16	23655	0	5
2023.12.08	20:00:00	1997.16	2004.95	1996.34	2004.04	8240	0	4
2023.12.11	00:00:00	2005.36	2007.71	2001.69	2002.09	6013	0	4
2023.12.11	04:00:00	2002.09	2002.77	1994.70	1998.85	8213	0	4
2023.12.11	08:00:00	1998.85	2000.45	1991.35	1993.40	10984	0	5
2023.12.11	12:00:00	1993.41	1996.71	1990.14	1993.68	11268	0	4
2023.12.11	16:00:00	1993.98	1994.38	1976.12	1976.71	16402	0	4
2023.12.11	20:00:00	1976.71	1983.08	1975.78	1981.69	7723	0	4
2023.12.12	00:00:00	1982.00	1989.37	1981.74	1983.23	4586	0	4
2023.12.12	04:00:00	1983.23	1987.86	1981.93	1987.55	5273	0	4
2023.12.12	08:00:00	1987.52	1989.06	1982.69	1985.85	6879	0	4
2023.12.12	12:00:00	1985.84	1996.68	1982.63	1984.47	11350	0	4
2023.12.12	16:00:00	1984.44	1989.81	1977.21	1977.70	16362	0	4
2023.12.12	20:00:00	1977.69	1981.04	1977.44	1979.30	6512	0	4
2023.12.13	00:00:00	1980.10	1982.76	1979.71	1980.12	3171	0	4
2023.12.13	04:00:00	1980.07	1980.36	1977.58	1978.71	3951	0	4
2023.12.13	08:00:00	1978.71	1982.63	1973.00	1982.41	8515	0	4
2023.12.13	12:00:00	1982.52	1986.79	1979.68	1984.43	9846	0	5
2023.12.13	16:00:00	1984.43	1986.10	1978.46	1982.08	12786	0	4
2023.12.13	20:00:00	1982.08	2027.79	1979.68	2027.23	18631	0	4
2023.12.14	00:00:00	2025.48	2039.26	2024.35	2032.41	9490	0	4
2023.12.14	04:00:00	2032.45	2035.92	2030.03	2035.26	8404	0	4
2023.12.14	08:00:00	2035.26	2040.35	2029.24	2036.63	13571	0	5
2023.12.14	12:00:00	2036.63	2039.19	2027.55	2037.24	14661	0	5
2023.12.14	16:00:00	2037.23	2047.90	2034.69	2036.15	19280	0	5
2023.12.14	20:00:00	2036.05	2036.68	2029.16	2036.20	9679	0	5
2023.12.15	00:00:00	2036.28	2038.61	2031.24	2032.15	5720	0	0
2023.12.15	04:00:00	2032.14	2037.46	2031.77	2035.25	6540	0	4
2023.12.15	08:00:00	2035.25	2044.16	2034.27	2042.62	10566	0	5
2023.12.15	12:00:00	2042.62	2044.95	2026.83	2031.53	97412	0	4
2023.12.15	16:00:00	2031.53	2038.53	2031.23	2032.74	143592	0	16
2023.12.15	20:00:00	2032.71	2033.85	2015.48	2019.02	76177	0	4
2023.12.18	00:00:00	2019.56	2023.49	2015.86	2019.29	22125	0	4
2023.12.18	04:00:00	2019.27	2024.65	2018.96	2023.10	17521	0	4
2023.12.18	08:00:00	2023.09	2027.37	2021.43	2022.92	66122	0	11
2023.12.18	12:00:00	2022.90	2026.25	2018.67	2025.95	62542	0	4
2023.12.18	16:00:00	2025.96	2033.62	2020.22	2033.41	74962	0	4
2023.12.18	20:00:00	2033.41	2033.77	2024.91	2027.21	36730	0	4
2023.12.19	00:00:00	2027.32	2029.42	2025.55	2026.04	11356	0	4
2023.12.19	04:00:00	2026.04	2026.51	2021.62	2023.96	24405	0	4
2023.12.19	08:00:00	2023.94	2028.54	2022.83	2026.26	62366	0	8
2023.12.19	12:00:00	2026.25	2032.68	2024.14	2029.98	67956	0	16
2023.12.19	16:00:00	2029.99	2047.03	2028.83	2040.25	104851	0	4
2023.12.19	20:00:00	2040.27	2040.96	2036.57	2040.13	37460	0	4
2023.12.20	00:00:00	2040.05	2041.71	2037.56	2038.12	13774	0	4
2023.12.20	04:00:00	2038.12	2041.44	2036.59	2041.21	12811	0	4
2023.12.20	08:00:00	2041.23	2043.56	2039.50	2039.99	53297	0	16
2023.12.20	12:00:00	2039.89	2040.41	2029.46	2036.48	75367	0	16
2023.12.20	16:00:00	2036.48	2039.92	2030.38	2034.58	102203	0	4
2023.12.20	20:00:00	2034.57	2037.24	2027.27	2031.31	53564	0	4
2023.12.21	00:00:00	2032.05	2036.01	2031.39	2035.44	12089	0	4
2023.12.21	04:00:00	2035.42	2038.23	2034.79	2036.12	16903	0	4
2023.12.21	08:00:00	2036.12	2037.37	2033.79	2035.39	47166	0	8
2023.12.21	12:00:00	2035.39	2046.12	2032.01	2041.42	82177	0	16
2023.12.21	16:00:00	2041.44	2046.12	2036.50	2040.99	129265	0	16
2023.12.21	20:00:00	2040.97	2045.98	2037.42	2045.78	44542	0	4
2023.12.22	00:00:00	2045.87	2055.09	2045.87	2048.67	24909	0	4
2023.12.22	04:00:00	2048.69	2051.31	2047.07	2048.28	20347	0	4
2023.12.22	08:00:00	2048.28	2054.65	2046.94	2053.36	50713	0	7
2023.12.22	12:00:00	2053.32	2069.36	2053.31	2067.13	111773	0	16
2023.12.22	16:00:00	2067.14	2070.70	2051.01	2055.35	132732	0	16
2023.12.22	20:00:00	2055.37	2058.16	2051.61	2052.75	43481	0	4
2023.12.26	00:00:00	2053.23	2064.10	2052.97	2063.38	15698	0	5
2023.12.26	04:00:00	2063.36	2065.23	2061.27	2062.67	15753	0	4
2023.12.26	08:00:00	2062.69	2065.12	2060.50	2061.89	31190	0	4
2023.12.26	12:00:00	2061.89	2064.21	2058.63	2058.63	37392	0	16
2023.12.26	16:00:00	2058.62	2061.99	2054.41	2057.70	64033	0	4
2023.12.26	20:00:00	2057.72	2069.05	2057.19	2067.44	38524	0	4
2023.12.27	00:00:00	2068.19	2068.62	2063.81	2066.65	13799	0	4
2023.12.27	04:00:00	2066.65	2067.18	2063.95	2064.63	14688	0	4
2023.12.27	08:00:00	2064.65	2069.34	2064.33	2068.18	45227	0	16
2023.12.27	12:00:00	2068.28	2070.36	2061.32	2068.25	69158	0	16
2023.12.27	16:00:00	2068.26	2082.58	2066.48	2081.84	99228	0	16
2023.12.27	20:00:00	2081.83	2084.51	2075.78	2077.49	43828	0	4
2023.12.28	00:00:00	2077.46	2087.83	2077.20	2086.99	16774	0	4
2023.12.28	04:00:00	2087.01	2088.51	2084.52	2085.77	22108	0	4
2023.12.28	08:00:00	2085.68	2087.64	2072.62	2076.88	67798	0	16
2023.12.28	12:00:00	2076.88	2079.38	2071.21	2073.07	69809	0	16
2023.12.28	16:00:00	2073.08	2081.22	2071.96	2074.77	101941	0	16
2023.12.28	20:00:00	2074.78	2075.55	2064.37	2065.25	50399	0	18
2023.12.29	00:00:00	2066.27	2071.39	2065.64	2070.70	15709	0	4
2023.12.29	04:00:00	2070.71	2072.38	2067.59	2072.12	17497	0	4
2023.12.29	08:00:00	2072.32	2074.87	2065.24	2065.66	49161	0	5
2023.12.29	12:00:00	2065.66	2068.44	2058.07	2059.21	62725	0	16
2023.12.29	16:00:00	2059.21	2068.22	2058.84	2066.57	102691	0	16
2023.12.29	20:00:00	2066.52	2067.89	2061.01	2063.03	48591	0	5
2024.01.02	00:00:00	2062.91	2069.97	2062.17	2066.53	18912	0	4
2024.01.02	04:00:00	2066.50	2074.95	2063.89	2074.34	22480	0	4
2024.01.02	08:00:00	2074.36	2078.99	2071.70	2077.14	71079	0	16
2024.01.02	12:00:00	2077.14	2077.87	2064.76	2066.37	93918	0	16
2024.01.02	16:00:00	2066.38	2070.79	2055.82	2062.63	136133	0	16
2024.01.02	20:00:00	2062.66	2065.02	2057.83	2058.91	34277	0	4
2024.01.03	00:00:00	2059.16	2062.61	2058.63	2062.42	14406	0	4
2024.01.03	04:00:00	2062.40	2066.05	2061.47	2064.05	16811	0	4
2024.01.03	08:00:00	2064.05	2065.46	2054.20	2056.80	64243	0	7
2024.01.03	12:00:00	2056.81	2057.25	2038.60	2041.00	105775	0	16
2024.01.03	16:00:00	2041.01	2048.80	2030.49	2033.33	164409	0	16
2024.01.03	20:00:00	2033.23	2042.43	2030.49	2041.27	76272	0	5
2024.01.04	00:00:00	2041.88	2043.95	2039.98	2042.18	13651	0	0
2024.01.04	04:00:00	2042.16	2046.92	2042.16	2043.64	20761	0	4
2024.01.04	08:00:00	2043.61	2051.04	2043.50	2048.00	74017	0	16
2024.01.04	12:00:00	2047.88	2050.82	2038.68	2040.10	77958	0	16
2024.01.04	16:00:00	2040.09	2047.73	2036.10	2043.23	109673	0	16
2024.01.04	20:00:00	2043.24	2044.92	2041.40	2043.28	28127	0	4
2024.01.05	00:00:00	2043.81	2048.31	2042.77	2046.08	15181	0	4
2024.01.05	04:00:00	2046.10	2047.86	2043.01	2044.44	15327	0	4
2024.01.05	08:00:00	2044.44	2047.06	2038.32	2038.97	61835	0	16
2024.01.05	12:00:00	2039.00	2042.02	2024.34	2040.07	109517	0	16
2024.01.05	16:00:00	2040.03	2064.07	2038.64	2042.05	221333	0	16
2024.01.05	20:00:00	2042.04	2050.42	2040.39	2045.30	56161	0	4
2024.01.08	00:00:00	2044.65	2046.55	2042.74	2043.71	14053	0	4
2024.01.08	04:00:00	2043.71	2043.84	2026.89	2030.74	32925	0	4
2024.01.08	08:00:00	2030.70	2033.31	2026.40	2028.98	81176	0	16
2024.01.08	12:00:00	2028.98	2029.59	2016.61	2019.05	101481	0	16
2024.01.08	16:00:00	2019.05	2036.95	2018.38	2027.59	123841	0	16
2024.01.08	20:00:00	2027.56	2029.91	2026.01	2028.18	33350	0	4
2024.01.09	00:00:00	2028.22	2035.71	2027.85	2032.19	17607	0	4
2024.01.09	04:00:00	2032.16	2035.82	2030.17	2032.78	23510	0	4
2024.01.09	08:00:00	2032.76	2038.34	2031.06	2035.43	73471	0	16
2024.01.09	12:00:00	2035.43	2042.09	2031.55	2038.55	85211	0	16
2024.01.09	16:00:00	2038.75	2040.23	2025.95	2027.74	130650	0	15
2024.01.09	20:00:00	2027.74	2031.21	2026.69	2030.21	46332	0	4
2024.01.10	00:00:00	2030.36	2032.55	2027.12	2031.75	14951	0	4
2024.01.10	04:00:00	2031.75	2032.91	2025.50	2026.61	21751	0	4
2024.01.10	08:00:00	2026.70	2036.21	2023.72	2035.69	80650	0	16
2024.01.10	12:00:00	2035.67	2040.37	2029.89	2030.27	81889	0	16
2024.01.10	16:00:00	2030.27	2033.50	2022.10	2024.00	129553	0	16
2024.01.10	20:00:00	2023.97	2025.10	2020.31	2024.32	70899	0	5
2024.01.11	00:00:00	2024.06	2030.42	2023.92	2029.75	14895	0	4
2024.01.11	04:00:00	2029.75	2034.67	2028.67	2032.94	22469	0	4
2024.01.11	08:00:00	2032.94	2035.75	2030.06	2031.18	61858	0	16
2024.01.11	12:00:00	2031.18	2045.80	2025.13	2029.46	117935	0	10
2024.01.11	16:00:00	2029.44	2034.91	2013.16	2014.45	240785	0	16
2024.01.11	20:00:00	2014.42	2029.66	2013.72	2028.54	80602	0	18
2024.01.12	00:00:00	2029.20	2035.68	2028.73	2033.82	23537	0	5
2024.01.12	04:00:00	2033.85	2037.21	2032.71	2036.00	18132	0	4
2024.01.12	08:00:00	2035.98	2040.15	2034.04	2038.08	76004	0	15
2024.01.12	12:00:00	2038.08	2056.71	2037.92	2056.02	155704	0	16
2024.01.12	16:00:00	2056.03	2062.33	2041.29	2043.99	228875	0	16
2024.01.12	20:00:00	2043.99	2049.26	2042.87	2048.81	60431	0	4
2024.01.15	00:00:00	2047.90	2051.45	2045.68	2051.07	19760	0	0
2024.01.15	04:00:00	2050.97	2058.09	2049.70	2054.97	27742	0	4
2024.01.15	08:00:00	2054.97	2058.66	2052.80	2054.99	68313	0	7
2024.01.15	12:00:00	2055.00	2055.23	2051.27	2054.11	64569	0	16
2024.01.15	16:00:00	2054.12	2056.41	2049.15	2055.34	62692	0	5
2024.01.15	20:00:00	2055.33	2055.53	2053.49	2054.60	5008	0	5
2024.01.16	00:00:00	2054.62	2055.59	2049.81	2050.80	19809	0	3
2024.01.16	04:00:00	2050.79	2051.65	2047.41	2048.52	21040	0	5
2024.01.16	08:00:00	2048.42	2050.99	2038.62	2041.21	82623	0	5
2024.01.16	12:00:00	2041.21	2045.22	2031.22	2037.64	112370	0	11
2024.01.16	16:00:00	2037.63	2042.69	2024.88	2025.25	174453	0	7
2024.01.16	20:00:00	2025.25	2030.22	2024.19	2028.22	48808	0	5
2024.01.17	00:00:00	2028.29	2030.75	2025.56	2030.21	18702	0	0
2024.01.17	04:00:00	2030.19	2033.00	2019.35	2020.52	33972	0	20
2024.01.17	08:00:00	2020.62	2026.70	2017.49	2024.00	96568	0	16
2024.01.17	12:00:00	2023.97	2029.08	2019.05	2022.49	128215	0	10
2024.01.17	16:00:00	2022.49	2023.14	2003.28	2006.93	207988	0	5
2024.01.17	20:00:00	2006.94	2007.26	2001.68	2006.11	71919	0	5
2024.01.18	00:00:00	2005.62	2012.01	2005.62	2011.57	17240	0	2
2024.01.18	04:00:00	2011.57	2011.86	2005.65	2009.08	22114	0	5
2024.01.18	08:00:00	2009.08	2014.17	2008.03	2010.13	79541	0	11
2024.01.18	12:00:00	2010.13	2017.34	2007.29	2009.14	101634	0	10
2024.01.18	16:00:00	2008.93	2017.82	2008.93	2016.34	151221	0	11
2024.01.18	20:00:00	2016.24	2023.31	2015.45	2022.93	58600	0	5
2024.01.19	00:00:00	2024.39	2025.55	2021.01	2023.99	19460	0	1
2024.01.19	04:00:00	2023.97	2025.07	2020.26	2021.60	16256	0	5
2024.01.19	08:00:00	2021.70	2030.95	2020.73	2029.75	74135	0	16
2024.01.19	12:00:00	2029.86	2039.50	2028.65	2035.27	91518	0	16
2024.01.19	16:00:00	2035.27	2035.81	2022.94	2028.93	165597	0	16
2024.01.19	20:00:00	2028.94	2030.03	2026.28	2029.33	43996	0	5
2024.01.22	00:00:00	2029.70	2032.19	2025.36	2029.06	16971	0	5
2024.01.22	04:00:00	2029.07	2030.05	2021.68	2023.23	23572	0	5
2024.01.22	08:00:00	2023.23	2026.26	2019.00	2021.69	87187	0	16
2024.01.22	12:00:00	2021.68	2030.27	2020.94	2023.26	102791	0	6
2024.01.22	16:00:00	2023.26	2026.64	2016.42	2021.52	145403	0	16
2024.01.22	20:00:00	2021.51	2021.99	2018.96	2021.62	47965	0	5
2024.01.23	00:00:00	2021.96	2023.18	2019.51	2021.59	11534	0	5
2024.01.23	04:00:00	2021.70	2031.76	2020.72	2030.77	29506	0	5
2024.01.23	08:00:00	2030.73	2037.98	2026.94	2028.60	100156	0	16
2024.01.23	12:00:00	2028.60	2030.28	2022.36	2024.81	104042	0	16
2024.01.23	16:00:00	2024.81	2027.83	2021.31	2024.26	140055	0	16
2024.01.23	20:00:00	2024.25	2030.78	2022.87	2029.23	50750	0	5
2024.01.24	00:00:00	2029.02	2029.61	2026.27	2027.18	12886	0	5
2024.01.24	04:00:00	2027.18	2027.51	2022.69	2024.43	18933	0	5
2024.01.24	08:00:00	2024.53	2034.21	2023.59	2030.77	100521	0	16
2024.01.24	12:00:00	2030.76	2036.78	2029.21	2033.87	127003	0	15
2024.01.24	16:00:00	2033.87	2034.81	2011.72	2019.35	211261	0	16
2024.01.24	20:00:00	2019.24	2019.86	2011.06	2013.50	72644	0	5
2024.01.25	00:00:00	2014.30	2017.69	2013.90	2016.35	16634	0	0
2024.01.25	04:00:00	2016.37	2017.02	2014.47	2015.52	14490	0	5
2024.01.25	08:00:00	2015.56	2018.29	2012.55	2017.95	76130	0	8
2024.01.25	12:00:00	2017.85	2023.03	2009.47	2019.25	125281	0	16
2024.01.25	16:00:00	2019.25	2025.44	2012.35	2014.93	164215	0	16
2024.01.25	20:00:00	2014.94	2020.90	2013.32	2020.70	46876	0	5
2024.01.26	00:00:00	2020.26	2024.26	2019.21	2021.82	15868	0	5
2024.01.26	04:00:00	2021.83	2023.96	2020.92	2022.91	13496	0	5
2024.01.26	08:00:00	2022.91	2023.45	2018.17	2020.79	62673	0	8
2024.01.26	12:00:00	2020.80	2026.75	2018.60	2024.55	97850	0	16
2024.01.26	16:00:00	2024.55	2026.18	2015.81	2016.61	128135	0	5
2024.01.26	20:00:00	2016.59	2019.33	2015.92	2018.49	35050	0	5
2024.01.29	00:00:00	2024.05	2028.48	2019.18	2023.13	25907	0	5
2024.01.29	04:00:00	2023.16	2027.63	2021.41	2025.43	17862	0	5
2024.01.29	08:00:00	2025.43	2033.94	2024.74	2028.22	54420	0	9
2024.01.29	12:00:00	2028.22	2037.46	2025.37	2036.95	58942	0	15
2024.01.29	16:00:00	2036.94	2037.33	2020.43	2029.30	85769	0	16
2024.01.29	20:00:00	2029.29	2035.25	2024.93	2032.70	45779	0	5
2024.01.30	00:00:00	2032.92	2034.13	2029.15	2031.03	12906	0	5
2024.01.30	04:00:00	2031.03	2033.36	2029.67	2032.11	13188	0	5
2024.01.30	08:00:00	2032.13	2040.48	2031.97	2035.70	70398	0	16
2024.01.30	12:00:00	2035.70	2038.04	2030.78	2037.69	83684	0	16
2024.01.30	16:00:00	2037.70	2048.64	2028.96	2033.86	188077	0	16
2024.01.30	20:00:00	2033.85	2037.09	2031.36	2036.87	44738	0	5
2024.01.31	00:00:00	2036.95	2038.71	2034.37	2034.68	11047	0	5
2024.01.31	04:00:00	2034.66	2035.21	2032.73	2035.02	13154	0	5
2024.01.31	08:00:00	2035.12	2040.50	2033.54	2038.18	66682	0	7
2024.01.31	12:00:00	2038.18	2043.29	2035.92	2041.80	89613	0	5
2024.01.31	16:00:00	2041.80	2056.07	2040.62	2049.71	194488	0	16
2024.01.31	20:00:00	2049.70	2050.84	2030.79	2039.20	192885	0	5
2024.02.01	00:00:00	2038.97	2042.72	2038.84	2041.31	14915	0	3
2024.02.01	04:00:00	2041.27	2049.66	2041.15	2044.48	21849	0	20
2024.02.01	08:00:00	2044.59	2044.93	2038.92	2040.94	77256	0	16
2024.02.01	12:00:00	2040.94	2042.08	2029.93	2039.93	142847	0	13
2024.02.01	16:00:00	2039.93	2065.54	2039.80	2054.55	249196	0	16
2024.02.01	20:00:00	2054.52	2058.80	2052.01	2054.98	86251	0	5
2024.02.02	00:00:00	2054.88	2056.99	2052.77	2054.69	11295	0	5
2024.02.02	04:00:00	2054.69	2056.61	2051.80	2055.47	14417	0	5
2024.02.02	08:00:00	2055.50	2056.97	2052.57	2053.13	46818	0	5
2024.02.02	12:00:00	2053.03	2057.73	2029.35	2031.77	99738	0	5
2024.02.02	16:00:00	2031.78	2037.61	2027.73	2035.20	165051	0	15
2024.02.02	20:00:00	2035.19	2039.77	2034.29	2039.57	45725	0	5
2024.02.05	00:00:00	2040.01	2042.29	2033.48	2037.97	24381	0	5
2024.02.05	04:00:00	2037.94	2038.73	2028.81	2029.72	27079	0	7
2024.02.05	08:00:00	2029.73	2031.55	2020.54	2022.65	75759	0	16
2024.02.05	12:00:00	2022.65	2028.45	2014.82	2016.07	85041	0	16
2024.02.05	16:00:00	2016.08	2026.53	2014.76	2025.52	140749	0	16
2024.02.05	20:00:00	2025.52	2027.59	2023.88	2025.03	44995	0	5
2024.02.06	00:00:00	2024.76	2028.67	2023.59	2027.17	9669	0	3
2024.02.06	04:00:00	2027.20	2029.86	2023.34	2029.36	19177	0	20
2024.02.06	08:00:00	2029.36	2029.67	2022.77	2023.55	50022	0	16
2024.02.06	12:00:00	2023.55	2031.00	2022.84	2029.13	40507	0	16
2024.02.06	16:00:00	2029.12	2038.96	2026.79	2036.88	52442	0	16
2024.02.06	20:00:00	2036.80	2038.26	2033.70	2035.86	20157	0	5
2024.02.07	00:00:00	2036.04	2036.36	2034.20	2035.00	5720	0	5
2024.02.07	04:00:00	2034.98	2035.61	2033.15	2033.24	8424	0	5
2024.02.07	08:00:00	2033.39	2036.24	2031.11	2034.35	25986	0	16
2024.02.07	12:00:00	2034.35	2036.72	2030.50	2036.24	32030	0	16
2024.02.07	16:00:00	2036.24	2044.64	2032.66	2035.66	52680	0	16
2024.02.07	20:00:00	2035.58	2037.22	2033.53	2035.00	17504	0	5
2024.02.08	00:00:00	2035.64	2038.19	2034.62	2037.24	5712	0	5
2024.02.08	04:00:00	2037.24	2038.70	2031.01	2033.43	12441	0	20
2024.02.08	08:00:00	2033.45	2036.07	2028.80	2035.43	25566	0	7
2024.02.08	12:00:00	2035.22	2038.52	2020.81	2021.20	41184	0	16
2024.02.08	16:00:00	2021.01	2034.03	2020.08	2031.69	48176	0	16
2024.02.08	20:00:00	2031.67	2035.44	2031.02	2034.33	18493	0	5
2024.02.09	00:00:00	2034.61	2035.11	2031.91	2034.21	5526	0	5
2024.02.09	04:00:00	2034.21	2035.18	2032.00	2032.78	6948	0	5
2024.02.09	08:00:00	2032.82	2035.02	2030.40	2031.62	22928	0	8
2024.02.09	12:00:00	2031.62	2037.28	2025.47	2027.13	36128	0	16
2024.02.09	16:00:00	2027.10	2030.58	2020.20	2024.55	48356	0	16
2024.02.09	20:00:00	2024.52	2026.39	2022.68	2024.26	18239	0	5
2024.02.12	00:00:00	2024.15	2026.89	2023.37	2023.52	5781	0	5
2024.02.12	04:00:00	2023.49	2024.20	2021.70	2023.78	7793	0	5
2024.02.12	08:00:00	2023.75	2027.33	2020.30	2020.86	25492	0	8
2024.02.12	12:00:00	2020.83	2027.59	2018.45	2018.95	33676	0	16
2024.02.12	16:00:00	2018.97	2020.38	2011.75	2019.52	45018	0	16
2024.02.12	20:00:00	2019.22	2021.65	2017.67	2019.94	21728	0	5
2024.02.13	00:00:00	2019.73	2021.19	2018.16	2020.25	4720	0	5
2024.02.13	04:00:00	2020.29	2021.70	2016.79	2020.61	8668	0	5
2024.02.13	08:00:00	2020.72	2026.94	2020.58	2026.58	25513	0	16
2024.02.13	12:00:00	2026.57	2031.91	2002.94	2004.46	38939	0	16
2024.02.13	16:00:00	2004.45	2005.98	1989.97	1993.64	55127	0	16
2024.02.13	20:00:00	1993.63	1995.82	1991.10	1992.95	20511	0	5
2024.02.14	00:00:00	1993.44	1993.53	1988.75	1992.80	7034	0	5
2024.02.14	04:00:00	1992.82	1993.55	1991.09	1992.91	6964	0	5
2024.02.14	08:00:00	1992.86	1993.16	1985.92	1991.23	28879	0	7
2024.02.14	12:00:00	1991.22	1993.38	1988.58	1989.19	34699	0	16
2024.02.14	16:00:00	1989.21	1995.35	1984.03	1994.21	48783	0	16
2024.02.14	20:00:00	1994.22	1996.12	1989.50	1992.10	19456	0	5
2024.02.15	00:00:00	1992.32	1994.37	1992.18	1992.50	5273	0	5
2024.02.15	04:00:00	1992.47	1993.57	1990.09	1991.88	6734	0	5
2024.02.15	08:00:00	1991.78	1996.85	1991.52	1996.36	21268	0	16
2024.02.15	12:00:00	1996.25	2004.21	1995.57	2003.69	34884	0	16
2024.02.15	16:00:00	2003.71	2008.38	1998.41	2003.54	51396	0	16
2024.02.15	20:00:00	2003.53	2006.52	2002.68	2004.25	19080	0	5
2024.02.16	00:00:00	2004.12	2005.69	2002.28	2005.48	4845	0	5
2024.02.16	04:00:00	2005.48	2005.59	2003.17	2004.41	6412	0	5
2024.02.16	08:00:00	2004.43	2006.52	2002.58	2005.03	19757	0	7
2024.02.16	12:00:00	2005.02	2008.18	1995.19	2001.32	31238	0	16
2024.02.16	16:00:00	2001.53	2014.50	1995.24	2013.23	50787	0	11
2024.02.16	20:00:00	2013.23	2015.24	2010.96	2013.18	21118	0	5
2024.02.19	00:00:00	2014.69	2020.81	2011.38	2019.76	12918	0	7
2024.02.19	04:00:00	2019.86	2022.92	2018.14	2020.67	12801	0	5
2024.02.19	08:00:00	2020.68	2023.04	2019.01	2020.13	22432	0	16
2024.02.19	12:00:00	2020.14	2020.66	2015.87	2016.81	24224	0	16
2024.02.19	16:00:00	2016.81	2018.59	2013.15	2017.33	24091	0	5
2024.02.19	20:00:00	2017.31	2018.54	2016.79	2017.91	3219	0	5
2024.02.20	00:00:00	2018.09	2019.17	2014.87	2016.90	7318	0	5
2024.02.20	04:00:00	2016.90	2019.76	2016.75	2018.46	8465	0	5
2024.02.20	08:00:00	2018.42	2025.22	2017.62	2024.14	28437	0	16
2024.02.20	12:00:00	2024.15	2030.87	2023.41	2029.92	36837	0	16
2024.02.20	16:00:00	2029.93	2030.94	2025.39	2028.67	35331	0	16
2024.02.20	20:00:00	2028.65	2028.97	2023.46	2024.23	14482	0	5
2024.02.21	00:00:00	2024.11	2026.12	2022.81	2025.34	5665	0	5
2024.02.21	04:00:00	2025.33	2032.27	2025.23	2030.99	14279	0	5
2024.02.21	08:00:00	2031.02	2031.20	2025.83	2028.17	25651	0	7
2024.02.21	12:00:00	2028.16	2031.62	2027.27	2028.81	28290	0	16
2024.02.21	16:00:00	2028.80	2030.40	2021.37	2024.19	39773	0	16
2024.02.21	20:00:00	2024.21	2027.08	2020.05	2025.97	27480	0	5
2024.02.22	00:00:00	2025.61	2028.55	2024.97	2026.96	6676	0	4
2024.02.22	04:00:00	2026.96	2030.05	2025.35	2028.39	10821	0	5
2024.02.22	08:00:00	2028.40	2034.86	2028.20	2030.28	30612	0	16
2024.02.22	12:00:00	2030.18	2031.30	2022.85	2025.70	33690	0	16
2024.02.22	16:00:00	2025.74	2026.64	2019.62	2022.91	48739	0	16
2024.02.22	20:00:00	2022.95	2025.04	2019.48	2024.27	18415	0	5
2024.02.23	00:00:00	2024.37	2027.27	2022.65	2026.90	7564	0	5
2024.02.23	04:00:00	2026.81	2027.35	2022.06	2022.36	8884	0	5
2024.02.23	08:00:00	2022.32	2022.68	2015.92	2016.83	29446	0	15
2024.02.23	12:00:00	2016.74	2029.26	2016.45	2025.41	36147	0	16
2024.02.23	16:00:00	2025.31	2039.87	2024.03	2037.96	46825	0	16
2024.02.23	20:00:00	2037.97	2041.39	2034.93	2035.52	22077	0	6
2024.02.26	00:00:00	2034.32	2035.00	2029.81	2031.31	10135	0	5
2024.02.26	04:00:00	2031.29	2034.35	2030.48	2033.02	9027	0	5
2024.02.26	08:00:00	2033.00	2037.10	2031.78	2032.95	27696	0	16
2024.02.26	12:00:00	2032.94	2035.50	2030.64	2032.61	33412	0	5
2024.02.26	16:00:00	2032.69	2032.99	2024.94	2028.58	37684	0	5
2024.02.26	20:00:00	2028.68	2033.69	2028.04	2031.16	19009	0	5
2024.02.27	00:00:00	2031.45	2033.79	2030.50	2033.59	5407	0	5
2024.02.27	04:00:00	2033.61	2034.60	2032.27	2033.57	7616	0	5
2024.02.27	08:00:00	2033.61	2039.51	2033.12	2036.50	25480	0	16
2024.02.27	12:00:00	2036.61	2039.20	2034.51	2035.54	32229	0	16
2024.02.27	16:00:00	2035.54	2037.77	2029.62	2032.23	39954	0	16
2024.02.27	20:00:00	2032.26	2036.15	2028.63	2030.38	19631	0	5
2024.02.28	00:00:00	2030.71	2033.79	2029.07	2033.41	6489	0	5
2024.02.28	04:00:00	2033.41	2033.66	2029.66	2030.93	9507	0	5
2024.02.28	08:00:00	2030.90	2032.12	2024.76	2024.90	25416	0	16
2024.02.28	12:00:00	2024.87	2036.15	2024.38	2035.91	33935	0	16
2024.02.28	16:00:00	2035.72	2037.94	2030.30	2033.75	37721	0	5
2024.02.28	20:00:00	2033.75	2035.29	2030.71	2034.37	16840	0	5
2024.02.29	00:00:00	2034.37	2036.57	2033.78	2036.42	5442	0	3
2024.02.29	04:00:00	2036.41	2037.12	2034.24	2035.58	8978	0	5
2024.02.29	08:00:00	2035.56	2037.94	2033.93	2034.56	23776	0	5
2024.02.29	12:00:00	2034.46	2048.75	2027.97	2047.52	39044	0	16
2024.02.29	16:00:00	2047.51	2050.78	2043.18	2045.76	49307	0	16
2024.02.29	20:00:00	2045.74	2046.95	2042.68	2044.12	19659	0	5
2024.03.01	00:00:00	2043.77	2044.77	2042.68	2044.27	5848	0	5
2024.03.01	04:00:00	2044.27	2046.87	2043.31	2045.00	8084	0	5
2024.03.01	08:00:00	2045.03	2048.86	2038.92	2046.30	30078	0	16
2024.03.01	12:00:00	2046.31	2057.51	2045.82	2051.61	40105	0	16
2024.03.01	16:00:00	2051.61	2085.75	2045.54	2084.72	56379	0	12
2024.03.01	20:00:00	2084.71	2088.38	2082.17	2083.26	23653	0	5
2024.03.04	00:00:00	2082.51	2086.23	2079.37	2080.10	12831	0	5
2024.03.04	04:00:00	2080.12	2083.48	2079.83	2081.58	10009	0	5
2024.03.04	08:00:00	2081.45	2088.34	2081.01	2085.08	25245	0	13
2024.03.04	12:00:00	2085.25	2093.27	2081.07	2091.53	25997	0	12
2024.03.04	16:00:00	2091.57	2119.94	2090.40	2116.53	51472	0	12
2024.03.04	20:00:00	2116.53	2118.58	2113.25	2114.27	18626	0	5
2024.03.05	00:00:00	2114.59	2116.86	2110.43	2112.65	10857	0	5
2024.03.05	04:00:00	2112.71	2119.77	2111.15	2119.18	14599	0	5
2024.03.05	08:00:00	2119.17	2125.35	2113.88	2124.47	30306	0	13
2024.03.05	12:00:00	2124.42	2141.81	2121.10	2127.66	40095	0	12
2024.03.05	16:00:00	2127.67	2139.63	2123.58	2130.85	54851	0	12
2024.03.05	20:00:00	2130.84	2134.78	2126.97	2127.84	23280	0	5
2024.03.06	00:00:00	2128.00	2128.50	2125.04	2125.42	9757	0	5
2024.03.06	04:00:00	2125.41	2128.01	2123.59	2125.22	11708	0	5
2024.03.06	08:00:00	2125.24	2131.56	2124.25	2128.72	24510	0	13
2024.03.06	12:00:00	2128.71	2139.71	2124.59	2139.34	32443	0	12
2024.03.06	16:00:00	2139.36	2150.10	2132.13	2144.69	53144	0	12
2024.03.06	20:00:00	2144.68	2152.27	2139.38	2148.03	26937	0	5
2024.03.07	00:00:00	2148.94	2151.47	2144.20	2146.27	14521	0	0
2024.03.07	04:00:00	2146.28	2161.61	2145.58	2154.41	23476	0	6
2024.03.07	08:00:00	2154.54	2159.86	2151.63	2157.76	31842	0	13
2024.03.07	12:00:00	2157.75	2164.76	2153.23	2159.62	35827	0	12
2024.03.07	16:00:00	2159.46	2159.70	2147.98	2158.28	43818	0	12
2024.03.07	20:00:00	2158.29	2160.94	2155.99	2159.93	15565	0	5
2024.03.08	00:00:00	2159.28	2163.59	2157.67	2157.89	10355	0	5
2024.03.08	04:00:00	2157.84	2159.19	2153.96	2157.66	13637	0	5
2024.03.08	08:00:00	2157.64	2171.16	2156.35	2169.00	30239	0	13
2024.03.08	12:00:00	2169.01	2185.48	2156.09	2171.18	36532	0	5
2024.03.08	16:00:00	2171.19	2195.22	2163.80	2184.94	58297	0	12
2024.03.08	20:00:00	2185.00	2185.04	2168.24	2178.55	25721	0	5
2024.03.11	00:00:00	2181.21	2189.03	2177.09	2180.30	17245	0	5
2024.03.11	04:00:00	2180.31	2181.70	2176.79	2177.93	14356	0	5
2024.03.11	08:00:00	2177.95	2183.17	2175.91	2180.59	27136	0	13
2024.03.11	12:00:00	2180.57	2185.16	2174.72	2181.82	35114	0	12
2024.03.11	16:00:00	2181.85	2185.77	2175.49	2179.56	39439	0	5
2024.03.11	20:00:00	2179.61	2184.20	2177.12	2182.65	13163	0	5
2024.03.12	00:00:00	2182.17	2184.76	2179.93	2182.71	12357	0	5
2024.03.12	04:00:00	2182.70	2182.93	2174.28	2176.21	15209	0	5
2024.03.12	08:00:00	2176.22	2179.13	2173.56	2176.98	22627	0	5
2024.03.12	12:00:00	2176.98	2182.01	2156.21	2160.36	20157	0	5
2024.03.12	16:00:00	2160.49	2166.45	2152.61	2154.95	17632	0	5
2024.03.12	20:00:00	2154.97	2158.97	2150.50	2158.13	6485	0	5
2024.03.13	00:00:00	2158.00	2161.39	2155.72	2158.50	7364	0	5
2024.03.13	04:00:00	2158.55	2161.55	2157.24	2160.06	6214	0	5
2024.03.13	08:00:00	2160.06	2161.45	2157.55	2158.50	9731	0	5
2024.03.13	12:00:00	2158.50	2171.58	2158.10	2166.10	14979	0	5
2024.03.13	16:00:00	2166.07	2179.85	2163.58	2174.53	18325	0	5
2024.03.13	20:00:00	2174.53	2176.54	2171.75	2174.32	5827	0	5
2024.03.14	00:00:00	2174.54	2176.97	2173.04	2174.71	6093	0	5
2024.03.14	04:00:00	2174.71	2175.40	2168.61	2168.81	6859	0	5
2024.03.14	08:00:00	2168.86	2172.02	2167.42	2170.00	9400	0	5
2024.03.14	12:00:00	2169.98	2170.86	2158.53	2162.45	17614	0	5
2024.03.14	16:00:00	2162.54	2164.94	2152.75	2160.24	18128	0	5
2024.03.14	20:00:00	2160.20	2163.87	2160.18	2162.19	4661	0	5
2024.03.15	00:00:00	2162.32	2165.95	2160.57	2162.57	5456	0	5
2024.03.15	04:00:00	2162.57	2169.18	2161.57	2169.06	6296	0	5
2024.03.15	08:00:00	2169.15	2172.71	2165.30	2171.85	10809	0	5
2024.03.15	12:00:00	2171.85	2172.66	2156.51	2159.91	15395	0	5
2024.03.15	16:00:00	2160.04	2166.58	2155.17	2156.79	16795	0	5
2024.03.15	20:00:00	2156.79	2160.25	2155.35	2155.82	4471	0	5
2024.03.18	00:00:00	2153.03	2157.44	2150.13	2152.27	7747	0	5
2024.03.18	04:00:00	2152.27	2153.42	2146.08	2146.97	6821	0	5
2024.03.18	08:00:00	2146.97	2155.89	2146.67	2154.78	9351	0	5
2024.03.18	12:00:00	2154.78	2163.58	2154.54	2156.74	13972	0	5
2024.03.18	16:00:00	2156.69	2161.35	2154.58	2159.96	13465	0	5
2024.03.18	20:00:00	2159.86	2160.98	2159.14	2160.26	3599	0	5
2024.03.19	00:00:00	2160.11	2162.77	2158.58	2160.48	5398	0	5
2024.03.19	04:00:00	2160.48	2162.77	2157.07	2157.64	8213	0	5
2024.03.19	08:00:00	2157.60	2157.80	2147.14	2153.21	13381	0	5
2024.03.19	12:00:00	2153.21	2158.67	2150.42	2151.17	15158	0	5
2024.03.19	16:00:00	2151.25	2157.35	2148.42	2156.91	14025	0	5
2024.03.19	20:00:00	2156.91	2158.47	2155.48	2157.48	3700	0	5
2024.03.20	00:00:00	2157.70	2160.03	2155.12	2158.64	4690	0	5
2024.03.20	04:00:00	2158.64	2160.21	2156.57	2157.44	5313	0	5
2024.03.20	08:00:00	2157.42	2159.52	2153.17	2154.74	8611	0	5
2024.03.20	12:00:00	2154.74	2158.67	2149.61	2157.91	12725	0	5
2024.03.20	16:00:00	2157.95	2164.86	2154.68	2156.97	14002	0	5
2024.03.20	20:00:00	2161.74	2188.77	2158.86	2186.24	18883	0	5
2024.03.21	00:00:00	2187.18	2222.65	2186.60	2204.78	17601	0	5
2024.03.21	04:00:00	2204.78	2206.33	2201.75	2204.90	9164	0	5
2024.03.21	08:00:00	2204.87	2210.17	2196.88	2205.43	16767	0	5
2024.03.21	12:00:00	2205.43	2211.72	2191.59	2191.81	20099	0	5
2024.03.21	16:00:00	2191.22	2191.92	2166.43	2180.86	22919	0	5
2024.03.21	20:00:00	2180.86	2183.97	2180.35	2181.25	4834	0	5
2024.03.22	00:00:00	2181.51	2186.03	2172.70	2173.48	8535	0	5
2024.03.22	04:00:00	2173.48	2177.10	2171.84	2174.24	10935	0	5
2024.03.22	08:00:00	2174.22	2176.32	2162.60	2166.66	15226	0	5
2024.03.22	12:00:00	2166.66	2180.09	2165.25	2178.07	17619	0	5
2024.03.22	16:00:00	2178.07	2179.89	2157.09	2159.18	20687	0	5
2024.03.22	20:00:00	2158.87	2167.14	2158.75	2165.27	6821	0	5
2024.03.25	00:00:00	2165.90	2176.90	2163.99	2175.14	11674	0	5
2024.03.25	04:00:00	2175.16	2178.29	2167.75	2169.79	10536	0	5
2024.03.25	08:00:00	2169.79	2170.48	2163.50	2168.39	13490	0	5
2024.03.25	12:00:00	2168.39	2181.26	2167.61	2177.12	16125	0	5
2024.03.25	16:00:00	2177.15	2180.52	2174.24	2174.72	14592	0	5
2024.03.25	20:00:00	2174.72	2174.72	2170.71	2171.73	4744	0	5
2024.03.26	00:00:00	2171.60	2174.41	2167.57	2169.38	7116	0	5
2024.03.26	04:00:00	2169.38	2173.34	2169.27	2173.01	6143	0	5
2024.03.26	08:00:00	2172.87	2195.05	2169.62	2190.89	11586	0	5
2024.03.26	12:00:00	2190.81	2200.03	2178.46	2182.95	17857	0	5
2024.03.26	16:00:00	2182.91	2186.39	2171.67	2176.77	16926	0	5
2024.03.26	20:00:00	2176.77	2178.63	2174.59	2178.63	4484	0	5
2024.03.27	00:00:00	2178.08	2180.30	2172.87	2175.14	6710	0	1
2024.03.27	04:00:00	2175.14	2181.59	2174.68	2177.03	6865	0	5
2024.03.27	08:00:00	2176.91	2193.84	2176.46	2189.17	11046	0	5
2024.03.27	12:00:00	2188.97	2197.55	2183.50	2193.31	18723	0	5
2024.03.27	16:00:00	2193.25	2195.24	2188.40	2190.38	16071	0	5
2024.03.27	20:00:00	2190.38	2195.20	2189.04	2194.88	5467	0	5
2024.03.28	00:00:00	2193.40	2194.64	2187.27	2189.33	7714	0	5
2024.03.28	04:00:00	2189.33	2200.58	2189.02	2197.23	8899	0	5
2024.03.28	08:00:00	2197.23	2198.94	2190.86	2197.82	11642	0	5
2024.03.28	12:00:00	2197.82	2217.09	2197.10	2206.55	23473	0	5
2024.03.28	16:00:00	2207.75	2225.46	2204.32	2221.92	21522	0	5
2024.03.28	20:00:00	2221.85	2236.18	2217.95	2232.88	7229	0	0
2024.04.01	00:00:00	2241.94	2256.28	2235.08	2250.05	10764	0	5
2024.04.01	04:00:00	2250.05	2265.61	2250.05	2260.34	13942	0	5
2024.04.01	08:00:00	2260.33	2263.32	2255.78	2257.25	11042	0	5
2024.04.01	12:00:00	2257.28	2258.32	2243.59	2252.50	15216	0	5
2024.04.01	16:00:00	2252.50	2257.90	2228.51	2238.07	25004	0	5
2024.04.01	20:00:00	2238.09	2251.39	2234.72	2251.31	9535	0	5
2024.04.02	00:00:00	2251.24	2255.79	2247.81	2250.35	7055	0	5
2024.04.02	04:00:00	2250.35	2259.83	2246.67	2256.67	12347	0	5
2024.04.02	08:00:00	2256.67	2262.77	2252.17	2261.07	13316	0	5
2024.04.02	12:00:00	2261.07	2266.77	2253.34	2257.60	16769	0	5
2024.04.02	16:00:00	2257.57	2277.00	2250.87	2260.28	26766	0	5
2024.04.02	20:00:00	2260.28	2281.01	2259.50	2280.53	12619	0	5
2024.04.03	00:00:00	2279.92	2288.24	2277.77	2283.22	8579	0	5
2024.04.03	04:00:00	2283.27	2287.94	2276.75	2283.65	12247	0	5
2024.04.03	08:00:00	2283.75	2285.96	2267.67	2273.20	15633	0	5
2024.04.03	12:00:00	2273.19	2275.15	2265.42	2274.92	18089	0	5
2024.04.03	16:00:00	2274.93	2295.19	2271.58	2293.96	29095	0	5
2024.04.03	20:00:00	2293.80	2301.14	2288.89	2299.64	11800	0	5
2024.04.04	00:00:00	2299.56	2302.49	2296.24	2302.18	7708	0	5
2024.04.04	04:00:00	2302.29	2304.71	2297.51	2298.83	8468	0	5
2024.04.04	08:00:00	2298.80	2300.67	2291.07	2291.58	11712	0	5
2024.04.04	12:00:00	2291.58	2295.16	2282.87	2288.15	14960	0	5
2024.04.04	16:00:00	2288.22	2299.31	2284.69	2286.87	22482	0	5
2024.04.04	20:00:00	2286.87	2305.56	2279.95	2290.95	19334	0	5
2024.04.05	00:00:00	2291.03	2293.26	2282.85	2283.07	6159	0	2
2024.04.05	04:00:00	2283.07	2284.08	2267.75	2278.00	13038	0	5
2024.04.05	08:00:00	2278.00	2291.78	2276.59	2288.00	14203	0	5
2024.04.05	12:00:00	2288.00	2296.10	2280.26	2290.87	15635	0	5
2024.04.05	16:00:00	2290.91	2329.48	2286.99	2327.14	29989	0	5
2024.04.05	20:00:00	2327.28	2330.44	2320.72	2329.28	12592	0	5
2024.04.08	00:00:00	2324.16	2328.50	2303.75	2306.15	11890	0	5
2024.04.08	04:00:00	2306.15	2353.84	2302.90	2342.16	20902	0	5
2024.04.08	08:00:00	2342.18	2343.58	2331.76	2336.22	17549	0	5
2024.04.08	12:00:00	2336.25	2343.47	2322.77	2328.97	19877	0	5
2024.04.08	16:00:00	2328.97	2335.71	2318.62	2328.52	27821	0	5
2024.04.08	20:00:00	2328.54	2342.01	2327.61	2338.82	11786	0	5
2024.04.09	00:00:00	2338.74	2341.66	2336.97	2340.79	4573	0	5
2024.04.09	04:00:00	2340.79	2348.42	2337.78	2344.16	14468	0	5
2024.04.09	08:00:00	2344.18	2359.28	2343.18	2357.59	19068	0	5
2024.04.09	12:00:00	2357.69	2365.28	2345.77	2349.33	23276	0	5
2024.04.09	16:00:00	2349.27	2364.20	2338.23	2344.97	30438	0	5
2024.04.09	20:00:00	2344.97	2354.50	2341.95	2352.22	12840	0	5
2024.04.10	00:00:00	2352.62	2355.52	2350.37	2351.54	4791	0	0
2024.04.10	04:00:00	2351.60	2356.81	2344.70	2356.21	13708	0	5
2024.04.10	08:00:00	2356.21	2360.03	2352.40	2354.50	14689	0	5
2024.04.10	12:00:00	2354.50	2354.75	2327.82	2338.37	18140	0	5
2024.04.10	16:00:00	2338.41	2352.27	2319.43	2337.21	33057	0	5
2024.04.10	20:00:00	2337.21	2345.19	2325.67	2333.55	16728	0	5
2024.04.11	00:00:00	2334.00	2337.17	2333.11	2335.18	5240	0	5
2024.04.11	04:00:00	2335.10	2346.79	2334.02	2342.87	12232	0	5
2024.04.11	08:00:00	2342.94	2344.58	2325.85	2328.00	19902	0	5
2024.04.11	12:00:00	2327.98	2344.36	2327.91	2341.41	21075	0	5
2024.04.11	16:00:00	2341.30	2350.76	2332.36	2349.77	27507	0	5
2024.04.11	20:00:00	2349.82	2377.64	2348.13	2372.41	16859	0	5
2024.04.12	00:00:00	2371.47	2379.37	2370.66	2378.62	7565	0	4
2024.04.12	04:00:00	2378.72	2395.35	2378.68	2384.11	20517	0	5
2024.04.12	08:00:00	2384.11	2400.54	2383.29	2396.65	18781	0	5
2024.04.12	12:00:00	2396.67	2400.36	2390.47	2395.83	19618	0	5
2024.04.12	16:00:00	2395.92	2431.44	2360.73	2369.27	40380	0	5
2024.04.12	20:00:00	2369.37	2372.95	2333.86	2344.22	21181	0	5
2024.04.15	00:00:00	2355.60	2372.37	2346.38	2353.12	14621	0	5
2024.04.15	04:00:00	2353.13	2364.60	2348.30	2356.61	14875	0	5
2024.04.15	08:00:00	2356.61	2362.48	2344.58	2351.52	20191	0	5
2024.04.15	12:00:00	2351.52	2361.23	2346.27	2357.23	17632	0	5
2024.04.15	16:00:00	2357.35	2361.07	2323.98	2357.12	29652	0	5
2024.04.15	20:00:00	2356.97	2387.51	2354.11	2383.10	18937	0	5
2024.04.16	00:00:00	2382.38	2392.08	2380.18	2383.40	8639	0	5
2024.04.16	04:00:00	2383.46	2389.31	2379.23	2386.06	16239	0	5
2024.04.16	08:00:00	2386.10	2389.01	2362.99	2369.38	18509	0	5
2024.04.16	12:00:00	2369.39	2378.21	2367.46	2376.19	18476	0	5
2024.04.16	16:00:00	2376.31	2398.18	2363.55	2397.48	33236	0	5
2024.04.16	20:00:00	2397.48	2397.62	2378.66	2382.85	19694	0	5
2024.04.17	00:00:00	2382.53	2386.89	2380.79	2384.42	7645	0	5
2024.04.17	04:00:00	2384.44	2386.11	2380.31	2381.90	11082	0	5
2024.04.17	08:00:00	2381.91	2393.56	2372.64	2392.98	18406	0	5
2024.04.17	12:00:00	2392.98	2394.29	2378.37	2383.32	18248	0	5
2024.04.17	16:00:00	2383.24	2395.53	2361.06	2372.34	30803	0	5
2024.04.17	20:00:00	2372.30	2379.06	2354.54	2361.16	18208	0	5
2024.04.18	00:00:00	2361.37	2370.08	2361.37	2369.71	6756	0	0
2024.04.18	04:00:00	2369.71	2376.51	2364.05	2375.11	15407	0	5
2024.04.18	08:00:00	2375.20	2380.93	2373.84	2379.95	16289	0	5
2024.04.18	12:00:00	2379.95	2387.50	2377.25	2385.47	18249	0	5
2024.04.18	16:00:00	2385.46	2392.76	2369.58	2387.93	44157	0	5
2024.04.18	20:00:00	2387.93	2389.32	2376.91	2378.86	17511	0	5
2024.04.19	00:00:00	2379.14	2381.42	2373.70	2379.44	6903	0	5
2024.04.19	04:00:00	2379.44	2417.83	2378.77	2383.43	59031	0	5
2024.04.19	08:00:00	2383.52	2393.82	2378.07	2384.27	33403	0	5
2024.04.19	12:00:00	2384.28	2386.07	2372.91	2381.46	15613	0	5
2024.04.19	16:00:00	2381.42	2399.68	2373.07	2399.66	19744	0	5
2024.04.19	20:00:00	2399.58	2401.96	2386.62	2390.63	11741	0	5
2024.04.22	00:00:00	2389.80	2389.80	2381.09	2382.13	7958	0	5
2024.04.22	04:00:00	2382.09	2384.24	2361.78	2369.63	14288	0	5
2024.04.22	08:00:00	2369.72	2370.44	2351.53	2359.60	15883	0	5
2024.04.22	12:00:00	2359.55	2363.63	2333.19	2336.79	15104	0	5
2024.04.22	16:00:00	2336.81	2343.77	2328.98	2329.82	19491	0	5
2024.04.22	20:00:00	2329.82	2334.77	2324.47	2327.25	8879	0	5
2024.04.23	00:00:00	2327.71	2333.84	2326.84	2332.61	5909	0	5
2024.04.23	04:00:00	2332.54	2334.34	2295.46	2305.47	15521	0	5
2024.04.23	08:00:00	2305.47	2314.58	2298.89	2303.11	15488	0	5
2024.04.23	12:00:00	2303.23	2313.50	2291.39	2311.75	14740	0	5
2024.04.23	16:00:00	2311.75	2332.05	2309.57	2330.30	18763	0	5
2024.04.23	20:00:00	2330.29	2331.31	2321.25	2322.11	8959	0	5
2024.04.24	00:00:00	2322.44	2324.23	2320.69	2320.87	3654	0	3
2024.04.24	04:00:00	2320.87	2330.08	2315.64	2326.59	12276	0	5
2024.04.24	08:00:00	2326.65	2331.30	2316.10	2319.14	12844	0	5
2024.04.24	12:00:00	2319.14	2323.46	2311.78	2323.15	12829	0	5
2024.04.24	16:00:00	2323.25	2337.19	2316.25	2325.07	19681	0	5
2024.04.24	20:00:00	2325.07	2330.49	2313.67	2315.96	10270	0	5
2024.04.25	00:00:00	2315.96	2319.37	2315.38	2319.14	4045	0	3
2024.04.25	04:00:00	2319.10	2322.05	2304.80	2315.27	10681	0	5
2024.04.25	08:00:00	2315.27	2328.87	2314.47	2326.90	11818	0	5
2024.04.25	12:00:00	2326.89	2334.72	2323.12	2330.75	12190	0	5
2024.04.25	16:00:00	2330.85	2344.80	2312.77	2328.71	21786	0	5
2024.04.25	20:00:00	2328.72	2336.40	2326.25	2332.37	9731	0	5
2024.04.26	00:00:00	2332.35	2333.72	2328.70	2329.87	3586	0	5
2024.04.26	04:00:00	2329.84	2338.05	2326.17	2335.82	9782	0	5
2024.04.26	08:00:00	2335.77	2350.08	2333.88	2347.00	13175	0	5
2024.04.26	12:00:00	2347.00	2352.50	2340.63	2344.75	12025	0	5
2024.04.26	16:00:00	2344.91	2350.35	2328.72	2333.60	18870	0	5
2024.04.26	20:00:00	2333.57	2341.36	2332.72	2337.78	8035	0	5
2024.04.29	00:00:00	2337.22	2337.68	2330.67	2331.97	5321	0	5
2024.04.29	04:00:00	2332.03	2333.20	2320.04	2332.55	12228	0	5
2024.04.29	08:00:00	2332.57	2341.26	2327.49	2338.07	14977	0	5
2024.04.29	12:00:00	2338.07	2344.30	2328.39	2331.95	11127	0	5
2024.04.29	16:00:00	2331.85	2346.63	2325.67	2342.78	16969	0	5
2024.04.29	20:00:00	2343.00	2346.62	2332.97	2335.36	10104	0	5
2024.04.30	00:00:00	2335.31	2336.23	2331.67	2333.95	4506	0	5
2024.04.30	04:00:00	2333.91	2336.10	2324.92	2326.39	9676	0	5
2024.04.30	08:00:00	2326.39	2326.83	2310.71	2312.82	12966	0	5
2024.04.30	12:00:00	2312.76	2317.96	2304.55	2306.07	13026	0	5
2024.04.30	16:00:00	2306.04	2313.24	2293.16	2294.71	20351	0	5
2024.04.30	20:00:00	2294.75	2297.45	2285.04	2286.30	11782	0	5
2024.05.01	00:00:00	2286.76	2293.17	2285.76	2286.87	5253	0	5
2024.05.01	04:00:00	2286.79	2289.44	2281.63	2283.20	7013	0	5
2024.05.01	08:00:00	2283.14	2289.67	2282.55	2286.23	8764	0	5
2024.05.01	12:00:00	2286.33	2299.97	2285.73	2298.25	12125	0	5
2024.05.01	16:00:00	2298.25	2310.44	2295.21	2303.73	17994	0	5
2024.05.01	20:00:00	2303.78	2328.20	2295.31	2319.48	19055	0	5
2024.05.02	00:00:00	2321.02	2325.91	2317.78	2324.43	5906	0	5
2024.05.02	04:00:00	2324.32	2326.43	2317.26	2318.20	8347	0	5
2024.05.02	08:00:00	2318.21	2319.05	2302.96	2304.04	12382	0	5
2024.05.02	12:00:00	2304.04	2305.31	2293.53	2294.50	13365	0	5
2024.05.02	16:00:00	2294.61	2306.92	2285.50	2299.61	19448	0	5
2024.05.02	20:00:00	2299.61	2309.43	2299.34	2303.51	10013	0	5
2024.05.03	00:00:00	2303.93	2305.55	2300.21	2303.97	4755	0	5
2024.05.03	04:00:00	2303.97	2308.02	2299.88	2307.41	7991	0	5
2024.05.03	08:00:00	2307.43	2308.75	2297.77	2301.37	12194	0	5
2024.05.03	12:00:00	2301.26	2320.59	2294.66	2304.68	14034	0	5
2024.05.03	16:00:00	2304.70	2308.90	2277.38	2299.22	20245	0	5
2024.05.03	20:00:00	2299.20	2303.27	2296.00	2301.67	8287	0	5
2024.05.06	00:00:00	2304.58	2306.09	2291.79	2295.97	6837	0	5
2024.05.06	04:00:00	2296.01	2315.31	2296.01	2309.18	12826	0	5
2024.05.06	08:00:00	2309.13	2324.15	2308.69	2318.22	14428	0	5
2024.05.06	12:00:00	2318.25	2330.26	2314.54	2323.29	14775	0	5
2024.05.06	16:00:00	2323.30	2331.99	2318.11	2325.48	17980	0	5
2024.05.06	20:00:00	2325.59	2328.73	2320.98	2323.76	8094	0	5
2024.05.07	00:00:00	2324.06	2329.45	2322.13	2329.24	5372	0	5
2024.05.07	04:00:00	2329.25	2329.88	2319.63	2322.61	10857	0	5
2024.05.07	08:00:00	2322.61	2323.23	2311.72	2315.72	12546	0	5
2024.05.07	12:00:00	2315.66	2317.32	2310.01	2316.00	12267	0	5
2024.05.07	16:00:00	2315.97	2323.63	2312.37	2312.44	16752	0	5
2024.05.07	20:00:00	2312.44	2317.41	2311.06	2313.83	7745	0	5
2024.05.08	00:00:00	2314.22	2316.63	2313.66	2314.16	3977	0	5
2024.05.08	04:00:00	2314.16	2319.30	2306.97	2319.25	10674	0	5
2024.05.08	08:00:00	2319.25	2321.32	2303.72	2307.29	13602	0	5
2024.05.08	12:00:00	2307.27	2318.90	2306.98	2314.53	14927	0	5
2024.05.08	16:00:00	2314.41	2321.01	2306.89	2317.03	18289	0	5
2024.05.08	20:00:00	2317.03	2317.50	2307.94	2308.83	8029	0	5
2024.05.09	00:00:00	2308.69	2310.80	2307.85	2309.32	3924	0	5
2024.05.09	04:00:00	2309.32	2315.19	2307.87	2314.49	8958	0	6
2024.05.09	08:00:00	2314.49	2319.69	2307.50	2310.42	13549	0	5
2024.05.09	12:00:00	2310.34	2329.33	2306.73	2326.68	13575	0	5
2024.05.09	16:00:00	2326.71	2338.71	2312.29	2329.68	19731	0	5
2024.05.09	20:00:00	2329.69	2347.17	2329.42	2346.02	9055	0	5
2024.05.10	00:00:00	2346.33	2348.99	2345.04	2347.57	4412	0	5
2024.05.10	04:00:00	2347.64	2355.79	2347.17	2353.92	12301	0	5
2024.05.10	08:00:00	2353.93	2372.06	2353.71	2369.58	14228	0	5
2024.05.10	12:00:00	2369.58	2378.32	2361.80	2364.79	14891	0	5
2024.05.10	16:00:00	2364.77	2372.92	2356.62	2368.23	19303	0	5
2024.05.10	20:00:00	2368.27	2370.91	2359.62	2360.47	8033	0	5
2024.05.13	00:00:00	2361.90	2364.42	2359.74	2363.99	5320	0	5
2024.05.13	04:00:00	2364.03	2364.10	2354.29	2354.29	10746	0	5
2024.05.13	08:00:00	2354.29	2355.04	2341.63	2343.27	12786	0	5
2024.05.13	12:00:00	2343.29	2349.78	2338.47	2347.13	13871	0	5
2024.05.13	16:00:00	2347.06	2349.32	2332.11	2336.73	17351	0	5
2024.05.13	20:00:00	2336.73	2338.44	2334.39	2336.14	7207	0	5
2024.05.14	00:00:00	2336.13	2339.66	2334.84	2336.36	3460	0	5
2024.05.14	04:00:00	2336.37	2344.80	2336.37	2344.06	9510	0	5
2024.05.14	08:00:00	2344.06	2345.90	2336.07	2343.71	12298	0	5
2024.05.14	12:00:00	2343.69	2350.24	2336.62	2348.19	14210	0	5
2024.05.14	16:00:00	2348.28	2357.03	2344.94	2354.20	21019	0	5
2024.05.14	20:00:00	2354.18	2359.61	2352.00	2358.00	7844	0	5
2024.05.15	00:00:00	2358.02	2358.14	2354.84	2355.83	3734	0	5
2024.05.15	04:00:00	2355.83	2360.96	2354.87	2357.01	9780	0	5
2024.05.15	08:00:00	2357.01	2374.27	2355.73	2373.09	12886	0	5
2024.05.15	12:00:00	2373.25	2378.41	2358.25	2372.62	14450	0	5
2024.05.15	16:00:00	2372.56	2386.62	2351.84	2383.53	20749	0	5
2024.05.15	20:00:00	2383.62	2390.23	2383.48	2385.76	8491	0	5
2024.05.16	00:00:00	2385.60	2395.15	2385.13	2394.86	5812	0	5
2024.05.16	04:00:00	2394.93	2397.25	2386.65	2391.36	14163	0	5
2024.05.16	08:00:00	2391.36	2394.52	2384.54	2386.13	15636	0	5
2024.05.16	12:00:00	2386.13	2387.80	2377.91	2379.26	16272	0	5
2024.05.16	16:00:00	2379.08	2383.81	2371.02	2381.97	19732	0	5
2024.05.16	20:00:00	2382.05	2382.49	2375.80	2376.72	9575	0	5
2024.05.17	00:00:00	2377.11	2379.73	2376.77	2378.04	4586	0	5
2024.05.17	04:00:00	2378.14	2381.26	2374.05	2378.93	11520	0	5
2024.05.17	08:00:00	2378.91	2387.84	2378.62	2384.26	14925	0	5
2024.05.17	12:00:00	2384.25	2394.06	2381.68	2393.33	14560	0	5
2024.05.17	16:00:00	2393.43	2418.97	2393.43	2407.88	21591	0	5
2024.05.17	20:00:00	2407.89	2422.74	2405.81	2413.84	13166	0	5
2024.05.20	00:00:00	2418.33	2426.60	2416.60	2425.46	9302	0	5
2024.05.20	04:00:00	2425.45	2440.51	2425.45	2437.38	17448	0	5
2024.05.20	08:00:00	2437.36	2450.07	2432.10	2440.09	19137	0	5
2024.05.20	12:00:00	2440.17	2447.18	2407.40	2413.90	19941	0	5
2024.05.20	16:00:00	2413.45	2428.12	2410.43	2426.53	22754	0	5
2024.05.20	20:00:00	2426.55	2437.35	2423.37	2426.22	14123	0	5
2024.05.21	00:00:00	2426.30	2430.63	2424.35	2428.97	5965	0	5
2024.05.21	04:00:00	2428.95	2433.06	2406.43	2412.53	17825	0	5
2024.05.21	08:00:00	2412.46	2422.11	2408.70	2418.82	17598	0	5
2024.05.21	12:00:00	2418.80	2429.97	2412.31	2426.25	17077	0	5
2024.05.21	16:00:00	2426.26	2433.83	2418.17	2422.93	23659	0	5
2024.05.21	20:00:00	2422.93	2425.08	2417.61	2420.88	11290	0	5
2024.05.22	00:00:00	2421.44	2423.21	2420.39	2420.53	4574	0	5
2024.05.22	04:00:00	2420.59	2426.59	2412.18	2412.94	15352	0	5
2024.05.22	08:00:00	2412.88	2418.58	2410.66	2416.92	17111	0	5
2024.05.22	12:00:00	2417.08	2419.34	2404.84	2412.49	17611	0	5
2024.05.22	16:00:00	2412.41	2413.31	2382.31	2392.03	24152	0	5
2024.05.22	20:00:00	2392.03	2394.42	2375.06	2378.58	15928	0	5
2024.05.23	00:00:00	2379.66	2383.66	2378.40	2380.34	5767	0	5
2024.05.23	04:00:00	2380.36	2381.92	2366.84	2372.83	14812	0	5
2024.05.23	08:00:00	2372.82	2373.16	2355.04	2360.54	17953	0	5
2024.05.23	12:00:00	2360.42	2369.41	2358.87	2362.72	16369	0	5
2024.05.23	16:00:00	2362.86	2369.85	2340.18	2340.99	22933	0	5
2024.05.23	20:00:00	2340.99	2342.97	2326.68	2328.55	14614	0	5
2024.05.24	00:00:00	2328.95	2333.63	2327.35	2329.15	5511	0	5
2024.05.24	04:00:00	2329.09	2335.19	2325.46	2335.13	14220	0	5
2024.05.24	08:00:00	2335.04	2341.05	2333.26	2340.24	14818	0	5
2024.05.24	12:00:00	2340.24	2343.96	2335.94	2339.33	14982	0	5
2024.05.24	16:00:00	2339.28	2347.37	2332.31	2334.31	19864	0	5
2024.05.24	20:00:00	2334.30	2336.77	2331.95	2333.86	9676	0	5
2024.05.27	00:00:00	2338.09	2340.75	2331.68	2336.25	5715	0	5
2024.05.27	04:00:00	2336.16	2347.62	2334.64	2343.00	12170	0	5
2024.05.27	08:00:00	2342.96	2346.17	2338.19	2344.23	12635	0	5
2024.05.27	12:00:00	2344.23	2349.67	2342.48	2347.23	11277	0	5
2024.05.27	16:00:00	2347.25	2358.52	2344.67	2354.98	16769	0	5
2024.05.27	20:00:00	2355.00	2355.13	2350.03	2350.08	2086	0	5
2024.05.28	00:00:00	2351.47	2353.83	2351.08	2351.77	4519	0	5
2024.05.28	04:00:00	2351.78	2356.40	2349.23	2351.02	11951	0	5
2024.05.28	08:00:00	2351.02	2353.81	2340.32	2344.94	15235	0	5
2024.05.28	12:00:00	2344.89	2357.22	2342.35	2353.31	13334	0	5
2024.05.28	16:00:00	2353.29	2364.14	2347.99	2356.74	26679	0	5
2024.05.28	20:00:00	2356.73	2361.35	2352.85	2361.13	12406	0	5
2024.05.29	00:00:00	2360.95	2362.66	2357.40	2357.90	5283	0	1
2024.05.29	04:00:00	2357.89	2360.89	2354.50	2358.29	13488	0	5
2024.05.29	08:00:00	2358.36	2361.37	2344.95	2345.53	18127	0	5
2024.05.29	12:00:00	2345.54	2347.28	2334.61	2337.67	17672	0	5
2024.05.29	16:00:00	2337.79	2347.24	2336.00	2341.96	20927	0	5
2024.05.29	20:00:00	2341.89	2344.35	2336.05	2338.00	10726	0	5
2024.05.30	00:00:00	2337.88	2339.21	2334.11	2336.96	6388	0	5
2024.05.30	04:00:00	2337.04	2339.91	2328.08	2335.32	16382	0	5
2024.05.30	08:00:00	2335.26	2337.75	2322.74	2335.11	18092	0	5
2024.05.30	12:00:00	2335.08	2345.16	2330.69	2341.40	17924	0	5
2024.05.30	16:00:00	2341.28	2351.77	2339.83	2347.89	21004	0	5
2024.05.30	20:00:00	2347.89	2348.86	2339.98	2342.98	10924	0	5
2024.05.31	00:00:00	2344.26	2347.55	2342.07	2346.36	6228	0	5
2024.05.31	04:00:00	2346.37	2347.79	2337.06	2344.17	14884	0	5
2024.05.31	08:00:00	2344.16	2347.06	2339.72	2343.27	14801	0	5
2024.05.31	12:00:00	2343.26	2356.80	2341.03	2354.85	16046	0	5
2024.05.31	16:00:00	2354.85	2359.80	2327.78	2332.91	26640	0	5
2024.05.31	20:00:00	2332.91	2333.81	2320.60	2327.46	13285	0	5
2024.06.03	00:00:00	2328.79	2329.52	2323.34	2327.17	6289	0	5
2024.06.03	04:00:00	2327.16	2331.06	2320.06	2321.41	14095	0	5
2024.06.03	08:00:00	2321.41	2328.88	2314.77	2325.52	17566	0	5
2024.06.03	12:00:00	2325.53	2334.40	2324.37	2334.07	16699	0	5
2024.06.03	16:00:00	2334.03	2349.94	2329.89	2349.27	21567	0	5
2024.06.03	20:00:00	2349.20	2354.76	2344.75	2350.45	11867	0	5
2024.06.04	00:00:00	2351.90	2352.83	2349.81	2350.65	4830	0	5
2024.06.04	04:00:00	2350.64	2352.41	2343.34	2349.37	12827	0	5
2024.06.04	08:00:00	2349.37	2351.74	2332.36	2333.32	16869	0	5
2024.06.04	12:00:00	2333.40	2335.97	2325.42	2335.14	18873	0	5
2024.06.04	16:00:00	2335.14	2337.96	2315.62	2324.01	21800	0	5
2024.06.04	20:00:00	2323.97	2330.32	2323.74	2326.79	11841	0	5
2024.06.05	00:00:00	2326.69	2329.60	2326.64	2328.22	4375	0	5
2024.06.05	04:00:00	2328.26	2338.26	2325.92	2338.05	12306	0	5
2024.06.05	08:00:00	2338.06	2341.70	2328.14	2332.66	16382	0	5
2024.06.05	12:00:00	2332.67	2343.94	2329.57	2342.20	16004	0	5
2024.06.05	16:00:00	2342.04	2357.41	2334.24	2352.67	21606	0	5
2024.06.05	20:00:00	2352.67	2356.67	2351.75	2355.13	10282	0	5
2024.06.06	00:00:00	2356.80	2357.79	2354.62	2355.76	4602	0	5
2024.06.06	04:00:00	2355.73	2374.98	2355.62	2369.49	15916	0	5
2024.06.06	08:00:00	2369.48	2371.46	2359.81	2362.98	14159	0	5
2024.06.06	12:00:00	2362.97	2365.06	2355.32	2357.59	13904	0	5
2024.06.06	16:00:00	2357.61	2378.50	2353.44	2372.90	20941	0	5
2024.06.06	20:00:00	2372.91	2376.18	2368.88	2375.68	11488	0	5
2024.06.07	00:00:00	2376.34	2379.28	2375.67	2378.45	4791	0	5
2024.06.07	04:00:00	2378.49	2387.49	2369.47	2386.55	15003	0	5
2024.06.07	08:00:00	2386.59	2387.69	2343.01	2347.37	18711	0	5
2024.06.07	12:00:00	2347.36	2347.99	2313.31	2319.33	20339	0	5
2024.06.07	16:00:00	2319.31	2328.08	2303.10	2311.67	26230	0	5
2024.06.07	20:00:00	2311.71	2312.31	2286.71	2293.38	14164	0	5
2024.06.10	00:00:00	2294.71	2300.01	2289.40	2297.06	7161	0	5
2024.06.10	04:00:00	2297.06	2301.25	2292.79	2294.82	10672	0	5
2024.06.10	08:00:00	2294.84	2297.51	2287.78	2292.66	15502	0	5
2024.06.10	12:00:00	2292.65	2308.56	2291.86	2306.17	15709	0	5
2024.06.10	16:00:00	2306.19	2313.84	2300.44	2312.95	17892	0	5
2024.06.10	20:00:00	2312.95	2313.38	2308.53	2310.86	9002	0	5
2024.06.11	00:00:00	2312.03	2312.44	2308.77	2310.87	4816	0	5
2024.06.11	04:00:00	2310.86	2310.86	2298.83	2303.64	16224	0	5
2024.06.11	08:00:00	2303.60	2307.77	2297.75	2306.08	16508	0	5
2024.06.11	12:00:00	2306.09	2319.94	2301.57	2318.01	17897	0	5
2024.06.11	16:00:00	2317.59	2319.61	2305.95	2308.56	20380	0	5
2024.06.11	20:00:00	2308.59	2316.96	2307.92	2316.73	10397	0	5
2024.06.12	00:00:00	2317.07	2317.60	2313.48	2313.79	4610	0	5
2024.06.12	04:00:00	2313.77	2316.79	2310.75	2312.76	12257	0	5
2024.06.12	08:00:00	2312.76	2317.75	2310.84	2312.88	13212	0	5
2024.06.12	12:00:00	2312.85	2337.55	2311.65	2335.89	16134	0	5
2024.06.12	16:00:00	2335.86	2341.66	2320.10	2337.72	21381	0	5
2024.06.12	20:00:00	2337.74	2339.61	2315.77	2324.88	17332	0	5
2024.06.13	00:00:00	2324.83	2325.59	2317.65	2320.81	5506	0	5
2024.06.13	04:00:00	2320.85	2321.58	2308.19	2311.85	14424	0	5
2024.06.13	08:00:00	2311.88	2318.60	2308.99	2315.63	14751	0	5
2024.06.13	12:00:00	2315.61	2326.67	2304.05	2323.47	16892	0	5
2024.06.13	16:00:00	2323.33	2324.78	2295.67	2299.34	21043	0	5
2024.06.13	20:00:00	2299.36	2304.97	2299.17	2303.85	9973	0	5
2024.06.14	00:00:00	2304.18	2305.71	2301.62	2304.96	4404	0	5
2024.06.14	04:00:00	2304.98	2308.63	2303.13	2305.97	12787	0	5
2024.06.14	08:00:00	2305.94	2321.68	2305.60	2317.41	16086	0	5
2024.06.14	12:00:00	2317.44	2336.59	2315.23	2330.44	18613	0	5
2024.06.14	16:00:00	2330.37	2335.51	2324.10	2328.89	21003	0	5
2024.06.14	20:00:00	2328.87	2335.60	2328.55	2332.60	9731	0	5
2024.06.17	00:00:00	2331.47	2332.87	2325.29	2326.47	5891	0	5
2024.06.17	04:00:00	2326.51	2328.96	2321.58	2323.70	13307	0	5
2024.06.17	08:00:00	2323.68	2323.70	2315.52	2321.35	15779	0	5
2024.06.17	12:00:00	2321.36	2322.60	2316.89	2319.67	15331	0	5
2024.06.17	16:00:00	2319.66	2327.59	2310.03	2316.97	18397	0	5
2024.06.17	20:00:00	2316.97	2320.77	2313.31	2318.96	9942	0	5
2024.06.18	00:00:00	2319.05	2325.63	2319.05	2324.18	4634	0	5
2024.06.18	04:00:00	2324.25	2325.69	2319.30	2322.64	12942	0	5
2024.06.18	08:00:00	2322.63	2323.80	2310.80	2311.25	15145	0	5
2024.06.18	12:00:00	2311.25	2324.24	2306.64	2313.96	14371	0	5
2024.06.18	16:00:00	2313.94	2330.77	2313.77	2330.29	19933	0	5
2024.06.18	20:00:00	2330.37	2333.11	2327.53	2329.34	9383	0	5
2024.06.19	00:00:00	2329.30	2330.32	2327.46	2329.54	3992	0	5
2024.06.19	04:00:00	2329.53	2331.78	2326.58	2328.02	10576	0	5
2024.06.19	08:00:00	2328.03	2335.06	2326.85	2332.61	12193	0	5
2024.06.19	12:00:00	2332.62	2332.94	2325.29	2328.36	12197	0	5
2024.06.19	16:00:00	2328.41	2331.47	2323.92	2329.44	12300	0	5
2024.06.19	20:00:00	2329.40	2330.99	2327.98	2327.98	2058	0	5
2024.06.20	00:00:00	2329.07	2330.86	2327.81	2329.76	3929	0	5
2024.06.20	04:00:00	2329.83	2340.94	2329.83	2340.50	13429	0	5
2024.06.20	08:00:00	2340.48	2345.67	2332.70	2333.34	15593	0	5
2024.06.20	12:00:00	2333.33	2343.58	2331.66	2338.57	13905	0	5
2024.06.20	16:00:00	2339.02	2365.46	2336.71	2356.39	21047	0	5
2024.06.20	20:00:00	2356.40	2361.06	2354.64	2360.02	9347	0	5
2024.06.21	00:00:00	2360.71	2364.86	2358.18	2364.12	5735	0	6
2024.06.21	04:00:00	2364.12	2364.16	2357.13	2362.98	11541	0	5
2024.06.21	08:00:00	2362.95	2368.13	2355.14	2365.32	15688	0	5
2024.06.21	12:00:00	2365.31	2368.73	2360.47	2360.70	15805	0	5
2024.06.21	16:00:00	2360.42	2363.79	2323.31	2324.74	21951	0	5
2024.06.21	20:00:00	2324.75	2325.12	2316.70	2321.42	11204	0	5
2024.06.24	00:00:00	2321.36	2322.93	2317.73	2320.97	6297	0	7
2024.06.24	04:00:00	2320.97	2326.68	2319.05	2324.48	13982	0	5
2024.06.24	08:00:00	2324.48	2332.80	2321.46	2330.59	15772	0	5
2024.06.24	12:00:00	2330.59	2330.98	2320.83	2327.64	17620	0	5
2024.06.24	16:00:00	2327.62	2333.80	2325.92	2331.68	18554	0	5
2024.06.24	20:00:00	2331.68	2334.68	2330.63	2334.43	9407	0	5
2024.06.25	00:00:00	2334.29	2334.60	2328.26	2330.07	4009	0	5
2024.06.25	04:00:00	2330.07	2330.93	2322.78	2327.47	12352	0	5
2024.06.25	08:00:00	2327.47	2330.51	2322.94	2329.68	14029	0	5
2024.06.25	12:00:00	2329.47	2337.13	2324.07	2324.17	14521	0	5
2024.06.25	16:00:00	2324.13	2328.19	2315.54	2317.84	18604	0	5
2024.06.25	20:00:00	2317.79	2320.63	2316.84	2319.51	8885	0	5
2024.06.26	00:00:00	2319.35	2323.72	2317.81	2318.43	5619	0	5
2024.06.26	04:00:00	2318.37	2321.72	2310.65	2316.82	13448	0	5
2024.06.26	08:00:00	2316.82	2318.20	2309.74	2315.70	15403	0	5
2024.06.26	12:00:00	2315.74	2318.41	2304.46	2310.13	16860	0	5
2024.06.26	16:00:00	2310.06	2311.60	2293.67	2299.71	19896	0	5
2024.06.26	20:00:00	2299.74	2302.99	2296.97	2298.06	10431	0	5
2024.06.27	00:00:00	2298.36	2300.19	2296.75	2299.04	4816	0	5
2024.06.27	04:00:00	2299.04	2301.14	2296.83	2300.51	11077	0	5
2024.06.27	08:00:00	2300.51	2308.41	2296.54	2307.63	14006	0	5
2024.06.27	12:00:00	2307.60	2325.59	2307.37	2322.85	14860	0	5
2024.06.27	16:00:00	2322.77	2330.91	2319.54	2325.50	20164	0	5
2024.06.27	20:00:00	2325.47	2328.49	2322.49	2327.48	9462	0	5
2024.06.28	00:00:00	2328.03	2328.30	2321.51	2321.65	3975	0	5
2024.06.28	04:00:00	2321.60	2324.99	2319.06	2321.25	12700	0	5
2024.06.28	08:00:00	2321.25	2331.91	2320.99	2328.78	13325	0	5
2024.06.28	12:00:00	2328.77	2339.29	2327.33	2335.48	15181	0	5
2024.06.28	16:00:00	2335.83	2339.75	2322.88	2329.96	18855	0	5
2024.06.28	20:00:00	2330.02	2332.72	2322.87	2326.40	10145	0	5
2024.07.01	00:00:00	2326.90	2327.58	2322.17	2324.82	5660	0	5
2024.07.01	04:00:00	2324.84	2328.47	2321.44	2323.67	10993	0	6
2024.07.01	08:00:00	2323.67	2329.00	2318.50	2325.87	15048	0	5
2024.07.01	12:00:00	2325.85	2338.53	2325.48	2327.38	15317	0	5
2024.07.01	16:00:00	2327.41	2334.23	2319.31	2328.17	19902	0	5
2024.07.01	20:00:00	2328.17	2332.44	2326.77	2331.72	9083	0	5
2024.07.02	00:00:00	2331.75	2333.95	2331.16	2333.02	3747	0	5
2024.07.02	04:00:00	2333.08	2334.32	2324.89	2327.30	9500	0	5
2024.07.02	08:00:00	2327.29	2332.45	2323.36	2331.19	13906	0	5
2024.07.02	12:00:00	2331.21	2331.95	2319.12	2327.47	15401	0	5
2024.07.02	16:00:00	2327.43	2336.78	2321.01	2322.86	19334	0	5
2024.07.02	20:00:00	2322.86	2331.31	2322.11	2329.35	8290	0	5
2024.07.03	00:00:00	2329.55	2332.18	2328.99	2330.28	3421	0	5
2024.07.03	04:00:00	2330.29	2335.30	2326.82	2334.48	9342	0	5
2024.07.03	08:00:00	2334.49	2347.58	2332.00	2344.66	15180	0	5
2024.07.03	12:00:00	2344.67	2356.12	2342.15	2350.44	15795	0	5
2024.07.03	16:00:00	2350.46	2364.92	2347.65	2356.64	20590	0	5
2024.07.03	20:00:00	2356.59	2360.83	2353.67	2356.07	6999	0	5
2024.07.04	00:00:00	2356.17	2359.64	2355.26	2358.62	3835	0	5
2024.07.04	04:00:00	2358.61	2362.52	2357.16	2358.61	9797	0	5
2024.07.04	08:00:00	2358.57	2359.64	2350.64	2358.84	11229	0	5
2024.07.04	12:00:00	2358.85	2360.43	2355.69	2357.79	8348	0	5
2024.07.04	16:00:00	2357.79	2361.87	2355.44	2357.85	11242	0	5
2024.07.04	20:00:00	2357.85	2357.93	2356.05	2356.10	1119	0	5
2024.07.05	00:00:00	2357.21	2359.02	2354.20	2358.87	4487	0	6
2024.07.05	04:00:00	2358.88	2364.71	2356.93	2363.99	11874	0	5
2024.07.05	08:00:00	2364.00	2368.02	2362.28	2366.42	13706	0	5
2024.07.05	12:00:00	2366.43	2376.00	2352.30	2372.16	15229	0	5
2024.07.05	16:00:00	2372.15	2388.34	2370.72	2386.44	21280	0	5
2024.07.05	20:00:00	2386.53	2392.91	2384.60	2391.06	12045	0	5
2024.07.08	00:00:00	2386.21	2390.19	2384.58	2386.69	6108	0	7
2024.07.08	04:00:00	2386.70	2391.13	2380.79	2384.97	12387	0	5
2024.07.08	08:00:00	2385.04	2386.81	2371.96	2372.81	15321	0	5
2024.07.08	12:00:00	2372.91	2377.54	2368.33	2372.78	14186	0	5
2024.07.08	16:00:00	2372.72	2379.56	2351.14	2358.68	19360	0	5
2024.07.08	20:00:00	2358.67	2359.84	2354.89	2359.09	8716	0	5
2024.07.09	00:00:00	2359.35	2363.66	2358.50	2361.88	4503	0	5
2024.07.09	04:00:00	2362.02	2368.77	2360.50	2367.37	12554	0	5
2024.07.09	08:00:00	2367.30	2368.37	2358.26	2361.67	13187	0	5
2024.07.09	12:00:00	2361.67	2365.57	2356.14	2360.21	13983	0	6
2024.07.09	16:00:00	2360.20	2371.33	2349.29	2357.50	21001	0	5
2024.07.09	20:00:00	2357.50	2365.56	2357.50	2363.73	9547	0	5
2024.07.10	00:00:00	2364.12	2366.50	2362.19	2364.74	4032	0	5
2024.07.10	04:00:00	2364.73	2370.16	2363.33	2367.78	12539	0	5
2024.07.10	08:00:00	2367.78	2374.96	2367.18	2372.85	13029	0	5
2024.07.10	12:00:00	2372.85	2381.82	2371.70	2377.76	11882	0	5
2024.07.10	16:00:00	2377.77	2386.61	2374.00	2377.86	17650	0	5
2024.07.10	20:00:00	2377.86	2378.55	2369.85	2371.26	9626	0	5
2024.07.11	00:00:00	2371.03	2374.43	2370.44	2374.24	3728	0	5
2024.07.11	04:00:00	2374.21	2382.50	2373.10	2381.94	11043	0	5
2024.07.11	08:00:00	2382.01	2384.10	2378.49	2381.51	13367	0	5
2024.07.11	12:00:00	2381.40	2409.66	2379.05	2406.38	14701	0	5
2024.07.11	16:00:00	2407.07	2424.54	2395.81	2411.66	22322	0	5
2024.07.11	20:00:00	2411.65	2418.67	2410.03	2415.30	11181	0	5
2024.07.12	00:00:00	2415.29	2416.23	2411.03	2412.00	7694	0	5
2024.07.12	04:00:00	2412.01	2414.24	2406.68	2408.57	12662	0	5
2024.07.12	08:00:00	2408.66	2410.10	2400.35	2407.54	16368	0	5
2024.07.12	12:00:00	2407.41	2408.32	2391.44	2397.93	16145	0	5
2024.07.12	16:00:00	2397.94	2416.92	2396.83	2415.94	19888	0	5
2024.07.12	20:00:00	2415.94	2418.17	2411.06	2411.59	9085	0	5
2024.07.15	00:00:00	2411.51	2415.37	2405.69	2408.56	7019	0	5
2024.07.15	04:00:00	2408.47	2413.38	2404.98	2411.47	12369	0	5
2024.07.15	08:00:00	2411.46	2413.95	2401.32	2412.04	16400	0	5
2024.07.15	12:00:00	2411.99	2420.86	2407.73	2414.86	16772	0	5
2024.07.15	16:00:00	2414.79	2439.67	2411.53	2430.36	20931	0	5
2024.07.15	20:00:00	2430.15	2430.15	2419.68	2422.23	11692	0	5
2024.07.16	00:00:00	2422.14	2422.88	2420.01	2421.21	5128	0	5
2024.07.16	04:00:00	2421.21	2431.51	2421.21	2429.37	13593	0	5
2024.07.16	08:00:00	2429.35	2439.41	2428.18	2436.55	16846	0	5
2024.07.16	12:00:00	2436.55	2444.02	2429.41	2432.68	17393	0	5
2024.07.16	16:00:00	2432.53	2465.25	2430.99	2459.17	21540	0	5
2024.07.16	20:00:00	2459.15	2469.65	2458.75	2468.69	11427	0	5
2024.07.17	00:00:00	2468.66	2473.28	2466.21	2468.76	6864	0	5
2024.07.17	04:00:00	2468.75	2482.36	2464.02	2467.83	17408	0	5
2024.07.17	08:00:00	2467.83	2478.77	2461.91	2474.88	28507	0	5
2024.07.17	12:00:00	2474.90	2476.28	2466.59	2473.33	37163	0	5
2024.07.17	16:00:00	2473.32	2483.54	2452.73	2455.50	60038	0	5
2024.07.17	20:00:00	2455.51	2460.28	2451.36	2458.66	22856	0	5
2024.07.18	00:00:00	2458.51	2461.79	2457.29	2458.77	10782	0	5
2024.07.18	04:00:00	2458.77	2468.90	2457.50	2465.17	27089	0	5
2024.07.18	08:00:00	2465.16	2474.80	2464.52	2465.89	32360	0	8
2024.07.18	12:00:00	2465.92	2468.73	2461.47	2463.91	31898	0	5
2024.07.18	16:00:00	2463.92	2469.80	2455.72	2456.08	52227	0	5
2024.07.18	20:00:00	2456.07	2457.44	2440.23	2445.08	27070	0	5
2024.07.19	00:00:00	2445.65	2445.67	2426.15	2434.26	11885	0	5
2024.07.19	04:00:00	2434.28	2434.48	2420.33	2425.40	31694	0	5
2024.07.19	08:00:00	2425.41	2426.05	2412.82	2420.35	37371	0	33
2024.07.19	12:00:00	2420.35	2421.00	2401.50	2403.61	35829	0	33
2024.07.19	16:00:00	2403.60	2408.31	2393.71	2399.53	48767	0	33
2024.07.19	20:00:00	2399.56	2400.69	2395.54	2400.30	20068	0	5
2024.07.22	00:00:00	2401.79	2411.86	2400.64	2407.76	11685	0	5
2024.07.22	04:00:00	2407.78	2412.04	2403.10	2405.51	28088	0	5
2024.07.22	08:00:00	2405.49	2407.25	2398.87	2400.76	34425	0	5
2024.07.22	12:00:00	2400.76	2408.27	2388.70	2394.21	31183	0	5
2024.07.22	16:00:00	2394.09	2400.03	2383.71	2392.94	44848	0	33
2024.07.22	20:00:00	2392.95	2399.93	2391.70	2396.35	17410	0	5
2024.07.23	00:00:00	2396.71	2400.16	2394.69	2399.83	7783	0	5
2024.07.23	04:00:00	2399.84	2403.88	2395.73	2396.41	30077	0	5
2024.07.23	08:00:00	2396.41	2407.02	2388.17	2403.92	36356	0	33
2024.07.23	12:00:00	2403.91	2411.91	2403.06	2405.36	33648	0	33
2024.07.23	16:00:00	2405.34	2407.55	2399.45	2405.21	41950	0	5
2024.07.23	20:00:00	2405.21	2409.88	2402.53	2409.62	18900	0	5
2024.07.24	00:00:00	2408.65	2410.10	2407.76	2408.17	6149	0	5
2024.07.24	04:00:00	2408.18	2418.28	2404.88	2417.76	32798	0	33
2024.07.24	08:00:00	2417.75	2419.10	2410.60	2411.70	30276	0	6
2024.07.24	12:00:00	2411.70	2421.89	2409.70	2421.32	30095	0	5
2024.07.24	16:00:00	2421.35	2431.90	2413.51	2418.95	50250	0	33
2024.07.24	20:00:00	2418.95	2419.47	2396.72	2397.23	29890	0	5
2024.07.25	00:00:00	2397.05	2401.11	2392.92	2396.99	15724	0	5
2024.07.25	04:00:00	2396.99	2399.97	2366.66	2377.53	47693	0	33
2024.07.25	08:00:00	2377.53	2378.65	2365.74	2374.60	43141	0	33
2024.07.25	12:00:00	2374.59	2382.40	2362.68	2371.04	43626	0	33
2024.07.25	16:00:00	2371.02	2376.23	2357.43	2362.55	59852	0	5
2024.07.25	20:00:00	2362.55	2365.38	2352.97	2364.49	31259	0	5
2024.07.26	00:00:00	2364.05	2365.31	2361.96	2362.61	10061	0	5
2024.07.26	04:00:00	2362.61	2379.18	2355.70	2369.73	36009	0	33
2024.07.26	08:00:00	2369.74	2375.19	2365.12	2372.85	34146	0	33
2024.07.26	12:00:00	2372.87	2378.94	2370.19	2377.40	31893	0	5
2024.07.26	16:00:00	2377.43	2390.68	2373.98	2389.06	49638	0	5
2024.07.26	20:00:00	2389.06	2389.09	2381.04	2387.34	20851	0	5
2024.07.29	00:00:00	2388.70	2403.05	2387.15	2399.94	15321	0	5
2024.07.29	04:00:00	2399.92	2402.39	2388.59	2394.79	31597	0	5
2024.07.29	08:00:00	2394.79	2396.13	2386.85	2390.23	33204	0	5
2024.07.29	12:00:00	2390.23	2395.29	2385.36	2393.74	30284	0	5
2024.07.29	16:00:00	2393.75	2396.62	2369.54	2378.02	46798	0	5
2024.07.29	20:00:00	2378.10	2385.34	2376.82	2383.50	22058	0	5
2024.07.30	00:00:00	2383.83	2384.83	2380.11	2381.73	7328	0	5
2024.07.30	04:00:00	2381.74	2388.22	2376.36	2386.26	27662	0	5
2024.07.30	08:00:00	2386.26	2391.90	2385.96	2389.33	31669	0	5
2024.07.30	12:00:00	2389.30	2392.30	2385.67	2386.43	24956	0	5
2024.07.30	16:00:00	2386.44	2400.18	2383.33	2399.71	53852	0	5
2024.07.30	20:00:00	2399.77	2412.64	2399.77	2410.92	29406	0	5
2024.07.31	00:00:00	2410.98	2411.10	2407.81	2408.87	10252	0	5
2024.07.31	04:00:00	2408.86	2421.19	2403.76	2421.08	35616	0	33
2024.07.31	08:00:00	2421.09	2425.40	2415.33	2421.34	39354	0	33
2024.07.31	12:00:00	2421.34	2423.15	2417.22	2420.35	30921	0	5
2024.07.31	16:00:00	2420.33	2428.93	2417.76	2426.90	48325	0	5
2024.07.31	20:00:00	2426.91	2450.80	2421.43	2447.24	46855	0	5
2024.08.01	00:00:00	2448.53	2449.44	2444.21	2447.44	12382	0	5
2024.08.01	04:00:00	2447.34	2458.26	2437.22	2444.12	37320	0	5
2024.08.01	08:00:00	2444.14	2448.75	2433.12	2433.73	41141	0	33
2024.08.01	12:00:00	2433.74	2454.72	2430.12	2450.64	38646	0	33
2024.08.01	16:00:00	2450.64	2462.17	2442.03	2444.36	62069	0	33
2024.08.01	20:00:00	2444.39	2447.54	2434.76	2446.30	36160	0	5
2024.08.02	00:00:00	2446.24	2452.19	2443.78	2448.95	16454	0	5
2024.08.02	04:00:00	2448.94	2460.22	2434.95	2457.77	37414	0	33
2024.08.02	08:00:00	2457.78	2468.35	2457.57	2461.91	41129	0	33
2024.08.02	12:00:00	2461.92	2477.61	2455.32	2472.82	39502	0	5
2024.08.02	16:00:00	2472.77	2474.27	2410.72	2430.36	73286	0	5
2024.08.02	20:00:00	2430.35	2442.34	2422.89	2441.38	31048	0	5
2024.08.05	00:00:00	2444.61	2447.35	2413.82	2422.07	27631	0	5
2024.08.05	04:00:00	2422.04	2458.65	2420.07	2452.61	47155	0	5
2024.08.05	08:00:00	2452.55	2452.56	2422.11	2424.92	57702	0	33
2024.08.05	12:00:00	2425.01	2428.65	2364.06	2374.41	61115	0	33
2024.08.05	16:00:00	2374.46	2412.13	2374.46	2402.94	70650	0	5
2024.08.05	20:00:00	2402.92	2412.91	2400.14	2409.96	38853	0	5
2024.08.06	00:00:00	2410.23	2418.23	2404.32	2415.83	20659	0	5
2024.08.06	04:00:00	2415.82	2417.66	2405.83	2407.95	39959	0	5
2024.08.06	08:00:00	2407.95	2415.34	2394.75	2410.97	50384	0	33
2024.08.06	12:00:00	2411.01	2416.21	2391.70	2392.86	43334	0	5
2024.08.06	16:00:00	2392.91	2403.03	2381.48	2389.91	61886	0	5
2024.08.06	20:00:00	2389.90	2395.87	2386.37	2389.85	32527	0	5
2024.08.07	00:00:00	2391.58	2391.99	2381.01	2386.38	14816	0	5
2024.08.07	04:00:00	2386.45	2394.68	2378.94	2392.70	42437	0	5
2024.08.07	08:00:00	2392.68	2397.50	2387.94	2393.24	38582	0	5
2024.08.07	12:00:00	2393.24	2406.90	2392.34	2403.74	32874	0	33
2024.08.07	16:00:00	2403.75	2404.71	2391.91	2399.64	49330	0	33
2024.08.07	20:00:00	2399.59	2399.60	2381.72	2383.06	33314	0	5
2024.08.08	00:00:00	2381.01	2388.72	2380.95	2385.47	17345	0	5
2024.08.08	04:00:00	2385.47	2396.31	2384.94	2394.25	38939	0	33
2024.08.08	08:00:00	2394.28	2400.62	2392.34	2394.48	38081	0	33
2024.08.08	12:00:00	2394.47	2415.38	2393.73	2407.97	40409	0	5
2024.08.08	16:00:00	2407.98	2424.23	2402.24	2418.00	53164	0	5
2024.08.08	20:00:00	2418.00	2427.53	2415.71	2427.18	26336	0	5
2024.08.09	00:00:00	2427.07	2428.02	2422.49	2423.87	12259	0	5
2024.08.09	04:00:00	2423.87	2428.83	2419.27	2423.78	30744	0	5
2024.08.09	08:00:00	2423.77	2426.92	2416.78	2424.42	32569	0	33
2024.08.09	12:00:00	2424.39	2432.49	2422.63	2429.56	30822	0	6
2024.08.09	16:00:00	2429.56	2435.83	2420.96	2434.38	48762	0	5
2024.08.09	20:00:00	2434.38	2436.93	2427.15	2431.07	20916	0	5
2024.08.12	00:00:00	2429.26	2433.35	2426.71	2428.38	9580	0	5
2024.08.12	04:00:00	2428.39	2433.41	2423.75	2433.28	20891	0	5
2024.08.12	08:00:00	2433.26	2443.72	2429.01	2441.86	28309	0	5
2024.08.12	12:00:00	2441.87	2445.31	2439.57	2444.33	25763	0	5
2024.08.12	16:00:00	2444.35	2466.01	2442.02	2463.03	48709	0	5
2024.08.12	20:00:00	2463.03	2473.16	2461.66	2472.03	21312	0	5
2024.08.13	00:00:00	2471.08	2476.82	2468.37	2472.05	12096	0	5
2024.08.13	04:00:00	2472.06	2473.54	2460.14	2461.92	32676	0	5
2024.08.13	08:00:00	2461.90	2466.05	2458.40	2460.52	29608	0	5
2024.08.13	12:00:00	2460.49	2472.42	2458.85	2467.57	29133	0	5
2024.08.13	16:00:00	2467.58	2475.61	2458.86	2469.39	44393	0	33
2024.08.13	20:00:00	2469.39	2470.19	2462.15	2464.98	18997	0	5
2024.08.14	00:00:00	2465.65	2467.27	2462.87	2465.61	8635	0	5
2024.08.14	04:00:00	2465.59	2472.46	2455.29	2461.79	34454	0	5
2024.08.14	08:00:00	2461.78	2478.58	2459.16	2474.32	31794	0	33
2024.08.14	12:00:00	2474.30	2479.70	2462.38	2468.69	33051	0	5
2024.08.14	16:00:00	2468.69	2469.47	2437.98	2444.09	56747	0	33
2024.08.14	20:00:00	2444.10	2448.29	2440.23	2447.92	22893	0	5
2024.08.15	00:00:00	2447.50	2454.15	2446.51	2450.06	9270	0	5
2024.08.15	04:00:00	2450.04	2455.36	2448.08	2453.30	28477	0	5
2024.08.15	08:00:00	2453.29	2458.67	2450.26	2455.41	29210	0	5
2024.08.15	12:00:00	2455.41	2469.95	2440.94	2440.94	31419	0	5
2024.08.15	16:00:00	2440.99	2459.80	2432.09	2455.60	54553	0	5
2024.08.15	20:00:00	2455.65	2461.52	2453.37	2456.24	23387	0	5
2024.08.16	00:00:00	2455.96	2459.64	2454.28	2458.24	8148	0	5
2024.08.16	04:00:00	2458.38	2459.98	2450.64	2452.63	28047	0	5
2024.08.16	08:00:00	2452.62	2464.37	2451.05	2462.24	29681	0	7
2024.08.16	12:00:00	2462.26	2492.27	2461.14	2491.54	33193	0	5
2024.08.16	16:00:00	2491.53	2499.94	2477.43	2495.78	54915	0	5
2024.08.16	20:00:00	2495.80	2509.61	2492.99	2507.46	26419	0	5
2024.08.19	00:00:00	2508.41	2510.06	2500.26	2501.92	13206	0	5
2024.08.19	04:00:00	2501.94	2505.94	2494.89	2500.54	37321	0	33
2024.08.19	08:00:00	2500.56	2507.09	2499.01	2503.05	35455	0	5
2024.08.19	12:00:00	2503.06	2503.88	2486.42	2491.05	32589	0	33
2024.08.19	16:00:00	2491.08	2507.37	2485.54	2505.59	47999	0	5
2024.08.19	20:00:00	2505.39	2505.73	2500.62	2504.23	16991	0	5
2024.08.20	00:00:00	2503.42	2506.73	2502.04	2504.85	8907	0	5
2024.08.20	04:00:00	2504.85	2508.10	2498.59	2500.73	28450	0	5
2024.08.20	08:00:00	2500.72	2523.00	2497.23	2519.76	36036	0	33
2024.08.20	12:00:00	2519.77	2529.11	2519.74	2526.74	32730	0	5
2024.08.20	16:00:00	2526.80	2531.53	2500.74	2508.95	53588	0	5
2024.08.20	20:00:00	2509.00	2516.79	2506.68	2514.01	17867	0	5
2024.08.21	00:00:00	2513.79	2515.98	2512.38	2513.39	10380	0	5
2024.08.21	04:00:00	2513.48	2519.84	2510.77	2516.06	30270	0	33
2024.08.21	08:00:00	2516.06	2519.47	2506.80	2507.22	29342	0	5
2024.08.21	12:00:00	2507.20	2513.59	2504.36	2510.44	27271	0	5
2024.08.21	16:00:00	2510.45	2512.76	2493.81	2507.00	54731	0	33
2024.08.21	20:00:00	2507.02	2519.04	2506.83	2512.30	26298	0	5
2024.08.22	00:00:00	2511.93	2514.56	2511.13	2513.63	8913	0	5
2024.08.22	04:00:00	2513.63	2514.04	2499.22	2501.83	32494	0	5
2024.08.22	08:00:00	2501.83	2510.48	2500.59	2503.53	32872	0	5
2024.08.22	12:00:00	2503.51	2508.98	2495.19	2500.56	32100	0	5
2024.08.22	16:00:00	2500.57	2501.43	2470.73	2484.15	53012	0	5
2024.08.22	20:00:00	2484.14	2484.75	2478.48	2484.73	23121	0	5
2024.08.23	00:00:00	2484.81	2492.15	2484.33	2489.89	8844	0	5
2024.08.23	04:00:00	2489.89	2494.40	2486.61	2493.32	28980	0	5
2024.08.23	08:00:00	2493.33	2499.84	2490.52	2498.88	28727	0	5
2024.08.23	12:00:00	2498.91	2502.35	2495.51	2501.17	26945	0	5
2024.08.23	16:00:00	2501.18	2518.23	2494.32	2510.16	61881	0	5
2024.08.23	20:00:00	2510.17	2513.11	2507.78	2511.93	23590	0	5
2024.08.26	00:00:00	2511.56	2516.82	2510.89	2513.59	15158	0	5
2024.08.26	04:00:00	2513.61	2515.30	2508.87	2509.51	31469	0	5
2024.08.26	08:00:00	2509.47	2525.65	2508.63	2524.12	31211	0	5
2024.08.26	12:00:00	2524.12	2526.70	2520.81	2523.74	28789	0	5
2024.08.26	16:00:00	2523.74	2526.34	2510.52	2520.08	46138	0	5
2024.08.26	20:00:00	2520.06	2523.24	2515.52	2517.91	19782	0	5
2024.08.27	00:00:00	2518.06	2518.23	2512.80	2513.06	7107	0	5
2024.08.27	04:00:00	2513.09	2514.00	2505.74	2507.23	26842	0	5
2024.08.27	08:00:00	2507.24	2517.43	2503.45	2510.92	34482	0	33
2024.08.27	12:00:00	2510.88	2514.24	2506.80	2509.75	31260	0	5
2024.08.27	16:00:00	2509.72	2520.17	2503.47	2514.32	45335	0	5
2024.08.27	20:00:00	2514.32	2525.84	2513.99	2524.59	21618	0	5
2024.08.28	00:00:00	2524.56	2528.90	2523.78	2524.30	8266	0	5
2024.08.28	04:00:00	2524.24	2524.24	2510.18	2511.43	24654	0	5
2024.08.28	08:00:00	2511.44	2511.60	2503.20	2508.10	36040	0	33
2024.08.28	12:00:00	2508.06	2511.26	2493.55	2500.51	31127	0	5
2024.08.28	16:00:00	2500.53	2510.47	2496.31	2501.82	45132	0	33
2024.08.28	20:00:00	2501.81	2509.50	2500.48	2504.67	21891	0	5
2024.08.29	00:00:00	2504.55	2515.29	2504.37	2512.21	11063	0	5
2024.08.29	04:00:00	2512.20	2518.09	2511.59	2515.81	25074	0	6
2024.08.29	08:00:00	2515.78	2521.13	2513.66	2517.05	32315	0	33
2024.08.29	12:00:00	2517.08	2524.29	2503.55	2509.09	34788	0	5
2024.08.29	16:00:00	2509.08	2526.58	2508.13	2525.17	47807	0	5
2024.08.29	20:00:00	2525.14	2528.60	2520.57	2521.09	22146	0	5
2024.08.30	00:00:00	2521.13	2521.58	2516.65	2517.65	7063	0	5
2024.08.30	04:00:00	2517.66	2519.95	2512.07	2513.27	23653	0	5
2024.08.30	08:00:00	2513.28	2526.63	2512.42	2522.82	30990	0	6
2024.08.30	12:00:00	2522.82	2526.75	2514.89	2519.63	31502	0	5
2024.08.30	16:00:00	2519.58	2519.76	2496.53	2497.62	56490	0	33
2024.08.30	20:00:00	2497.63	2504.64	2494.06	2503.35	25103	0	5
2024.09.02	00:00:00	2502.34	2504.88	2501.05	2501.40	7771	0	5
2024.09.02	04:00:00	2501.38	2504.60	2489.94	2496.84	27399	0	5
2024.09.02	08:00:00	2496.83	2507.18	2495.20	2506.20	28293	0	5
2024.09.02	12:00:00	2506.16	2506.51	2496.94	2501.17	21684	0	5
2024.09.02	16:00:00	2501.17	2502.35	2497.64	2500.41	22482	0	5
2024.09.02	20:00:00	2500.42	2501.18	2498.69	2499.46	2838	0	5
2024.09.03	00:00:00	2499.89	2500.56	2494.93	2495.66	7531	0	5
2024.09.03	04:00:00	2495.64	2496.84	2489.69	2495.87	30502	0	33
2024.09.03	08:00:00	2495.85	2506.18	2492.66	2503.86	32943	0	5
2024.09.03	12:00:00	2503.86	2504.89	2484.67	2493.11	38702	0	5
2024.09.03	16:00:00	2493.12	2497.54	2473.39	2485.98	55055	0	5
2024.09.03	20:00:00	2485.98	2494.24	2485.37	2492.86	20408	0	5
2024.09.04	00:00:00	2493.05	2494.88	2492.05	2492.28	10768	0	5
2024.09.04	04:00:00	2492.26	2496.75	2491.22	2495.79	24940	0	12
2024.09.04	08:00:00	2495.76	2496.49	2472.39	2473.20	33786	0	5
2024.09.04	12:00:00	2473.19	2491.14	2471.77	2486.43	34849	0	33
2024.09.04	16:00:00	2486.47	2500.15	2481.97	2496.62	49756	0	5
2024.09.04	20:00:00	2496.62	2497.22	2491.39	2495.44	19019	0	5
2024.09.05	00:00:00	2495.24	2496.80	2494.41	2495.10	8265	0	5
2024.09.05	04:00:00	2495.09	2499.21	2493.72	2494.18	24657	0	5
2024.09.05	08:00:00	2494.15	2516.56	2493.86	2514.59	34506	0	5
2024.09.05	12:00:00	2514.60	2523.31	2513.23	2517.63	35148	0	33
2024.09.05	16:00:00	2517.63	2520.46	2503.84	2510.29	51383	0	5
2024.09.05	20:00:00	2510.29	2516.76	2509.16	2516.63	17192	0	5
2024.09.06	00:00:00	2516.84	2517.93	2515.51	2515.81	8461	0	5
2024.09.06	04:00:00	2515.81	2519.44	2512.90	2518.32	23422	0	5
2024.09.06	08:00:00	2518.31	2521.70	2515.42	2517.76	28811	0	5
2024.09.06	12:00:00	2517.75	2529.08	2507.85	2522.17	32137	0	5
2024.09.06	16:00:00	2522.15	2522.93	2485.02	2488.91	71420	0	33
2024.09.06	20:00:00	2488.91	2497.72	2485.85	2497.61	30363	0	5
2024.09.09	00:00:00	2497.09	2498.20	2495.45	2495.89	12755	0	6
2024.09.09	04:00:00	2495.90	2500.31	2494.60	2498.13	29307	0	5
2024.09.09	08:00:00	2498.12	2498.21	2485.44	2492.13	40734	0	33
2024.09.09	12:00:00	2492.13	2504.02	2491.98	2500.82	30742	0	5
2024.09.09	16:00:00	2500.81	2505.14	2493.17	2504.23	43280	0	5
2024.09.09	20:00:00	2504.23	2507.04	2499.32	2506.22	18822	0	5
2024.09.10	00:00:00	2506.19	2507.56	2504.70	2505.31	8670	0	5
2024.09.10	04:00:00	2505.31	2506.75	2500.98	2501.69	25417	0	5
2024.09.10	08:00:00	2501.71	2507.61	2500.02	2502.22	31583	0	33
2024.09.10	12:00:00	2502.22	2513.94	2500.09	2513.71	30553	0	33
2024.09.10	16:00:00	2513.70	2518.32	2500.77	2514.29	46765	0	5
2024.09.10	20:00:00	2514.30	2517.34	2511.97	2516.54	19072	0	5
2024.09.11	00:00:00	2516.55	2519.03	2516.06	2516.45	9004	0	5
2024.09.11	04:00:00	2516.46	2522.45	2514.85	2519.50	32203	0	8
2024.09.11	08:00:00	2519.50	2528.93	2519.24	2524.17	37638	0	33
2024.09.11	12:00:00	2524.18	2524.61	2502.13	2508.06	35054	0	5
2024.09.11	16:00:00	2508.07	2519.93	2500.85	2515.07	56454	0	5
2024.09.11	20:00:00	2515.06	2516.79	2509.68	2511.35	22461	0	5
2024.09.12	00:00:00	2511.97	2513.86	2511.00	2512.07	8260	0	5
2024.09.12	04:00:00	2512.08	2517.65	2510.90	2516.92	27407	0	5
2024.09.12	08:00:00	2516.92	2522.15	2514.41	2517.29	29900	0	33
2024.09.12	12:00:00	2517.28	2535.14	2512.90	2528.99	34928	0	5
2024.09.12	16:00:00	2528.43	2555.06	2522.05	2550.60	57721	0	6
2024.09.12	20:00:00	2550.61	2559.98	2550.03	2558.60	29447	0	5
2024.09.13	00:00:00	2558.54	2562.67	2556.61	2561.49	12412	0	5
2024.09.13	04:00:00	2561.49	2570.02	2559.85	2568.72	34969	0	33
2024.09.13	08:00:00	2568.71	2570.95	2563.00	2569.88	38218	0	33
2024.09.13	12:00:00	2569.75	2575.77	2563.60	2575.71	34259	0	33
2024.09.13	16:00:00	2575.74	2585.03	2573.02	2584.21	50428	0	5
2024.09.13	20:00:00	2584.20	2585.92	2577.70	2578.38	21405	0	5
2024.09.16	00:00:00	2579.39	2582.27	2577.60	2581.25	10353	0	5
2024.09.16	04:00:00	2581.25	2588.88	2579.73	2585.70	18584	0	5
2024.09.16	08:00:00	2585.70	2589.56	2579.48	2586.77	30390	0	5
2024.09.16	12:00:00	2586.78	2588.18	2575.17	2583.34	32521	0	5
2024.09.16	16:00:00	2583.34	2589.22	2576.04	2583.59	42630	0	5
2024.09.16	20:00:00	2583.54	2584.01	2579.50	2582.42	14812	0	5
2024.09.17	00:00:00	2582.09	2584.31	2580.18	2580.18	7477	0	5
2024.09.17	04:00:00	2580.20	2586.22	2574.86	2576.82	22310	0	5
2024.09.17	08:00:00	2576.81	2586.82	2574.48	2580.05	29501	0	5
2024.09.17	12:00:00	2580.04	2581.58	2568.29	2577.64	37286	0	33
2024.09.17	16:00:00	2577.69	2582.11	2561.29	2563.04	49517	0	5
2024.09.17	20:00:00	2563.03	2571.56	2560.69	2569.45	22199	0	5
2024.09.18	00:00:00	2569.64	2574.68	2569.56	2572.91	9223	0	5
2024.09.18	04:00:00	2572.91	2576.36	2567.88	2568.58	29821	0	6
2024.09.18	08:00:00	2568.55	2571.84	2565.64	2569.69	30007	0	5
2024.09.18	12:00:00	2569.69	2580.62	2567.90	2576.14	28274	0	5
2024.09.18	16:00:00	2576.15	2578.45	2567.94	2574.79	41046	0	7
2024.09.18	20:00:00	2574.77	2600.04	2546.71	2559.27	57935	0	5
2024.09.19	00:00:00	2558.73	2561.52	2555.62	2558.66	15940	0	5
2024.09.19	04:00:00	2558.68	2566.59	2550.94	2563.96	38199	0	5
2024.09.19	08:00:00	2563.95	2586.52	2563.86	2584.86	41951	0	5
2024.09.19	12:00:00	2584.85	2594.76	2573.08	2576.71	43422	0	33
2024.09.19	16:00:00	2576.65	2592.48	2569.65	2591.64	52289	0	5
2024.09.19	20:00:00	2591.65	2592.57	2585.84	2586.61	20630	0	5
2024.09.20	00:00:00	2586.85	2588.40	2586.05	2587.96	7663	0	5
2024.09.20	04:00:00	2588.04	2594.25	2584.71	2593.61	29390	0	5
2024.09.20	08:00:00	2593.66	2612.65	2592.32	2609.69	37036	0	5
2024.09.20	12:00:00	2609.69	2619.23	2602.38	2615.49	34492	0	33
2024.09.20	16:00:00	2615.49	2625.65	2602.54	2624.78	57989	0	5
2024.09.20	20:00:00	2624.78	2625.27	2617.74	2622.26	25601	0	5
2024.09.23	00:00:00	2619.54	2622.04	2618.09	2618.18	8871	0	5
2024.09.23	04:00:00	2618.21	2631.02	2615.97	2629.32	25814	0	5
2024.09.23	08:00:00	2629.30	2631.22	2613.78	2616.74	37659	0	5
2024.09.23	12:00:00	2616.74	2627.97	2615.31	2626.94	30284	0	5
2024.09.23	16:00:00	2626.95	2634.74	2625.49	2628.12	50036	0	5
2024.09.23	20:00:00	2628.09	2629.00	2625.60	2628.39	18316	0	5
2024.09.24	00:00:00	2628.64	2628.64	2623.74	2625.09	7873	0	5
2024.09.24	04:00:00	2625.09	2638.15	2624.84	2638.00	33294	0	33
2024.09.24	08:00:00	2638.01	2639.96	2622.56	2628.97	42273	0	33
2024.09.24	12:00:00	2628.96	2636.09	2623.28	2633.00	36007	0	5
2024.09.24	16:00:00	2633.06	2655.06	2630.83	2653.41	56441	0	5
2024.09.24	20:00:00	2653.42	2664.24	2649.70	2656.99	27482	0	5
2024.09.25	00:00:00	2657.43	2660.84	2656.53	2660.73	10972	0	5
2024.09.25	04:00:00	2660.73	2670.39	2655.41	2658.83	37880	0	5
2024.09.25	08:00:00	2658.84	2659.72	2651.47	2655.80	36173	0	33
2024.09.25	12:00:00	2655.80	2660.72	2652.65	2659.40	30565	0	5
2024.09.25	16:00:00	2659.39	2667.38	2649.61	2653.63	52762	0	33
2024.09.25	20:00:00	2653.62	2662.86	2653.05	2657.02	21495	0	5
2024.09.26	00:00:00	2656.47	2660.23	2655.31	2659.00	9754	0	5
2024.09.26	04:00:00	2659.01	2662.81	2656.97	2660.59	25883	0	5
2024.09.26	08:00:00	2660.59	2670.42	2657.90	2668.94	38695	0	33
2024.09.26	12:00:00	2668.93	2685.44	2666.84	2677.16	44419	0	33
2024.09.26	16:00:00	2677.13	2679.60	2654.70	2668.07	61828	0	5
2024.09.26	20:00:00	2668.07	2677.79	2667.50	2672.23	24272	0	5
2024.09.27	00:00:00	2672.24	2673.22	2669.29	2669.70	9551	0	5
2024.09.27	04:00:00	2669.70	2673.87	2666.12	2670.37	35366	0	33
2024.09.27	08:00:00	2670.38	2671.23	2660.81	2662.46	46734	0	33
2024.09.27	12:00:00	2662.50	2674.20	2658.23	2670.01	37612	0	33
2024.09.27	16:00:00	2669.98	2670.93	2644.68	2651.66	59405	0	33
2024.09.27	20:00:00	2651.70	2660.03	2643.04	2659.81	27363	0	5
2024.09.30	00:00:00	2658.25	2665.90	2657.84	2661.56	17702	0	5
2024.09.30	04:00:00	2661.55	2664.28	2647.17	2655.75	34087	0	33
2024.09.30	08:00:00	2655.77	2660.51	2650.55	2653.40	36233	0	33
2024.09.30	12:00:00	2653.45	2653.55	2634.36	2638.87	37237	0	33
2024.09.30	16:00:00	2638.85	2642.02	2628.70	2639.00	50315	0	33
2024.09.30	20:00:00	2639.01	2641.71	2624.59	2634.53	31732	0	5
2024.10.01	00:00:00	2634.35	2637.09	2632.13	2636.41	8098	0	5
2024.10.01	04:00:00	2636.38	2640.31	2634.42	2639.53	15792	0	5
2024.10.01	08:00:00	2639.53	2647.25	2639.45	2646.43	31180	0	5
2024.10.01	12:00:00	2646.46	2656.57	2645.30	2651.41	33487	0	33
2024.10.01	16:00:00	2651.42	2673.04	2647.90	2666.37	59808	0	5
2024.10.01	20:00:00	2666.38	2671.71	2657.49	2663.37	29957	0	5
2024.10.02	00:00:00	2663.25	2663.25	2656.84	2657.31	8892	0	5
2024.10.02	04:00:00	2657.34	2661.89	2652.52	2654.07	22513	0	5
2024.10.02	08:00:00	2654.06	2656.08	2644.44	2652.34	34786	0	33
2024.10.02	12:00:00	2652.33	2655.42	2643.68	2649.50	32401	0	33
2024.10.02	16:00:00	2649.50	2663.26	2641.02	2649.63	49809	0	5
2024.10.02	20:00:00	2649.60	2659.77	2647.07	2658.67	19408	0	5
2024.10.03	00:00:00	2658.51	2662.79	2657.35	2657.70	11135	0	5
2024.10.03	04:00:00	2657.71	2658.82	2653.23	2654.91	24522	0	5
2024.10.03	08:00:00	2654.90	2657.40	2641.74	2645.06	37239	0	33
2024.10.03	12:00:00	2645.02	2653.93	2640.89	2642.33	39314	0	5
2024.10.03	16:00:00	2642.31	2661.17	2636.90	2659.92	52605	0	5
2024.10.03	20:00:00	2659.96	2662.02	2655.05	2656.01	21827	0	5
2024.10.04	00:00:00	2656.25	2657.43	2654.23	2657.16	7516	0	5
2024.10.04	04:00:00	2657.15	2665.91	2656.68	2664.00	20823	0	5
2024.10.04	08:00:00	2663.99	2667.77	2658.63	2658.93	29141	0	5
2024.10.04	12:00:00	2658.94	2662.42	2631.91	2638.72	33824	0	33
2024.10.04	16:00:00	2638.70	2670.15	2637.50	2645.34	25742	0	5
2024.10.04	20:00:00	2645.29	2653.96	2642.79	2653.57	12026	0	5
2024.10.07	00:00:00	2649.56	2652.85	2647.78	2649.31	7490	0	8
2024.10.07	04:00:00	2649.43	2652.01	2643.83	2646.82	13922	0	5
2024.10.07	08:00:00	2646.66	2656.39	2639.73	2652.27	17283	0	5
2024.10.07	12:00:00	2652.27	2659.61	2637.74	2640.09	17486	0	5
2024.10.07	16:00:00	2639.86	2653.71	2639.20	2646.87	19737	0	5
2024.10.07	20:00:00	2646.68	2648.73	2639.75	2642.51	9942	0	5
2024.10.08	00:00:00	2644.69	2649.06	2641.58	2643.53	6835	0	5
2024.10.08	04:00:00	2643.36	2648.31	2633.78	2643.09	19169	0	5
2024.10.08	08:00:00	2643.05	2646.42	2628.63	2637.94	20066	0	5
2024.10.08	12:00:00	2637.96	2652.96	2635.73	2645.92	18018	0	5
2024.10.08	16:00:00	2645.99	2647.52	2604.77	2609.06	22462	0	5
2024.10.08	20:00:00	2609.05	2623.60	2605.51	2621.85	11729	0	5
2024.10.09	00:00:00	2621.60	2623.80	2620.61	2621.16	5638	0	7
2024.10.09	04:00:00	2621.13	2624.29	2614.93	2615.98	16005	0	5
2024.10.09	08:00:00	2615.96	2624.34	2609.18	2616.30	18859	0	5
2024.10.09	12:00:00	2616.33	2622.44	2614.60	2618.89	15351	0	8
2024.10.09	16:00:00	2618.95	2620.72	2605.23	2608.69	20603	0	5
2024.10.09	20:00:00	2608.64	2611.05	2605.21	2607.68	10755	0	5
2024.10.10	00:00:00	2607.68	2610.16	2605.89	2609.33	5018	0	7
2024.10.10	04:00:00	2609.31	2616.90	2606.82	2613.88	16362	0	5
2024.10.10	08:00:00	2613.93	2617.36	2610.24	2615.43	16570	0	7
2024.10.10	12:00:00	2615.46	2627.27	2611.34	2625.09	15650	0	5
2024.10.10	16:00:00	2625.33	2629.73	2615.91	2619.23	22021	0	5
2024.10.10	20:00:00	2619.19	2631.52	2616.50	2630.05	11809	0	5
2024.10.11	00:00:00	2629.75	2635.96	2628.02	2633.84	6559	0	3
2024.10.11	04:00:00	2633.87	2646.07	2632.95	2645.66	15389	0	5
2024.10.11	08:00:00	2645.52	2647.12	2637.99	2639.20	14991	0	5
2024.10.11	12:00:00	2639.19	2650.07	2636.17	2643.00	14993	0	5
2024.10.11	16:00:00	2643.00	2661.40	2642.63	2660.52	19043	0	5
2024.10.11	20:00:00	2660.50	2661.24	2654.79	2656.38	9217	0	5
2024.10.14	00:00:00	2655.69	2655.84	2645.09	2646.66	8413	0	5
2024.10.14	04:00:00	2646.62	2660.38	2643.17	2659.23	15540	0	9
2024.10.14	08:00:00	2659.23	2666.77	2657.12	2659.41	15373	0	5
2024.10.14	12:00:00	2659.45	2663.01	2649.19	2651.33	13876	0	10
2024.10.14	16:00:00	2651.32	2661.18	2643.93	2648.49	18320	0	5
2024.10.14	20:00:00	2648.47	2653.32	2646.17	2648.52	8376	0	5
2024.10.15	00:00:00	2648.48	2650.98	2647.26	2648.24	5412	0	8
2024.10.15	04:00:00	2648.19	2652.84	2642.97	2644.29	14777	0	5
2024.10.15	08:00:00	2644.35	2655.56	2638.33	2653.81	17090	0	5
2024.10.15	12:00:00	2653.81	2657.34	2645.84	2648.20	16057	0	5
2024.10.15	16:00:00	2648.12	2668.96	2646.09	2661.82	20659	0	5
2024.10.15	20:00:00	2661.80	2666.44	2659.01	2662.64	11046	0	5
2024.10.16	00:00:00	2662.43	2662.83	2658.73	2660.22	4809	0	5
2024.10.16	04:00:00	2660.24	2670.06	2660.14	2666.75	15359	0	5
2024.10.16	08:00:00	2666.77	2680.07	2666.13	2679.43	16939	0	6
2024.10.16	12:00:00	2679.83	2682.73	2672.95	2681.74	16373	0	5
2024.10.16	16:00:00	2681.69	2685.24	2666.13	2674.18	20100	0	5
2024.10.16	20:00:00	2674.29	2676.71	2672.80	2673.64	8231	0	5
2024.10.17	00:00:00	2673.91	2677.98	2673.24	2677.90	4601	0	8
2024.10.17	04:00:00	2677.90	2684.93	2674.50	2679.05	17289	0	10
2024.10.17	08:00:00	2679.08	2685.72	2678.05	2681.86	17579	0	5
2024.10.17	12:00:00	2681.85	2688.80	2673.15	2680.68	17032	0	5
2024.10.17	16:00:00	2680.69	2696.74	2678.01	2692.28	22056	0	5
2024.10.17	20:00:00	2692.37	2694.19	2688.91	2692.83	8937	0	5
2024.10.18	00:00:00	2692.69	2695.87	2691.82	2692.95	4622	0	8
2024.10.18	04:00:00	2693.04	2711.95	2692.81	2710.19	16932	0	5
2024.10.18	08:00:00	2710.18	2714.07	2701.78	2706.31	17780	0	5
2024.10.18	12:00:00	2706.36	2716.97	2706.23	2709.50	16701	0	5
2024.10.18	16:00:00	2709.24	2720.11	2704.99	2717.60	20059	0	5
2024.10.18	20:00:00	2717.61	2722.60	2713.63	2721.91	11471	0	5
2024.10.21	00:00:00	2720.16	2725.84	2719.29	2721.61	9058	0	8
2024.10.21	04:00:00	2721.62	2732.82	2721.05	2730.35	17166	0	5
2024.10.21	08:00:00	2730.37	2733.13	2723.53	2731.39	17730	0	5
2024.10.21	12:00:00	2731.52	2739.82	2727.75	2738.53	18257	0	5
2024.10.21	16:00:00	2738.70	2740.56	2716.90	2723.45	21347	0	5
2024.10.21	20:00:00	2723.51	2725.62	2714.27	2719.50	10814	0	5
2024.10.22	00:00:00	2719.49	2725.21	2718.93	2724.82	5598	0	8
2024.10.22	04:00:00	2724.82	2736.02	2723.87	2734.73	16110	0	5
2024.10.22	08:00:00	2734.70	2738.36	2729.02	2734.90	16092	0	5
2024.10.22	12:00:00	2734.92	2739.38	2729.49	2736.23	17438	0	5
2024.10.22	16:00:00	2736.22	2745.58	2733.81	2745.36	20365	0	5
2024.10.22	20:00:00	2745.43	2748.86	2743.61	2748.81	11441	0	5
2024.10.23	00:00:00	2748.27	2748.27	2744.80	2745.26	4742	0	7
2024.10.23	04:00:00	2745.15	2750.69	2737.89	2750.00	17227	0	5
2024.10.23	08:00:00	2749.99	2758.47	2748.08	2756.89	17039	0	6
2024.10.23	12:00:00	2757.02	2757.58	2740.77	2743.32	17533	0	5
2024.10.23	16:00:00	2743.37	2744.19	2708.78	2719.35	22644	0	5
2024.10.23	20:00:00	2719.34	2720.68	2712.03	2715.57	12846	0	5
2024.10.24	00:00:00	2715.39	2721.90	2715.09	2721.29	6397	0	5
2024.10.24	04:00:00	2721.22	2727.02	2720.26	2726.54	15946	0	11
2024.10.24	08:00:00	2726.49	2737.89	2725.83	2736.87	17789	0	5
2024.10.24	12:00:00	2736.81	2741.59	2734.39	2739.08	16473	0	5
2024.10.24	16:00:00	2738.91	2743.19	2722.49	2733.52	22346	0	5
2024.10.24	20:00:00	2733.52	2737.68	2732.92	2735.84	11276	0	5
2024.10.25	00:00:00	2735.83	2736.03	2731.30	2732.39	4964	0	5
2024.10.25	04:00:00	2732.46	2735.15	2723.87	2726.01	15380	0	13
2024.10.25	08:00:00	2726.06	2732.60	2718.85	2719.40	16798	0	6
2024.10.25	12:00:00	2719.40	2732.52	2717.02	2731.49	16360	0	5
2024.10.25	16:00:00	2731.58	2742.01	2725.22	2739.19	20622	0	5
2024.10.25	20:00:00	2739.18	2747.55	2738.72	2747.39	10753	0	5
2024.10.28	00:00:00	2732.70	2740.17	2724.72	2732.26	16297	0	6
2024.10.28	04:00:00	2732.34	2738.81	2729.08	2738.42	12937	0	13
2024.10.28	08:00:00	2738.44	2744.55	2728.50	2729.30	16102	0	5
2024.10.28	12:00:00	2729.10	2743.39	2727.89	2740.93	16618	0	7
2024.10.28	16:00:00	2740.84	2745.92	2738.95	2743.32	18354	0	5
2024.10.28	20:00:00	2743.33	2743.50	2740.15	2742.24	7114	0	6
2024.10.29	00:00:00	2741.97	2752.36	2739.80	2752.11	10776	0	5
2024.10.29	04:00:00	2752.10	2757.76	2748.61	2749.96	15904	0	5
2024.10.29	08:00:00	2749.96	2756.65	2746.37	2752.48	17457	0	5
2024.10.29	12:00:00	2752.51	2763.95	2746.33	2759.91	19254	0	5
2024.10.29	16:00:00	2759.77	2772.54	2759.77	2769.73	21091	0	5
2024.10.29	20:00:00	2769.81	2774.75	2768.19	2774.44	8034	0	5
2024.10.30	00:00:00	2774.11	2782.21	2772.85	2781.74	10760	0	5
2024.10.30	04:00:00	2781.72	2784.93	2776.07	2783.15	14715	0	11
2024.10.30	08:00:00	2783.12	2789.84	2779.54	2784.59	17431	0	5
2024.10.30	12:00:00	2784.56	2787.54	2770.87	2777.34	19587	0	5
2024.10.30	16:00:00	2777.24	2789.61	2771.97	2788.60	21036	0	5
2024.10.30	20:00:00	2788.62	2790.05	2784.49	2787.21	8733	0	5
2024.10.31	00:00:00	2787.85	2790.09	2783.54	2784.65	9380	0	9
2024.10.31	04:00:00	2784.62	2789.02	2782.05	2785.06	13042	0	5
2024.10.31	08:00:00	2785.08	2786.03	2776.92	2778.21	16502	0	5
2024.10.31	12:00:00	2778.21	2782.61	2754.71	2755.33	19670	0	5
2024.10.31	16:00:00	2755.34	2756.84	2731.64	2739.63	22115	0	5
2024.10.31	20:00:00	2739.68	2749.64	2739.62	2743.77	10328	0	5
2024.11.01	00:00:00	2743.91	2749.89	2743.57	2749.65	11023	0	5
2024.11.01	04:00:00	2749.56	2755.21	2745.81	2754.98	14882	0	7
2024.11.01	08:00:00	2755.06	2757.67	2747.08	2751.26	17981	0	5
2024.11.01	12:00:00	2751.25	2762.26	2744.84	2755.67	20304	0	5
2024.11.01	16:00:00	2757.77	2758.87	2735.09	2736.32	22004	0	5
2024.11.01	20:00:00	2736.31	2738.02	2733.17	2735.84	9315	0	5
2024.11.04	00:00:00	2738.13	2741.33	2730.55	2739.91	12222	0	13
2024.11.04	04:00:00	2739.90	2743.68	2736.98	2741.53	15775	0	5
2024.11.04	08:00:00	2741.56	2744.75	2732.04	2743.30	18320	0	9
2024.11.04	12:00:00	2743.31	2746.74	2736.10	2746.73	17743	0	5
2024.11.04	16:00:00	2746.74	2748.16	2731.74	2738.41	21053	0	5
2024.11.04	20:00:00	2738.46	2739.66	2735.67	2736.46	11835	0	5
2024.11.05	00:00:00	2736.84	2738.06	2732.94	2734.25	8500	0	5
2024.11.05	04:00:00	2734.25	2737.22	2724.71	2732.56	15577	0	5
2024.11.05	08:00:00	2732.56	2744.90	2731.70	2739.91	17344	0	5
2024.11.05	12:00:00	2739.92	2746.74	2735.60	2744.80	16380	0	5
2024.11.05	16:00:00	2744.71	2749.88	2732.99	2741.99	20502	0	5
2024.11.05	20:00:00	2741.99	2744.96	2739.34	2743.72	10871	0	14
2024.11.06	00:00:00	2743.32	2749.69	2732.64	2747.09	12985	0	5
2024.11.06	04:00:00	2746.88	2748.39	2730.69	2739.05	23116	0	5
2024.11.06	08:00:00	2738.79	2739.33	2701.50	2724.65	23129	0	5
2024.11.06	12:00:00	2724.53	2727.12	2659.14	2664.12	22150	0	5
2024.11.06	16:00:00	2663.89	2678.18	2652.44	2663.24	23822	0	5
2024.11.06	20:00:00	2663.35	2669.57	2658.89	2658.94	14553	0	5
2024.11.07	00:00:00	2659.18	2664.33	2643.33	2649.44	11296	0	5
2024.11.07	04:00:00	2649.41	2661.24	2649.41	2659.31	16975	0	5
2024.11.07	08:00:00	2659.13	2667.57	2652.82	2661.62	18774	0	5
2024.11.07	12:00:00	2661.64	2685.06	2659.85	2684.51	18500	0	5
2024.11.07	16:00:00	2684.73	2700.21	2682.38	2699.21	21869	0	5
2024.11.07	20:00:00	2699.32	2710.27	2687.56	2706.24	16980	0	5
2024.11.08	00:00:00	2705.81	2710.35	2699.19	2699.85	10143	0	5
2024.11.08	04:00:00	2699.87	2701.03	2693.28	2695.12	15473	0	5
2024.11.08	08:00:00	2695.12	2695.70	2680.35	2689.23	19553	0	5
2024.11.08	12:00:00	2689.30	2701.04	2682.02	2697.57	18916	0	5
2024.11.08	16:00:00	2697.69	2704.10	2682.98	2687.89	21558	0	5
2024.11.08	20:00:00	2687.89	2688.75	2682.74	2684.15	11589	0	5
2024.11.11	00:00:00	2682.96	2686.22	2671.89	2672.99	10667	0	5
2024.11.11	04:00:00	2673.02	2675.12	2666.43	2669.24	15485	0	5
2024.11.11	08:00:00	2669.22	2674.05	2663.85	2666.85	17771	0	5
2024.11.11	12:00:00	2666.84	2675.33	2634.33	2635.49	19764	0	5
2024.11.11	16:00:00	2635.54	2635.63	2611.52	2612.56	21257	0	5
2024.11.11	20:00:00	2612.54	2626.17	2610.59	2619.30	11241	0	5
2024.11.12	00:00:00	2619.50	2627.13	2619.20	2624.05	8986	0	5
2024.11.12	04:00:00	2623.97	2625.43	2605.40	2606.89	16099	0	13
2024.11.12	08:00:00	2606.84	2610.14	2590.87	2593.31	20251	0	5
2024.11.12	12:00:00	2593.28	2616.37	2589.81	2611.58	20626	0	5
2024.11.12	16:00:00	2611.62	2616.96	2592.46	2597.46	22535	0	5
2024.11.12	20:00:00	2597.54	2602.05	2595.09	2597.98	13262	0	5
2024.11.13	00:00:00	2598.53	2611.19	2597.57	2607.98	8762	0	5
2024.11.13	04:00:00	2608.25	2613.34	2603.60	2605.79	15030	0	5
2024.11.13	08:00:00	2605.79	2611.60	2601.06	2608.65	16916	0	5
2024.11.13	12:00:00	2608.60	2618.81	2605.85	2612.31	17996	0	6
2024.11.13	16:00:00	2612.21	2616.36	2577.56	2583.32	24395	0	5
2024.11.13	20:00:00	2583.29	2585.42	2572.65	2572.70	14390	0	5
2024.11.14	00:00:00	2574.82	2581.29	2561.55	2562.56	11401	0	5
2024.11.14	04:00:00	2562.48	2565.30	2555.33	2558.64	16769	0	5
2024.11.14	08:00:00	2558.71	2560.50	2536.77	2543.51	20488	0	5
2024.11.14	12:00:00	2543.53	2560.27	2539.02	2557.18	21242	0	5
2024.11.14	16:00:00	2557.13	2577.42	2554.34	2572.93	23142	0	5
2024.11.14	20:00:00	2573.10	2576.86	2563.90	2564.53	16620	0	5
2024.11.15	00:00:00	2565.12	2571.71	2563.10	2564.95	9664	0	8
2024.11.15	04:00:00	2565.00	2571.10	2559.78	2559.99	14616	0	5
2024.11.15	08:00:00	2559.95	2568.92	2554.58	2564.00	18828	0	5
2024.11.15	12:00:00	2564.00	2575.67	2561.31	2565.32	20180	0	5
2024.11.15	16:00:00	2565.21	2576.05	2560.15	2562.92	23262	0	5
2024.11.15	20:00:00	2562.98	2568.01	2559.45	2561.78	13706	0	5
2024.11.18	00:00:00	2564.94	2597.27	2564.79	2587.01	12674	0	5
2024.11.18	04:00:00	2586.92	2594.99	2585.08	2585.56	15249	0	5
2024.11.18	08:00:00	2585.48	2597.26	2580.41	2595.69	18891	0	5
2024.11.18	12:00:00	2595.78	2604.98	2589.55	2603.88	18606	0	5
2024.11.18	16:00:00	2603.96	2615.02	2602.77	2610.44	20586	0	5
2024.11.18	20:00:00	2610.40	2612.57	2607.67	2611.72	11513	0	5
2024.11.19	00:00:00	2611.74	2617.78	2610.23	2615.62	8349	0	5
2024.11.19	04:00:00	2615.60	2625.60	2615.60	2622.55	15117	0	5
2024.11.19	08:00:00	2622.57	2634.44	2617.73	2630.28	19754	0	5
2024.11.19	12:00:00	2629.95	2639.40	2628.80	2635.25	19723	0	5
2024.11.19	16:00:00	2635.18	2636.81	2621.00	2628.10	22031	0	5
2024.11.19	20:00:00	2628.14	2634.57	2626.32	2632.11	11423	0	5
2024.11.20	00:00:00	2632.00	2641.48	2631.79	2639.57	9312	0	5
2024.11.20	04:00:00	2639.61	2641.75	2634.93	2636.84	13616	0	5
2024.11.20	08:00:00	2636.65	2637.05	2618.91	2621.91	18482	0	5
2024.11.20	12:00:00	2621.88	2640.40	2620.94	2636.06	18281	0	6
2024.11.20	16:00:00	2636.09	2655.35	2634.18	2651.84	20921	0	5
2024.11.20	20:00:00	2651.91	2653.04	2645.40	2650.08	13543	0	7
2024.11.21	00:00:00	2649.80	2660.41	2648.63	2653.29	9290	0	5
2024.11.21	04:00:00	2653.45	2658.93	2650.38	2656.87	13553	0	7
2024.11.21	08:00:00	2656.93	2671.66	2656.59	2668.83	18028	0	5
2024.11.21	12:00:00	2668.84	2673.47	2660.46	2665.44	18026	0	5
2024.11.21	16:00:00	2665.53	2672.82	2661.32	2671.79	22209	0	5
2024.11.21	20:00:00	2671.85	2673.44	2667.86	2669.41	12927	0	5
2024.11.22	00:00:00	2669.66	2679.45	2668.21	2677.87	9493	0	5
2024.11.22	04:00:00	2677.74	2692.26	2677.30	2686.59	17006	0	5
2024.11.22	08:00:00	2686.65	2707.44	2685.90	2703.26	20050	0	5
2024.11.22	12:00:00	2703.45	2709.99	2689.40	2692.91	20790	0	5
2024.11.22	16:00:00	2693.04	2707.26	2684.60	2706.80	21884	0	5
2024.11.22	20:00:00	2706.82	2715.50	2705.12	2715.34	13523	0	6
2024.11.25	00:00:00	2692.25	2721.31	2691.70	2701.19	14052	0	5
2024.11.25	04:00:00	2701.30	2704.47	2657.72	2664.78	19027	0	5
2024.11.25	08:00:00	2664.95	2675.15	2661.74	2673.88	19619	0	5
2024.11.25	12:00:00	2673.77	2688.73	2668.86	2678.31	17526	0	5
2024.11.25	16:00:00	2678.28	2678.75	2624.62	2627.80	22116	0	5
2024.11.25	20:00:00	2627.67	2628.76	2615.60	2625.46	13269	0	5
2024.11.26	00:00:00	2625.01	2632.15	2604.86	2628.06	13312	0	5
2024.11.26	04:00:00	2628.13	2631.42	2617.83	2624.34	15771	0	5
2024.11.26	08:00:00	2624.40	2627.06	2610.89	2625.98	18442	0	5
2024.11.26	12:00:00	2626.04	2641.90	2624.03	2629.96	18984	0	5
2024.11.26	16:00:00	2629.84	2633.78	2616.84	2625.02	20763	0	5
2024.11.26	20:00:00	2624.99	2633.53	2619.56	2633.02	13114	0	5
2024.11.27	00:00:00	2630.47	2634.15	2627.00	2631.46	8400	0	6
2024.11.27	04:00:00	2631.38	2645.75	2631.16	2642.02	14140	0	5
2024.11.27	08:00:00	2642.11	2653.79	2638.97	2648.31	16985	0	5
2024.11.27	12:00:00	2648.32	2658.20	2643.46	2656.26	17130	0	5
2024.11.27	16:00:00	2656.19	2656.78	2635.37	2637.30	21213	0	5
2024.11.27	20:00:00	2637.26	2640.75	2633.89	2635.95	11515	0	5
2024.11.28	00:00:00	2637.80	2638.38	2620.92	2628.78	9050	0	5
2024.11.28	04:00:00	2628.82	2634.01	2625.59	2633.41	13008	0	5
2024.11.28	08:00:00	2633.42	2647.92	2631.86	2646.14	14622	0	5
2024.11.28	12:00:00	2646.14	2649.57	2642.74	2647.09	14096	0	5
2024.11.28	16:00:00	2647.08	2647.95	2636.24	2640.92	12219	0	5
2024.11.28	20:00:00	2640.91	2641.34	2636.96	2637.07	1095	0	5
2024.11.29	00:00:00	2637.58	2647.18	2634.03	2644.95	9494	0	5
2024.11.29	04:00:00	2644.94	2664.28	2644.82	2662.35	16214	0	5
2024.11.29	08:00:00	2662.30	2666.37	2654.56	2664.17	16486	0	5
2024.11.29	12:00:00	2664.17	2665.85	2656.22	2657.98	17043	0	5
2024.11.29	16:00:00	2658.00	2662.70	2650.68	2660.50	20605	0	5
2024.11.29	20:00:00	2660.53	2660.53	2648.54	2650.33	6418	0	9
2024.12.02	00:00:00	2652.01	2652.69	2622.92	2635.88	12797	0	5
2024.12.02	04:00:00	2635.90	2638.04	2621.92	2623.14	18310	0	5
2024.12.02	08:00:00	2623.12	2636.82	2621.86	2633.64	19278	0	8
2024.12.02	12:00:00	2633.53	2648.81	2633.33	2646.97	19480	0	5
2024.12.02	16:00:00	2646.96	2651.50	2637.32	2638.81	21155	0	5
2024.12.02	20:00:00	2638.79	2644.13	2633.59	2638.62	12090	0	5
2024.12.03	00:00:00	2639.23	2645.13	2634.11	2636.54	9928	0	5
2024.12.03	04:00:00	2636.53	2642.96	2634.52	2641.14	14920	0	5
2024.12.03	08:00:00	2641.22	2650.05	2639.27	2643.98	18428	0	5
2024.12.03	12:00:00	2644.10	2653.61	2637.78	2652.85	16785	0	5
2024.12.03	16:00:00	2652.94	2655.56	2635.22	2647.00	21199	0	5
2024.12.03	20:00:00	2647.02	2649.11	2640.26	2643.50	10668	0	5
2024.12.04	00:00:00	2643.29	2643.57	2637.76	2642.24	9041	0	9
2024.12.04	04:00:00	2642.11	2651.15	2642.00	2649.75	15449	0	5
2024.12.04	08:00:00	2649.78	2651.37	2636.66	2640.88	17318	0	5
2024.12.04	12:00:00	2640.97	2649.19	2632.31	2648.46	17776	0	5
2024.12.04	16:00:00	2648.48	2656.99	2645.02	2651.38	21710	0	5
2024.12.04	20:00:00	2651.39	2655.41	2646.84	2649.88	12504	0	5
2024.12.05	00:00:00	2649.60	2651.67	2646.24	2647.07	8500	0	5
2024.12.05	04:00:00	2647.10	2655.54	2644.69	2653.14	13466	0	9
2024.12.05	08:00:00	2653.04	2654.11	2641.87	2644.82	15996	0	5
2024.12.05	12:00:00	2644.78	2654.49	2644.34	2648.91	16397	0	5
2024.12.05	16:00:00	2648.90	2650.20	2623.70	2628.01	21623	0	5
2024.12.05	20:00:00	2627.98	2632.40	2623.52	2631.66	11597	0	5
2024.12.06	00:00:00	2631.76	2633.82	2612.32	2617.61	9554	0	5
2024.12.06	04:00:00	2617.61	2644.35	2616.94	2638.02	15087	0	5
2024.12.06	08:00:00	2637.98	2645.60	2636.04	2640.68	16220	0	5
2024.12.06	12:00:00	2640.74	2643.34	2631.01	2635.61	17726	0	5
2024.12.06	16:00:00	2635.57	2641.62	2624.03	2635.00	21728	0	5
2024.12.06	20:00:00	2634.86	2639.00	2631.07	2632.67	10812	0	6
2024.12.09	00:00:00	2643.88	2650.49	2627.57	2646.72	13530	0	0
2024.12.09	04:00:00	2646.70	2648.66	2634.59	2638.37	16520	0	5
2024.12.09	08:00:00	2638.35	2657.47	2638.23	2655.64	17325	0	5
2024.12.09	12:00:00	2655.71	2666.26	2653.38	2665.54	17850	0	5
2024.12.09	16:00:00	2665.72	2676.32	2662.68	2664.51	21175	0	5
2024.12.09	20:00:00	2664.60	2664.62	2656.68	2660.18	12408	0	5
2024.12.10	00:00:00	2660.85	2668.63	2657.93	2667.47	9893	0	5
2024.12.10	04:00:00	2667.51	2673.81	2665.44	2668.88	16820	0	5
2024.12.10	08:00:00	2668.72	2670.86	2661.28	2664.99	16551	0	5
2024.12.10	12:00:00	2665.04	2681.97	2664.44	2680.38	18247	0	5
2024.12.10	16:00:00	2680.37	2695.46	2679.45	2694.32	19969	0	5
2024.12.10	20:00:00	2694.29	2695.17	2690.91	2693.80	10918	0	5
2024.12.11	00:00:00	2693.98	2703.60	2693.34	2699.80	10869	0	7
2024.12.11	04:00:00	2700.15	2704.06	2674.85	2687.71	13929	0	10
2024.12.11	08:00:00	2686.89	2697.84	2685.94	2695.73	13072	0	10
2024.12.11	12:00:00	2695.85	2702.29	2690.50	2701.06	22557	0	8
2024.12.11	16:00:00	2701.07	2719.89	2696.48	2717.98	24091	0	5
2024.12.11	20:00:00	2717.93	2721.07	2713.09	2717.95	15864	0	7
2024.12.12	00:00:00	2717.58	2726.15	2700.32	2710.39	8650	0	14
2024.12.12	04:00:00	2710.38	2716.24	2703.54	2713.30	12329	0	14
2024.12.12	08:00:00	2713.27	2720.30	2709.83	2715.00	17253	0	14
2024.12.12	12:00:00	2714.66	2715.79	2697.18	2697.45	21643	0	5
2024.12.12	16:00:00	2697.23	2699.54	2675.03	2686.36	23599	0	5
2024.12.12	20:00:00	2686.33	2687.01	2679.46	2680.55	13786	0	5
2024.12.13	00:00:00	2681.00	2692.77	2678.42	2689.96	9209	0	10
2024.12.13	04:00:00	2689.96	2691.26	2684.37	2688.28	15886	0	7
2024.12.13	08:00:00	2688.28	2690.51	2667.40	2668.77	18939	0	8
2024.12.13	12:00:00	2668.87	2672.92	2659.65	2662.06	19441	0	8
2024.12.13	16:00:00	2661.95	2664.61	2654.49	2656.33	20324	0	5
2024.12.13	20:00:00	2656.36	2657.09	2645.68	2648.80	12742	0	5
2024.12.16	00:00:00	2650.72	2655.60	2643.52	2653.42	8097	0	5
2024.12.16	04:00:00	2653.44	2655.43	2649.58	2652.81	10700	0	9
2024.12.16	08:00:00	2652.57	2662.03	2651.69	2658.09	13609	0	7
2024.12.16	12:00:00	2658.16	2664.23	2657.40	2661.91	14842	0	7
2024.12.16	16:00:00	2662.13	2663.03	2648.57	2652.08	18142	0	5
2024.12.16	20:00:00	2652.06	2655.79	2651.31	2652.62	8916	0	11
2024.12.17	00:00:00	2652.65	2658.57	2651.15	2658.05	7431	0	5
2024.12.17	04:00:00	2657.73	2658.54	2649.04	2653.75	12395	0	9
2024.12.17	08:00:00	2653.82	2657.10	2638.10	2639.65	16242	0	5
2024.12.17	12:00:00	2639.56	2646.87	2634.72	2637.08	16810	0	5
2024.12.17	16:00:00	2637.06	2647.08	2633.03	2645.99	19554	0	5
2024.12.17	20:00:00	2645.96	2648.98	2643.10	2646.40	10291	0	5
2024.12.18	00:00:00	2646.32	2651.70	2644.77	2650.97	6749	0	5
2024.12.18	04:00:00	2651.03	2651.04	2642.64	2647.44	12488	0	5
2024.12.18	08:00:00	2647.43	2649.66	2642.15	2646.83	13846	0	9
2024.12.18	12:00:00	2646.86	2649.40	2640.88	2643.89	12961	0	5
2024.12.18	16:00:00	2644.20	2644.95	2632.92	2636.03	17519	0	5
2024.12.18	20:00:00	2636.03	2638.97	2583.62	2585.31	18844	0	5
2024.12.19	00:00:00	2585.48	2618.11	2582.92	2611.99	10709	0	5
2024.12.19	04:00:00	2611.65	2613.92	2606.15	2607.19	10933	0	5
2024.12.19	08:00:00	2606.98	2622.90	2603.27	2620.50	15541	0	5
2024.12.19	12:00:00	2620.48	2626.42	2595.28	2596.37	18421	0	5
2024.12.19	16:00:00	2596.19	2600.77	2586.98	2592.61	21555	0	5
2024.12.19	20:00:00	2592.65	2601.01	2591.86	2594.39	13012	0	5
2024.12.20	00:00:00	2594.75	2603.88	2589.69	2603.80	8466	0	8
2024.12.20	04:00:00	2603.80	2603.99	2595.57	2600.20	11709	0	9
2024.12.20	08:00:00	2600.29	2607.70	2598.90	2605.07	14451	0	6
2024.12.20	12:00:00	2605.11	2614.15	2600.12	2609.53	15719	0	5
2024.12.20	16:00:00	2609.33	2631.82	2608.52	2625.43	21011	0	5
2024.12.20	20:00:00	2624.78	2629.27	2618.65	2623.03	13216	0	5
2024.12.23	00:00:00	2620.78	2626.27	2617.60	2620.85	8738	0	5
2024.12.23	04:00:00	2620.79	2629.24	2620.45	2626.59	11311	0	5
2024.12.23	08:00:00	2626.58	2633.22	2624.53	2626.43	13448	0	5
2024.12.23	12:00:00	2626.30	2626.82	2613.01	2617.38	16087	0	5
2024.12.23	16:00:00	2617.00	2619.82	2608.13	2611.20	17841	0	5
2024.12.23	20:00:00	2611.20	2613.68	2609.14	2612.77	10193	0	6
2024.12.24	00:00:00	2613.12	2618.02	2612.87	2617.64	6556	0	8
2024.12.24	04:00:00	2617.51	2621.41	2615.65	2619.24	10198	0	8
2024.12.24	08:00:00	2619.20	2621.46	2613.37	2613.54	11017	0	5
2024.12.24	12:00:00	2613.54	2617.86	2611.29	2614.30	11799	0	5
2024.12.24	16:00:00	2614.30	2619.36	2610.02	2616.98	15769	0	5
2024.12.24	20:00:00	2616.99	2617.92	2614.68	2616.59	1266	0	15
2024.12.26	00:00:00	2616.14	2627.74	2614.12	2626.64	6447	0	7
2024.12.26	04:00:00	2626.64	2629.18	2625.48	2626.39	8718	0	10
2024.12.26	08:00:00	2626.34	2629.61	2623.64	2627.48	8474	0	5
2024.12.26	12:00:00	2627.50	2631.12	2621.73	2623.12	11462	0	5
2024.12.26	16:00:00	2623.09	2639.14	2622.40	2629.18	17369	0	5
2024.12.26	20:00:00	2629.11	2636.14	2629.06	2633.53	11284	0	5
2024.12.27	00:00:00	2635.70	2636.02	2629.40	2632.18	6108	0	5
2024.12.27	04:00:00	2632.07	2635.47	2628.94	2631.33	9284	0	5
2024.12.27	08:00:00	2631.24	2638.34	2623.76	2624.06	11729	0	5
2024.12.27	12:00:00	2624.03	2631.52	2618.05	2618.81	13686	0	5
2024.12.27	16:00:00	2618.84	2619.69	2611.69	2615.88	17854	0	5
2024.12.27	20:00:00	2615.82	2621.56	2612.61	2621.54	10972	0	6
2024.12.30	00:00:00	2621.03	2626.83	2619.88	2624.32	6040	0	5
2024.12.30	04:00:00	2624.32	2628.13	2620.50	2623.75	8412	0	5
2024.12.30	08:00:00	2623.76	2624.67	2609.23	2612.80	12287	0	5
2024.12.30	12:00:00	2612.77	2622.50	2606.58	2606.66	13773	0	5
2024.12.30	16:00:00	2606.92	2613.77	2596.09	2605.09	19051	0	5
2024.12.30	20:00:00	2605.25	2609.52	2603.45	2605.96	10284	0	5
2024.12.31	00:00:00	2605.71	2611.59	2603.87	2608.99	5694	0	5
2024.12.31	04:00:00	2608.98	2609.63	2602.59	2604.36	9744	0	5
2024.12.31	08:00:00	2604.32	2617.79	2603.56	2615.27	13083	0	6
2024.12.31	12:00:00	2615.41	2616.13	2605.33	2613.32	13839	0	5
2024.12.31	16:00:00	2613.33	2627.58	2611.34	2624.38	17673	0	5
2024.12.31	20:00:00	2624.29	2627.22	2622.22	2624.43	9389	0	5
2025.01.02	00:00:00	2624.48	2634.35	2621.48	2632.90	8548	0	5
2025.01.02	04:00:00	2632.92	2636.50	2631.10	2634.03	11605	0	5
2025.01.02	08:00:00	2634.03	2639.97	2631.15	2636.09	13575	0	6
2025.01.02	12:00:00	2636.09	2647.38	2632.76	2642.99	17336	0	5
2025.01.02	16:00:00	2643.01	2660.45	2640.37	2656.52	20440	0	5
2025.01.02	20:00:00	2656.53	2660.46	2653.78	2657.98	11915	0	5
2025.01.03	00:00:00	2658.34	2662.34	2656.79	2659.38	6241	0	6
2025.01.03	04:00:00	2659.47	2665.15	2655.96	2658.56	11613	0	5
2025.01.03	08:00:00	2658.58	2660.28	2649.91	2653.61	13053	0	6
2025.01.03	12:00:00	2653.61	2659.24	2643.48	2649.82	13549	0	5
2025.01.03	16:00:00	2649.78	2652.67	2639.04	2641.85	19367	0	5
2025.01.03	20:00:00	2641.85	2642.99	2636.51	2639.98	10770	0	5
2025.01.06	00:00:00	2641.45	2647.41	2638.65	2641.30	8278	0	5
2025.01.06	04:00:00	2641.24	2645.33	2631.70	2633.91	12796	0	5
2025.01.06	08:00:00	2633.92	2635.74	2625.18	2632.72	13813	0	5
2025.01.06	12:00:00	2632.71	2649.45	2621.89	2624.12	18471	0	5
2025.01.06	16:00:00	2624.32	2641.28	2614.45	2636.73	20127	0	5
2025.01.06	20:00:00	2636.75	2638.58	2632.66	2635.77	10363	0	5
2025.01.07	00:00:00	2636.09	2641.18	2632.98	2639.05	6850	0	5
2025.01.07	04:00:00	2639.04	2645.71	2637.88	2644.45	3241	0	8
2025.01.07	08:00:00	2644.44	2646.78	2638.04	2641.30	10625	0	5
2025.01.07	12:00:00	2641.32	2664.33	2641.32	2662.45	15233	0	5
2025.01.07	16:00:00	2662.53	2663.02	2642.22	2652.32	21548	0	5
2025.01.07	20:00:00	2652.38	2652.42	2646.95	2648.42	13205	0	5
2025.01.08	00:00:00	2648.45	2651.52	2647.16	2648.74	6676	0	6
2025.01.08	04:00:00	2648.85	2650.74	2645.25	2650.09	10347	0	10
2025.01.08	08:00:00	2650.06	2654.98	2648.93	2653.47	13883	0	6
2025.01.08	12:00:00	2653.49	2660.23	2645.87	2660.23	16373	0	5
2025.01.08	16:00:00	2660.20	2670.00	2649.52	2655.55	19952	0	5
2025.01.08	20:00:00	2655.51	2664.06	2651.52	2661.44	13373	0	5
2025.01.09	00:00:00	2661.31	2663.24	2657.23	2658.61	5859	0	5
2025.01.09	04:00:00	2658.51	2662.19	2655.51	2658.27	9516	0	5
2025.01.09	08:00:00	2658.28	2666.96	2658.27	2664.89	13003	0	5
2025.01.09	12:00:00	2664.88	2678.23	2664.38	2672.64	14104	0	5
2025.01.09	16:00:00	2672.55	2675.62	2662.65	2665.94	15724	0	5
2025.01.09	20:00:00	2665.89	2672.42	2664.93	2670.34	9289	0	5
2025.01.10	00:00:00	2670.34	2671.78	2668.44	2670.96	6520	0	9
2025.01.10	04:00:00	2670.96	2675.86	2670.18	2674.86	9879	0	5
2025.01.10	08:00:00	2674.83	2682.43	2673.38	2678.38	15615	0	5
2025.01.10	12:00:00	2678.35	2683.45	2663.96	2682.48	17172	0	5
2025.01.10	16:00:00	2682.41	2698.01	2680.72	2696.11	24479	0	5
2025.01.10	20:00:00	2696.08	2697.25	2684.52	2688.96	15601	0	5
2025.01.13	00:00:00	2690.19	2693.27	2679.46	2685.66	9628	0	5
2025.01.13	04:00:00	2685.74	2690.93	2683.34	2687.06	14271	0	5
2025.01.13	08:00:00	2687.00	2691.40	2682.94	2684.87	16959	0	5
2025.01.13	12:00:00	2684.74	2685.15	2663.87	2669.13	19265	0	5
2025.01.13	16:00:00	2669.06	2674.19	2659.25	2660.87	20829	0	5
2025.01.13	20:00:00	2660.95	2664.18	2656.84	2662.98	12482	0	5
2025.01.14	00:00:00	2663.55	2672.25	2663.15	2670.73	8985	0	5
2025.01.14	04:00:00	2670.77	2675.36	2667.40	2668.51	13957	0	5
2025.01.14	08:00:00	2668.70	2674.13	2664.81	2667.28	15800	0	5
2025.01.14	12:00:00	2667.28	2674.35	2660.66	2663.06	16717	0	5
2025.01.14	16:00:00	2662.88	2674.03	2659.86	2669.09	20729	0	5
2025.01.14	20:00:00	2669.11	2678.38	2666.77	2677.37	12264	0	5
2025.01.15	00:00:00	2678.38	2679.22	2669.90	2669.92	5681	0	5
2025.01.15	04:00:00	2669.92	2679.38	2669.39	2679.38	11553	0	5
2025.01.15	08:00:00	2679.39	2688.54	2679.12	2685.95	14599	0	5
2025.01.15	12:00:00	2685.94	2694.23	2682.15	2693.81	17230	0	5
2025.01.15	16:00:00	2694.09	2696.04	2676.79	2692.64	21391	0	5
2025.01.15	20:00:00	2692.67	2697.55	2691.14	2696.28	11162	0	5
2025.01.16	00:00:00	2695.01	2702.15	2692.55	2696.16	8722	0	5
2025.01.16	04:00:00	2696.31	2698.59	2693.66	2694.60	12066	0	5
2025.01.16	08:00:00	2694.64	2706.11	2690.03	2705.22	15688	0	5
2025.01.16	12:00:00	2705.27	2718.23	2700.27	2715.24	16727	0	5
2025.01.16	16:00:00	2715.27	2724.76	2712.61	2721.78	20749	0	5
2025.01.16	20:00:00	2721.85	2723.29	2712.37	2714.26	12442	0	5
2025.01.17	00:00:00	2714.44	2716.15	2709.88	2714.65	7126	0	5
2025.01.17	04:00:00	2714.74	2717.38	2711.19	2711.68	10593	0	5
2025.01.17	08:00:00	2711.69	2714.64	2703.89	2704.73	13752	0	5
2025.01.17	12:00:00	2704.67	2712.12	2702.82	2704.90	16317	0	5
2025.01.17	16:00:00	2704.72	2717.29	2702.69	2712.54	19550	0	5
2025.01.17	20:00:00	2712.66	2713.28	2698.47	2702.92	13152	0	5
2025.01.20	00:00:00	2703.09	2703.79	2689.26	2693.73	8987	0	5
2025.01.20	04:00:00	2693.87	2707.53	2693.61	2707.40	12196	0	5
2025.01.20	08:00:00	2707.37	2713.76	2702.88	2706.14	13120	0	5
2025.01.20	12:00:00	2706.03	2712.57	2701.52	2705.15	15352	0	5
2025.01.20	16:00:00	2705.73	2711.80	2703.12	2706.91	17950	0	5
2025.01.20	20:00:00	2707.10	2711.04	2704.24	2706.70	2364	0	11
2025.01.21	00:00:00	2708.28	2719.24	2702.81	2718.07	10238	0	7
2025.01.21	04:00:00	2718.08	2729.22	2717.93	2726.12	14878	0	5
2025.01.21	08:00:00	2726.00	2732.84	2717.20	2720.70	17754	0	5
2025.01.21	12:00:00	2720.70	2730.17	2716.43	2726.36	18093	0	6
2025.01.21	16:00:00	2726.41	2745.83	2725.24	2740.19	20441	0	5
2025.01.21	20:00:00	2740.00	2746.02	2739.83	2744.69	11386	0	5
2025.01.22	00:00:00	2745.17	2749.98	2741.10	2748.12	8872	0	6
2025.01.22	04:00:00	2748.10	2758.68	2746.22	2758.03	12862	0	5
2025.01.22	08:00:00	2758.08	2762.24	2745.59	2758.41	16604	0	5
2025.01.22	12:00:00	2758.41	2763.45	2750.89	2757.63	15909	0	5
2025.01.22	16:00:00	2757.64	2760.35	2750.25	2756.46	19490	0	5
2025.01.22	20:00:00	2756.45	2759.32	2754.51	2756.18	11001	0	5
2025.01.23	00:00:00	2756.17	2756.49	2750.62	2752.79	7534	0	5
2025.01.23	04:00:00	2752.79	2755.03	2749.51	2751.99	11400	0	8
2025.01.23	08:00:00	2751.97	2755.59	2740.87	2745.87	14200	0	5
2025.01.23	12:00:00	2745.74	2754.45	2735.58	2741.46	18509	0	5
2025.01.23	16:00:00	2741.72	2758.92	2740.23	2757.71	20903	0	7
2025.01.23	20:00:00	2757.74	2758.23	2751.28	2754.52	13075	0	8
2025.01.24	00:00:00	2754.64	2762.57	2753.49	2762.26	7411	0	5
2025.01.24	04:00:00	2762.38	2777.40	2762.33	2775.27	16215	0	9
2025.01.24	08:00:00	2775.22	2778.30	2770.04	2772.72	15312	0	12
2025.01.24	12:00:00	2772.73	2784.58	2771.53	2782.37	16118	0	5
2025.01.24	16:00:00	2782.37	2785.94	2769.99	2773.35	20439	0	6
2025.01.24	20:00:00	2773.36	2775.26	2770.42	2771.48	11875	0	5
2025.01.27	00:00:00	2769.76	2772.53	2762.88	2762.90	10494	0	12
2025.01.27	04:00:00	2762.90	2763.61	2752.86	2753.27	15235	0	5
2025.01.27	08:00:00	2753.18	2765.00	2747.32	2763.33	18364	0	5
2025.01.27	12:00:00	2763.16	2771.88	2752.28	2757.41	19947	0	5
2025.01.27	16:00:00	2757.19	2757.99	2730.48	2733.58	21979	0	5
2025.01.27	20:00:00	2733.52	2743.95	2733.00	2740.70	13685	0	5
2025.01.28	00:00:00	2739.91	2745.32	2739.42	2741.45	7836	0	10
2025.01.28	04:00:00	2741.41	2744.89	2737.80	2741.81	12965	0	18
2025.01.28	08:00:00	2741.51	2745.24	2734.81	2743.43	14593	0	5
2025.01.28	12:00:00	2743.36	2749.54	2740.25	2748.71	15498	0	7
2025.01.28	16:00:00	2748.90	2759.99	2748.72	2759.69	19735	0	5
2025.01.28	20:00:00	2759.87	2765.11	2759.05	2763.17	12487	0	5
2025.01.29	00:00:00	2763.23	2766.20	2762.28	2763.79	5743	0	10
2025.01.29	04:00:00	2763.75	2765.68	2760.03	2760.74	10690	0	7
2025.01.29	08:00:00	2760.92	2766.01	2757.37	2762.84	14200	0	5
2025.01.29	12:00:00	2762.77	2763.37	2752.23	2758.74	17183	0	5
2025.01.29	16:00:00	2758.86	2761.07	2748.49	2752.94	19425	0	5
2025.01.29	20:00:00	2752.84	2759.77	2744.76	2759.68	16062	0	5
2025.01.30	00:00:00	2759.61	2762.55	2758.23	2760.13	6620	0	5
2025.01.30	04:00:00	2760.06	2763.45	2758.70	2760.58	10538	0	5
2025.01.30	08:00:00	2760.58	2776.71	2760.25	2774.36	14655	0	5
2025.01.30	12:00:00	2774.24	2786.01	2773.94	2785.66	15993	0	5
2025.01.30	16:00:00	2785.82	2798.32	2780.15	2795.61	22759	0	5
2025.01.30	20:00:00	2795.62	2798.49	2789.81	2794.06	13270	0	5
2025.01.31	00:00:00	2795.08	2799.65	2791.77	2796.26	7725	0	5
2025.01.31	04:00:00	2796.15	2798.30	2793.98	2795.49	12417	0	5
2025.01.31	08:00:00	2795.49	2801.15	2791.69	2793.66	14661	0	5
2025.01.31	12:00:00	2793.66	2808.65	2791.02	2806.41	17142	0	5
2025.01.31	16:00:00	2806.54	2817.23	2802.93	2808.76	21691	0	5
2025.01.31	20:00:00	2808.75	2808.91	2794.34	2798.47	17574	0	5
2025.02.03	00:00:00	2804.21	2805.79	2778.20	2782.27	13519	0	5
2025.02.03	04:00:00	2782.26	2785.14	2772.17	2783.10	18785	0	5
2025.02.03	08:00:00	2783.10	2800.80	2782.89	2796.31	18556	0	5
2025.02.03	12:00:00	2796.21	2811.90	2793.01	2811.01	17963	0	5
2025.02.03	16:00:00	2811.02	2830.40	2810.05	2817.37	22871	0	5
2025.02.03	20:00:00	2817.06	2822.90	2812.19	2814.75	15664	0	5
2025.02.04	00:00:00	2814.62	2824.24	2810.32	2823.35	7120	0	5
2025.02.04	04:00:00	2823.24	2824.72	2813.37	2815.79	16473	0	5
2025.02.04	08:00:00	2815.72	2821.81	2807.19	2820.09	19222	0	5
2025.02.04	12:00:00	2819.95	2837.13	2812.86	2831.69	18376	0	5
2025.02.04	16:00:00	2831.86	2845.49	2829.07	2843.98	22589	0	5
2025.02.04	20:00:00	2843.87	2845.00	2840.71	2842.01	13058	0	5
2025.02.05	00:00:00	2842.67	2849.01	2839.67	2844.46	9121	0	5
2025.02.05	04:00:00	2844.46	2860.62	2844.01	2859.33	12450	0	5
2025.02.05	08:00:00	2859.35	2872.17	2854.86	2870.34	15712	0	5
2025.02.05	12:00:00	2870.52	2877.17	2858.73	2861.63	17685	0	5
2025.02.05	16:00:00	2861.82	2882.49	2860.68	2872.95	21909	0	5
2025.02.05	20:00:00	2872.97	2873.59	2859.97	2867.02	14068	0	5
2025.02.06	00:00:00	2864.94	2872.03	2861.79	2871.39	7933	0	5
2025.02.06	04:00:00	2871.76	2873.28	2864.37	2868.36	13220	0	5
2025.02.06	08:00:00	2868.36	2871.39	2848.94	2859.43	16985	0	5
2025.02.06	12:00:00	2859.33	2870.30	2855.56	2856.69	17967	0	5
2025.02.06	16:00:00	2856.74	2859.80	2834.10	2852.20	21282	0	5
2025.02.06	20:00:00	2852.35	2857.27	2849.87	2855.55	13795	0	5
2025.02.07	00:00:00	2855.66	2868.24	2855.63	2866.27	7453	0	5
2025.02.07	04:00:00	2866.17	2870.63	2862.04	2862.05	11718	0	5
2025.02.07	08:00:00	2861.92	2870.65	2859.02	2868.97	14620	0	5
2025.02.07	12:00:00	2868.98	2870.69	2852.39	2862.41	16313	0	5
2025.02.07	16:00:00	2862.52	2886.68	2853.25	2860.23	22928	0	5
2025.02.07	20:00:00	2860.17	2865.20	2859.10	2861.30	12288	0	5
2025.02.10	00:00:00	2857.21	2876.54	2854.81	2871.89	10564	0	5
2025.02.10	04:00:00	2871.96	2880.11	2871.23	2879.27	12365	0	5
2025.02.10	08:00:00	2879.45	2903.28	2878.86	2903.00	17254	0	5
2025.02.10	12:00:00	2903.06	2910.83	2898.17	2901.04	18625	0	5
2025.02.10	16:00:00	2900.96	2911.77	2896.36	2903.25	19860	0	5
2025.02.10	20:00:00	2903.18	2908.30	2900.92	2907.88	13333	0	5
2025.02.11	00:00:00	2907.90	2935.94	2907.87	2933.95	10409	0	5
2025.02.11	04:00:00	2933.96	2942.58	2906.31	2922.90	17263	0	5
2025.02.11	08:00:00	2922.61	2929.26	2902.99	2903.30	18744	0	5
2025.02.11	12:00:00	2903.01	2907.11	2881.81	2896.36	20416	0	5
2025.02.11	16:00:00	2896.47	2908.61	2890.91	2905.60	21720	0	5
2025.02.11	20:00:00	2905.63	2907.11	2894.06	2897.53	14587	0	5
2025.02.12	00:00:00	2898.02	2900.82	2883.77	2893.35	8781	0	5
2025.02.12	04:00:00	2893.34	2897.75	2883.66	2886.14	14712	0	5
2025.02.12	08:00:00	2886.06	2895.86	2885.51	2886.78	16155	0	5
2025.02.12	12:00:00	2886.78	2889.90	2863.54	2884.75	17871	0	5
2025.02.12	16:00:00	2884.97	2909.15	2881.94	2902.91	21325	0	5
2025.02.12	20:00:00	2902.90	2904.33	2893.53	2903.97	13615	0	5
2025.02.13	00:00:00	2904.36	2909.09	2900.56	2906.06	7905	0	5
2025.02.13	04:00:00	2906.05	2922.71	2905.27	2917.98	12736	0	5
2025.02.13	08:00:00	2917.97	2920.38	2909.56	2915.37	16645	0	5
2025.02.13	12:00:00	2915.10	2921.32	2905.89	2908.54	16084	0	5
2025.02.13	16:00:00	2908.56	2920.95	2906.63	2919.06	19705	0	5
2025.02.13	20:00:00	2918.94	2929.50	2914.22	2928.34	13812	0	5
2025.02.14	00:00:00	2927.64	2933.90	2925.90	2929.89	8251	0	5
2025.02.14	04:00:00	2929.90	2932.43	2923.05	2930.95	13900	0	5
2025.02.14	08:00:00	2930.72	2938.75	2929.90	2935.16	17358	0	5
2025.02.14	12:00:00	2935.01	2940.06	2917.38	2920.53	18315	0	5
2025.02.14	16:00:00	2920.39	2928.52	2885.37	2886.99	23903	0	5
2025.02.14	20:00:00	2887.26	2887.94	2877.03	2882.50	15045	0	5
2025.02.17	00:00:00	2883.13	2896.37	2877.60	2895.27	10625	0	5
2025.02.17	04:00:00	2895.34	2905.24	2893.78	2895.95	12921	0	5
2025.02.17	08:00:00	2895.91	2906.40	2888.15	2902.62	15658	0	5
2025.02.17	12:00:00	2902.56	2903.92	2895.43	2896.74	14357	0	5
2025.02.17	16:00:00	2896.74	2904.07	2896.44	2898.46	13738	0	5
2025.02.17	20:00:00	2898.31	2899.47	2896.88	2899.45	2403	0	5
2025.02.18	00:00:00	2898.61	2900.39	2891.98	2895.67	5351	0	5
2025.02.18	04:00:00	2895.79	2915.54	2895.33	2910.65	11718	0	5
2025.02.18	08:00:00	2910.44	2915.44	2908.24	2912.64	11321	0	5
2025.02.18	12:00:00	2912.65	2921.35	2906.95	2918.87	13655	0	5
2025.02.18	16:00:00	2918.84	2933.75	2917.73	2931.16	18826	0	5
2025.02.18	20:00:00	2931.18	2937.05	2928.31	2935.08	11382	0	5
2025.02.19	00:00:00	2935.73	2939.53	2927.61	2938.28	6164	0	5
2025.02.19	04:00:00	2938.25	2939.37	2924.16	2932.76	12896	0	5
2025.02.19	08:00:00	2932.60	2946.52	2930.18	2945.55	13738	0	5
2025.02.19	12:00:00	2945.55	2947.05	2931.06	2936.31	15947	0	5
2025.02.19	16:00:00	2936.33	2940.62	2921.55	2923.77	20514	0	5
2025.02.19	20:00:00	2923.77	2937.48	2918.61	2932.99	15022	0	5
2025.02.20	00:00:00	2933.46	2942.45	2933.33	2937.13	7287	0	5
2025.02.20	04:00:00	2937.13	2946.84	2933.88	2946.81	11550	0	5
2025.02.20	08:00:00	2946.81	2954.91	2943.95	2951.61	14005	0	5
2025.02.20	12:00:00	2951.52	2954.82	2933.80	2934.01	16823	0	5
2025.02.20	16:00:00	2933.38	2946.99	2924.26	2940.57	20697	0	5
2025.02.20	20:00:00	2940.46	2942.48	2933.64	2939.06	13154	0	5
2025.02.21	00:00:00	2938.84	2949.59	2926.84	2928.69	7561	0	5
2025.02.21	04:00:00	2928.65	2941.00	2924.22	2930.21	14766	0	5
2025.02.21	08:00:00	2930.05	2933.03	2916.74	2929.25	13982	0	5
2025.02.21	12:00:00	2929.36	2936.06	2926.84	2930.94	14550	0	5
2025.02.21	16:00:00	2930.91	2941.63	2921.76	2939.78	20105	0	5
2025.02.21	20:00:00	2939.81	2942.72	2932.09	2935.89	13959	0	5
2025.02.24	00:00:00	2934.65	2940.60	2921.33	2928.07	10092	0	5
2025.02.24	04:00:00	2927.88	2944.64	2925.03	2936.36	13951	0	5
2025.02.24	08:00:00	2936.27	2948.74	2935.37	2944.16	13733	0	5
2025.02.24	12:00:00	2944.28	2954.52	2934.91	2954.40	14983	0	5
2025.02.24	16:00:00	2954.39	2956.18	2930.78	2943.42	21048	0	5
2025.02.24	20:00:00	2943.10	2953.06	2942.84	2952.62	11969	0	5
2025.02.25	00:00:00	2952.64	2953.79	2945.29	2949.52	8385	0	5
2025.02.25	04:00:00	2949.60	2952.47	2935.03	2938.09	13824	0	5
2025.02.25	08:00:00	2937.99	2942.43	2929.52	2938.97	15677	0	5
2025.02.25	12:00:00	2938.97	2941.50	2924.03	2937.42	17916	0	5
2025.02.25	16:00:00	2937.24	2944.84	2888.27	2907.51	23520	0	5
2025.02.25	20:00:00	2907.60	2917.37	2905.47	2914.82	15051	0	5
2025.02.26	00:00:00	2915.14	2930.08	2913.61	2917.68	8847	0	5
2025.02.26	04:00:00	2917.70	2923.14	2912.68	2915.41	10681	0	5
2025.02.26	08:00:00	2915.38	2918.90	2905.80	2913.26	14396	0	5
2025.02.26	12:00:00	2913.61	2916.86	2905.49	2905.85	14592	0	6
2025.02.26	16:00:00	2905.86	2916.62	2890.77	2913.74	20937	0	5
2025.02.26	20:00:00	2913.58	2918.77	2912.05	2916.11	11732	0	5
2025.02.27	00:00:00	2916.79	2920.76	2911.11	2912.66	7058	0	5
2025.02.27	04:00:00	2912.67	2914.80	2888.61	2890.99	14746	0	5
2025.02.27	08:00:00	2891.00	2898.45	2877.10	2887.34	17823	0	5
2025.02.27	12:00:00	2887.25	2894.88	2881.13	2888.97	17417	0	5
2025.02.27	16:00:00	2888.71	2892.31	2867.79	2883.23	21859	0	5
2025.02.27	20:00:00	2883.22	2887.73	2871.30	2877.12	14541	0	5
2025.02.28	00:00:00	2877.11	2885.05	2873.91	2874.82	9272	0	5
2025.02.28	04:00:00	2874.68	2877.88	2856.98	2864.01	18373	0	5
2025.02.28	08:00:00	2864.24	2866.66	2851.05	2862.40	18316	0	5
2025.02.28	12:00:00	2862.38	2864.93	2848.31	2848.58	17095	0	5
2025.02.28	16:00:00	2848.68	2853.94	2832.57	2845.09	22342	0	5
2025.02.28	20:00:00	2845.03	2859.28	2838.02	2859.06	15557	0	5
2025.03.03	00:00:00	2857.88	2876.88	2857.88	2870.85	11700	0	0
2025.03.03	04:00:00	2870.85	2871.95	2859.30	2863.83	14580	0	6
2025.03.03	08:00:00	2863.72	2871.43	2858.83	2867.45	17103	0	5
2025.03.03	12:00:00	2867.46	2877.65	2867.24	2872.63	14869	0	5
2025.03.03	16:00:00	2872.63	2893.09	2871.29	2890.82	19730	0	5
2025.03.03	20:00:00	2890.80	2895.29	2878.41	2892.99	16815	0	5
2025.03.04	00:00:00	2892.44	2893.82	2881.99	2888.34	7718	0	5
2025.03.04	04:00:00	2888.29	2894.45	2884.71	2889.70	13340	0	10
2025.03.04	08:00:00	2889.68	2921.35	2884.29	2918.09	15555	0	5
2025.03.04	12:00:00	2917.98	2927.76	2912.07	2922.59	16723	0	5
2025.03.04	16:00:00	2922.73	2923.12	2900.34	2911.63	22180	0	5
2025.03.04	20:00:00	2911.57	2920.52	2908.32	2917.70	15051	0	5
2025.03.05	00:00:00	2918.13	2918.27	2903.59	2907.15	7765	0	5
2025.03.05	04:00:00	2907.22	2918.74	2902.16	2918.74	13443	0	5
2025.03.05	08:00:00	2918.66	2922.53	2913.08	2918.81	17682	0	5
2025.03.05	12:00:00	2918.76	2919.27	2894.30	2899.92	18649	0	5
2025.03.05	16:00:00	2899.64	2930.06	2897.67	2916.07	23194	0	5
2025.03.05	20:00:00	2916.05	2923.06	2911.23	2919.13	14595	0	6
2025.03.06	00:00:00	2919.67	2925.63	2915.98	2924.62	6876	0	5
2025.03.06	04:00:00	2924.82	2926.52	2914.53	2919.77	11126	0	6
2025.03.06	08:00:00	2919.81	2923.06	2891.12	2894.17	18000	0	5
2025.03.06	12:00:00	2894.19	2909.43	2891.93	2904.48	19054	0	5
2025.03.06	16:00:00	2904.38	2922.67	2903.45	2915.34	20815	0	5
2025.03.06	20:00:00	2915.59	2920.59	2908.31	2910.74	13807	0	5
2025.03.07	00:00:00	2911.04	2913.57	2894.80	2906.71	9238	0	5
2025.03.07	04:00:00	2906.71	2912.58	2901.20	2909.53	15312	0	5
2025.03.07	08:00:00	2909.41	2923.02	2907.73	2921.59	15934	0	5
2025.03.07	12:00:00	2921.57	2926.37	2910.37	2913.87	19871	0	5
2025.03.07	16:00:00	2913.70	2930.33	2903.50	2908.22	22614	0	5
2025.03.07	20:00:00	2907.74	2912.41	2902.00	2911.94	15036	0	5
2025.03.10	00:00:00	2912.72	2918.22	2909.77	2912.16	10441	0	6
2025.03.10	04:00:00	2912.18	2914.52	2906.97	2909.89	11079	0	5
2025.03.10	08:00:00	2909.92	2915.37	2896.81	2911.23	15192	0	5
2025.03.10	12:00:00	2911.19	2911.26	2895.70	2903.77	17050	0	5
2025.03.10	16:00:00	2903.40	2910.52	2882.71	2886.07	18996	0	5
2025.03.10	20:00:00	2886.06	2890.93	2880.28	2889.24	10072	0	5
2025.03.11	00:00:00	2888.27	2890.97	2880.26	2890.65	8788	0	5
2025.03.11	04:00:00	2890.63	2900.49	2889.93	2895.69	10114	0	5
2025.03.11	08:00:00	2895.93	2912.35	2893.50	2911.75	12552	0	5
2025.03.11	12:00:00	2911.77	2922.03	2906.95	2917.53	14184	0	5
2025.03.11	16:00:00	2916.58	2920.92	2911.97	2917.80	15648	0	5
2025.03.11	20:00:00	2917.76	2921.34	2915.15	2915.50	7757	0	5
2025.03.12	00:00:00	2915.81	2919.58	2910.88	2914.92	7852	0	5
2025.03.12	04:00:00	2914.75	2919.84	2912.05	2916.03	10398	0	10
2025.03.12	08:00:00	2916.11	2925.47	2909.02	2914.82	14850	0	5
2025.03.12	12:00:00	2914.48	2923.12	2905.97	2915.61	15844	0	5
2025.03.12	16:00:00	2915.61	2940.63	2914.27	2936.05	17853	0	5
2025.03.12	20:00:00	2935.99	2937.45	2930.70	2933.31	8941	0	5
2025.03.13	00:00:00	2934.46	2941.55	2933.51	2937.89	7279	0	5
2025.03.13	04:00:00	2937.89	2947.13	2937.54	2940.03	9945	0	5
2025.03.13	08:00:00	2940.03	2948.83	2932.99	2947.77	12774	0	7
2025.03.13	12:00:00	2947.79	2952.35	2939.27	2950.35	15624	0	5
2025.03.13	16:00:00	2950.32	2985.25	2949.73	2979.49	18917	0	5
2025.03.13	20:00:00	2979.26	2989.10	2979.12	2988.80	8813	0	5
2025.03.14	00:00:00	2989.38	2990.20	2981.69	2987.88	10039	0	5
2025.03.14	04:00:00	2987.92	2993.91	2981.91	2986.29	12557	0	5
2025.03.14	08:00:00	2986.29	2999.45	2980.84	2998.81	14482	0	5
2025.03.14	12:00:00	2998.81	3004.85	2983.39	2985.35	17461	0	5
2025.03.14	16:00:00	2985.97	2993.39	2978.45	2986.56	17039	0	5
2025.03.14	20:00:00	2986.68	2988.85	2981.67	2986.24	7915	0	5
2025.03.17	00:00:00	2983.84	2994.02	2983.84	2990.80	8389	0	5
2025.03.17	04:00:00	2990.73	2991.90	2982.22	2986.04	8455	0	5
2025.03.17	08:00:00	2986.09	2996.84	2983.04	2995.67	10540	0	7
2025.03.17	12:00:00	2995.66	3001.19	2984.80	2988.35	13863	0	5
2025.03.17	16:00:00	2988.21	3000.59	2987.16	2997.76	14747	0	5
2025.03.17	20:00:00	2997.76	3001.99	2996.83	3001.02	7209	0	5
2025.03.18	00:00:00	3000.79	3008.35	2999.56	3005.64	7935	0	5
2025.03.18	04:00:00	3005.64	3017.08	3002.87	3012.03	11415	0	5
2025.03.18	08:00:00	3012.06	3028.48	3010.70	3020.21	14204	0	5
2025.03.18	12:00:00	3019.92	3038.26	3019.48	3033.23	16737	0	5
2025.03.18	16:00:00	3032.72	3036.93	3024.85	3032.57	18281	0	5
2025.03.18	20:00:00	3032.63	3037.89	3032.45	3033.76	7814	0	5
2025.03.19	00:00:00	3033.98	3035.17	3027.40	3029.41	5765	0	8
2025.03.19	04:00:00	3029.36	3045.32	3029.01	3044.50	10467	0	5
2025.03.19	08:00:00	3044.51	3044.74	3022.89	3030.35	13692	0	5
2025.03.19	12:00:00	3030.38	3041.15	3027.67	3033.26	12830	0	5
2025.03.19	16:00:00	3032.98	3038.27	3025.98	3030.56	15036	0	5
2025.03.19	20:00:00	3029.60	3051.84	3028.93	3047.16	10582	0	5
2025.03.20	00:00:00	3048.35	3056.03	3046.94	3049.68	9345	0	5
2025.03.20	04:00:00	3049.59	3057.26	3044.91	3046.71	12564	0	10
2025.03.20	08:00:00	3046.85	3051.48	3038.52	3041.49	13939	0	5
2025.03.20	12:00:00	3041.49	3042.32	3025.52	3032.52	17354	0	5
2025.03.20	16:00:00	3032.27	3042.98	3030.63	3041.73	16608	0	5
2025.03.20	20:00:00	3041.73	3046.05	3040.96	3044.47	8121	0	5
2025.03.21	00:00:00	3044.36	3047.39	3035.94	3035.94	6635	0	6
2025.03.21	04:00:00	3036.20	3036.99	3021.59	3028.01	11053	0	5
2025.03.21	08:00:00	3028.02	3034.72	3027.23	3029.67	12603	0	6
2025.03.21	12:00:00	3029.59	3038.08	3004.20	3006.66	14409	0	5
2025.03.21	16:00:00	3006.68	3018.23	2999.55	3013.68	16731	0	5
2025.03.21	20:00:00	3013.70	3024.20	3013.50	3022.94	7964	0	5
2025.03.24	00:00:00	3023.36	3026.15	3017.19	3020.84	9927	0	6
2025.03.24	04:00:00	3021.04	3024.47	3013.62	3022.12	10390	0	8
2025.03.24	08:00:00	3021.99	3031.03	3017.31	3023.61	14188	0	5
2025.03.24	12:00:00	3023.72	3033.22	3019.14	3022.79	15352	0	5
2025.03.24	16:00:00	3022.37	3024.04	3005.79	3007.00	17031	0	5
2025.03.24	20:00:00	3006.98	3014.57	3002.46	3011.96	8095	0	8
2025.03.25	00:00:00	3011.96	3014.85	3008.99	3011.86	7766	0	10
2025.03.25	04:00:00	3011.87	3020.97	3007.64	3018.29	11266	0	13
2025.03.25	08:00:00	3018.35	3023.51	3010.54	3023.20	12555	0	7
2025.03.25	12:00:00	3023.27	3030.58	3014.13	3028.45	15945	0	5
2025.03.25	16:00:00	3028.40	3035.95	3018.09	3022.69	17200	0	10
2025.03.25	20:00:00	3022.68	3022.77	3017.78	3019.81	7011	0	5
2025.03.26	00:00:00	3019.69	3025.45	3016.44	3024.86	7738	0	10
2025.03.26	04:00:00	3024.84	3027.15	3013.26	3022.83	12383	0	9
2025.03.26	08:00:00	3022.74	3032.04	3017.53	3018.69	14584	0	5
2025.03.26	12:00:00	3018.44	3030.41	3016.00	3016.74	16111	0	5
2025.03.26	16:00:00	3016.74	3021.70	3012.45	3018.72	16543	0	5
2025.03.26	20:00:00	3018.84	3021.79	3015.76	3018.85	8343	0	10
2025.03.27	00:00:00	3019.04	3028.36	3017.60	3023.55	9767	0	12
2025.03.27	04:00:00	3023.54	3038.54	3023.34	3029.73	12668	0	5
2025.03.27	08:00:00	3029.68	3041.03	3026.81	3039.94	15218	0	6
2025.03.27	12:00:00	3039.98	3055.91	3033.45	3040.55	18457	0	5
2025.03.27	16:00:00	3040.49	3059.56	3040.49	3052.87	19923	0	5
2025.03.27	20:00:00	3052.79	3057.85	3052.74	3056.42	8320	0	7
2025.03.28	00:00:00	3056.31	3074.03	3053.75	3073.86	8787	0	5
2025.03.28	04:00:00	3073.87	3081.92	3069.73	3077.82	12110	0	5
2025.03.28	08:00:00	3077.12	3085.96	3066.21	3072.87	14001	0	5
2025.03.28	12:00:00	3072.87	3084.06	3067.01	3083.27	15565	0	5
2025.03.28	16:00:00	3083.08	3086.77	3067.24	3077.39	17391	0	5
2025.03.28	20:00:00	3077.47	3085.93	3073.56	3084.20	8136	0	8
2025.03.31	00:00:00	3086.59	3097.77	3077.49	3079.07	7880	0	5
2025.03.31	04:00:00	3078.89	3115.94	3076.72	3113.33	13879	0	5
2025.03.31	08:00:00	3113.31	3127.94	3107.49	3122.24	14826	0	5
2025.03.31	12:00:00	3122.06	3126.73	3111.90	3124.58	14405	0	5
2025.03.31	16:00:00	3124.14	3127.17	3099.94	3117.56	18468	0	5
2025.03.31	20:00:00	3117.25	3124.73	3115.99	3123.96	12017	0	5
2025.04.01	00:00:00	3123.22	3127.91	3120.10	3127.25	5260	0	14
2025.04.01	04:00:00	3127.15	3147.92	3126.64	3144.69	13828	0	8
2025.04.01	08:00:00	3144.69	3149.04	3124.19	3130.87	15711	0	5
2025.04.01	12:00:00	3130.90	3138.91	3127.74	3133.33	14573	0	5
2025.04.01	16:00:00	3133.49	3137.03	3100.87	3106.65	18657	0	5
2025.04.01	20:00:00	3106.62	3120.77	3105.71	3114.12	10780	0	5
2025.04.02	00:00:00	3114.22	3123.67	3107.76	3122.92	6231	0	12
2025.04.02	04:00:00	3122.93	3135.64	3115.53	3116.12	13267	0	5
2025.04.02	08:00:00	3116.40	3133.78	3109.51	3131.20	15214	0	5
2025.04.02	12:00:00	3131.29	3131.52	3110.14	3122.43	15261	0	5
2025.04.02	16:00:00	3122.02	3134.27	3116.69	3131.43	18248	0	5
2025.04.02	20:00:00	3131.46	3142.05	3104.45	3132.12	15433	0	5
2025.04.03	00:00:00	3140.28	3167.73	3121.87	3151.27	14041	0	5
2025.04.03	04:00:00	3151.51	3162.95	3139.20	3140.32	14848	0	5
2025.04.03	08:00:00	3140.17	3140.92	3116.39	3129.08	17648	0	5
2025.04.03	12:00:00	3129.17	3129.61	3060.95	3076.35	19538	0	5
2025.04.03	16:00:00	3076.24	3135.52	3054.08	3107.59	20242	0	5
2025.04.03	20:00:00	3107.51	3119.83	3100.03	3114.19	13284	0	5
2025.04.04	00:00:00	3115.38	3116.60	3106.02	3110.57	7532	0	12
2025.04.04	04:00:00	3110.57	3115.73	3087.29	3100.14	15030	0	5
2025.04.04	08:00:00	3099.92	3109.87	3078.54	3084.18	15846	0	5
2025.04.04	12:00:00	3083.99	3136.58	3069.63	3071.14	20483	0	5
2025.04.04	16:00:00	3071.12	3087.45	3017.03	3030.93	21827	0	5
2025.04.04	20:00:00	3030.96	3040.87	3015.78	3037.34	16583	0	5
2025.04.07	00:00:00	3008.13	3036.38	2970.37	2978.75	12913	0	0
2025.04.07	04:00:00	2978.29	3055.31	2971.76	3034.73	21184	0	5
2025.04.07	08:00:00	3035.31	3044.45	3013.27	3031.16	22184	0	5
2025.04.07	12:00:00	3031.73	3045.98	3014.70	3031.23	22550	0	5
2025.04.07	16:00:00	3030.82	3037.97	2969.94	2970.43	26539	0	5
2025.04.07	20:00:00	2970.40	2985.56	2956.26	2982.01	19741	0	5
2025.04.08	00:00:00	2982.99	2992.55	2978.49	2985.24	8431	0	5
2025.04.08	04:00:00	2985.32	3004.70	2983.60	3002.17	15995	0	7
2025.04.08	08:00:00	3001.86	3015.70	2999.52	3007.45	16106	0	5
2025.04.08	12:00:00	3007.41	3019.58	2994.89	3002.60	15672	0	5
2025.04.08	16:00:00	3002.55	3022.73	2984.43	2985.99	21198	0	5
2025.04.08	20:00:00	2986.15	2992.42	2974.73	2981.96	17282	0	5
2025.04.09	00:00:00	2982.88	2990.91	2970.07	2980.42	9327	0	9
2025.04.09	04:00:00	2980.50	3014.13	2972.50	3012.41	16500	0	5
2025.04.09	08:00:00	3012.38	3052.56	3005.51	3043.89	16947	0	5
2025.04.09	12:00:00	3043.90	3072.78	3036.29	3047.35	17042	0	5
2025.04.09	16:00:00	3047.95	3094.80	3047.41	3092.42	18050	0	5
2025.04.09	20:00:00	3092.64	3099.60	3048.38	3082.78	16599	0	5
2025.04.10	00:00:00	3079.66	3101.29	3071.36	3097.10	10254	0	5
2025.04.10	04:00:00	3097.55	3131.66	3078.42	3125.27	15588	0	5
2025.04.10	08:00:00	3125.28	3132.58	3104.77	3105.08	15792	0	8
2025.04.10	12:00:00	3104.86	3133.96	3103.43	3123.03	16399	0	7
2025.04.10	16:00:00	3123.26	3174.95	3116.14	3158.60	18730	0	6
2025.04.10	20:00:00	3158.53	3176.45	3151.58	3175.39	13943	0	5
2025.04.11	00:00:00	3176.00	3217.75	3176.00	3205.51	12597	0	0
2025.04.11	04:00:00	3205.08	3220.18	3201.05	3208.52	19695	0	5
2025.04.11	08:00:00	3208.53	3227.40	3187.15	3216.01	21121	0	5
2025.04.11	12:00:00	3216.00	3237.82	3210.11	3233.58	19689	0	5
2025.04.11	16:00:00	3233.63	3245.36	3219.45	3223.30	22648	0	5
2025.04.11	20:00:00	3223.81	3238.34	3223.79	3237.53	17116	0	8
2025.04.14	00:00:00	3228.31	3228.34	3210.24	3220.97	12167	0	10
2025.04.14	04:00:00	3220.99	3245.69	3215.41	3227.35	17229	0	6
2025.04.14	08:00:00	3227.37	3238.06	3216.55	3226.92	17779	0	5
2025.04.14	12:00:00	3226.91	3231.55	3200.63	3206.47	18433	0	5
2025.04.14	16:00:00	3206.68	3215.70	3193.57	3207.50	21143	0	5
2025.04.14	20:00:00	3207.51	3216.44	3201.45	3210.46	14718	0	5
2025.04.15	00:00:00	3211.57	3215.19	3210.45	3211.91	6751	0	9
2025.04.15	04:00:00	3211.77	3232.68	3210.01	3231.88	13031	0	5
2025.04.15	08:00:00	3231.87	3232.15	3217.44	3227.66	14065	0	5
2025.04.15	12:00:00	3227.73	3230.14	3214.23	3221.48	13666	0	5
2025.04.15	16:00:00	3221.44	3226.82	3211.62	3221.40	16091	0	5
2025.04.15	20:00:00	3221.39	3233.57	3220.38	3229.36	12017	0	5
2025.04.16	00:00:00	3230.96	3267.99	3229.84	3264.44	10372	0	5
2025.04.16	04:00:00	3264.52	3287.59	3256.08	3283.65	16788	0	5
2025.04.16	08:00:00	3283.69	3317.76	3283.62	3306.96	19176	0	5
2025.04.16	12:00:00	3306.93	3313.70	3293.17	3307.31	17814	0	5
2025.04.16	16:00:00	3307.54	3333.02	3296.92	3327.24	21473	0	5
2025.04.16	20:00:00	3327.31	3342.94	3324.48	3342.85	17275	0	5
2025.04.17	00:00:00	3343.19	3357.65	3342.02	3345.07	10668	0	5
2025.04.17	04:00:00	3345.42	3356.26	3320.87	3341.47	17056	0	5
2025.04.17	08:00:00	3341.58	3345.40	3312.99	3324.23	17341	0	5
2025.04.17	12:00:00	3324.19	3342.17	3320.65	3328.15	16465	0	5
2025.04.17	16:00:00	3328.34	3331.96	3283.84	3316.04	20860	0	5
2025.04.17	20:00:00	3316.17	3328.73	3311.01	3327.24	14463	0	5
2025.04.21	00:00:00	3332.92	3370.48	3329.03	3368.73	12290	0	5
2025.04.21	04:00:00	3368.38	3385.16	3367.29	3376.30	17230	0	5
2025.04.21	08:00:00	3376.32	3395.93	3375.94	3392.83	16498	0	5
2025.04.21	12:00:00	3392.75	3415.67	3386.61	3414.94	16680	0	5
2025.04.21	16:00:00	3414.88	3430.17	3405.50	3414.54	19866	0	5
2025.04.21	20:00:00	3414.58	3430.50	3406.05	3424.40	15030	0	5
2025.04.22	00:00:00	3425.06	3444.21	3412.26	3425.46	11033	0	5
2025.04.22	04:00:00	3425.20	3494.77	3421.91	3484.39	16913	0	5
2025.04.22	08:00:00	3484.37	3499.98	3443.19	3444.07	18265	0	5
2025.04.22	12:00:00	3444.20	3468.19	3424.29	3431.38	17480	0	5
2025.04.22	16:00:00	3431.48	3449.53	3372.09	3392.84	19888	0	5
2025.04.22	20:00:00	3392.93	3410.29	3366.78	3380.93	15545	0	5
2025.04.23	00:00:00	3347.99	3371.23	3312.89	3367.85	13250	0	0
2025.04.23	04:00:00	3368.52	3386.58	3329.24	3346.55	17128	0	5
2025.04.23	08:00:00	3346.65	3349.24	3291.82	3321.40	17505	0	5
2025.04.23	12:00:00	3321.52	3340.51	3310.65	3310.78	16123	0	5
2025.04.23	16:00:00	3310.59	3313.62	3259.98	3294.98	21273	0	5
2025.04.23	20:00:00	3295.05	3301.47	3277.76	3288.12	15611	0	5
2025.04.24	00:00:00	3289.07	3339.07	3288.83	3331.77	11582	0	0
2025.04.24	04:00:00	3331.52	3367.17	3320.74	3326.08	18317	0	5
2025.04.24	08:00:00	3326.18	3341.60	3314.81	3335.98	18317	0	5
2025.04.24	12:00:00	3336.17	3344.38	3325.47	3335.87	17459	0	5
2025.04.24	16:00:00	3335.99	3336.26	3306.97	3331.50	21769	0	5
2025.04.24	20:00:00	3331.52	3349.84	3330.04	3348.58	14649	0	5
2025.04.25	00:00:00	3351.34	3370.76	3341.45	3357.88	12858	0	5
2025.04.25	04:00:00	3357.62	3363.09	3316.46	3324.78	18845	0	8
2025.04.25	08:00:00	3324.79	3327.10	3287.22	3303.66	20791	0	5
2025.04.25	12:00:00	3303.90	3308.74	3287.99	3292.63	18373	0	5
2025.04.25	16:00:00	3292.67	3292.89	3265.19	3285.35	21107	0	5
2025.04.25	20:00:00	3285.41	3319.18	3281.89	3318.62	15566	0	5
2025.04.28	00:00:00	3325.67	3337.54	3298.68	3314.15	12592	0	5
2025.04.28	04:00:00	3314.09	3315.13	3268.19	3298.95	16772	0	5
2025.04.28	08:00:00	3298.95	3300.91	3277.66	3282.60	17484	0	5
2025.04.28	12:00:00	3282.59	3302.21	3273.28	3296.02	18676	0	5
2025.04.28	16:00:00	3295.93	3339.25	3286.99	3336.63	23362	0	5
2025.04.28	20:00:00	3336.70	3353.00	3333.22	3343.99	16108	0	8
2025.04.29	00:00:00	3344.55	3348.67	3327.78	3329.94	9402	0	10
2025.04.29	04:00:00	3329.61	3340.02	3306.87	3309.32	15876	0	12
2025.04.29	08:00:00	3309.33	3324.86	3305.07	3311.93	14612	0	5
2025.04.29	12:00:00	3311.82	3315.99	3300.60	3312.81	15351	0	5
2025.04.29	16:00:00	3312.49	3329.93	3299.69	3328.66	18126	0	5
2025.04.29	20:00:00	3328.86	3329.62	3313.30	3317.20	12288	0	5
2025.04.30	00:00:00	3313.72	3328.02	3310.99	3313.09	8697	0	8
2025.04.30	04:00:00	3313.10	3322.67	3301.35	3308.05	16239	0	5
2025.04.30	08:00:00	3308.07	3314.66	3280.34	3284.52	17920	0	5
2025.04.30	12:00:00	3284.35	3304.70	3267.13	3298.62	20128	0	5
2025.04.30	16:00:00	3298.65	3319.68	3292.89	3310.70	22922	0	5
2025.04.30	20:00:00	3310.80	3313.49	3283.15	3288.27	16619	0	5
2025.05.01	00:00:00	3288.70	3290.21	3241.51	3246.59	12252	0	5
2025.05.01	04:00:00	3246.54	3251.26	3221.24	3226.64	16473	0	11
2025.05.01	08:00:00	3226.73	3243.18	3223.46	3235.18	16884	0	6
2025.05.01	12:00:00	3235.24	3236.16	3201.91	3226.83	18906	0	5
2025.05.01	16:00:00	3226.75	3232.98	3205.04	3219.47	21131	0	5
2025.05.01	20:00:00	3219.68	3239.86	3209.97	3237.89	15354	0	5
2025.05.02	00:00:00	3240.43	3244.27	3227.53	3231.52	10352	0	5
2025.05.02	04:00:00	3231.55	3258.67	3231.41	3251.81	16894	0	5
2025.05.02	08:00:00	3251.59	3263.15	3246.44	3258.11	17051	0	5
2025.05.02	12:00:00	3258.08	3269.28	3250.32	3250.43	18541	0	5
2025.05.02	16:00:00	3250.31	3264.57	3222.78	3224.88	23571	0	5
2025.05.02	20:00:00	3225.03	3241.40	3223.62	3240.30	16690	0	5
2025.05.05	00:00:00	3240.86	3252.20	3237.44	3246.71	9425	0	8
2025.05.05	04:00:00	3247.40	3272.29	3246.58	3256.52	14484	0	13
2025.05.05	08:00:00	3256.52	3282.90	3254.07	3282.32	15093	0	5
2025.05.05	12:00:00	3282.69	3322.42	3282.21	3319.55	17423	0	5
2025.05.05	16:00:00	3319.58	3328.77	3305.65	3309.77	17844	0	5
2025.05.05	20:00:00	3309.94	3337.54	3309.22	3333.96	13589	0	6
2025.05.06	00:00:00	3336.06	3338.00	3323.52	3329.60	8318	0	8
2025.05.06	04:00:00	3329.59	3386.99	3329.59	3363.17	17253	0	5
2025.05.06	08:00:00	3363.21	3383.06	3350.20	3377.19	16078	0	5
2025.05.06	12:00:00	3377.34	3392.27	3371.43	3391.01	16008	0	5
2025.05.06	16:00:00	3391.32	3411.61	3378.15	3408.88	18348	0	5
2025.05.06	20:00:00	3408.87	3434.75	3407.52	3430.46	14721	0	5
2025.05.07	00:00:00	3437.65	3437.85	3360.96	3379.66	14269	0	5
2025.05.07	04:00:00	3379.42	3393.80	3360.21	3382.17	16206	0	5
2025.05.07	08:00:00	3382.17	3397.40	3378.21	3382.79	15354	0	5
2025.05.07	12:00:00	3382.77	3393.75	3369.29	3390.76	15717	0	5
2025.05.07	16:00:00	3390.86	3398.09	3375.71	3386.89	16892	0	5
2025.05.07	20:00:00	3386.87	3397.92	3363.66	3364.44	15274	0	5
2025.05.08	00:00:00	3365.74	3386.95	3364.89	3380.25	8087	0	10
2025.05.08	04:00:00	3380.14	3414.78	3379.12	3382.14	16086	0	5
2025.05.08	08:00:00	3382.20	3384.25	3320.32	3339.31	17503	0	5
2025.05.08	12:00:00	3339.18	3358.56	3330.42	3356.13	15877	0	9
2025.05.08	16:00:00	3356.13	3369.28	3304.38	3310.36	18839	0	5
2025.05.08	20:00:00	3310.31	3311.14	3288.75	3305.85	14474	0	5
2025.05.09	00:00:00	3308.01	3324.02	3306.43	3322.15	9514	0	5
2025.05.09	04:00:00	3322.03	3327.28	3274.86	3324.64	16400	0	5
2025.05.09	08:00:00	3324.61	3332.15	3312.93	3328.51	15771	0	5
2025.05.09	12:00:00	3328.49	3338.33	3322.01	3333.54	14324	0	5
2025.05.09	16:00:00	3333.45	3347.53	3320.38	3336.97	17673	0	5
2025.05.09	20:00:00	3336.82	3342.99	3325.14	3327.15	12373	0	8
2025.05.12	00:00:00	3291.47	3299.73	3265.95	3279.17	13547	0	5
2025.05.12	04:00:00	3279.45	3284.69	3258.87	3278.90	17479	0	5
2025.05.12	08:00:00	3278.89	3281.52	3216.25	3231.39	20361	0	5
2025.05.12	12:00:00	3230.76	3234.24	3207.74	3233.70	19877	0	5
2025.05.12	16:00:00	3233.75	3248.54	3223.37	3224.21	21000	0	5
2025.05.12	20:00:00	3224.21	3238.78	3220.35	3234.40	14915	0	9
2025.05.13	00:00:00	3238.82	3243.21	3229.78	3239.93	9427	0	8
2025.05.13	04:00:00	3239.92	3253.40	3215.99	3252.54	17498	0	5
2025.05.13	08:00:00	3252.83	3265.43	3247.37	3255.59	17653	0	5
2025.05.13	12:00:00	3255.49	3258.62	3237.38	3242.10	17066	0	5
2025.05.13	16:00:00	3241.67	3257.82	3225.57	3251.03	20872	0	5
2025.05.13	20:00:00	3251.00	3254.82	3242.03	3249.98	13765	0	6
2025.05.14	00:00:00	3249.67	3257.05	3240.60	3243.78	7399	0	6
2025.05.14	04:00:00	3244.06	3251.56	3222.64	3223.97	15709	0	5
2025.05.14	08:00:00	3223.95	3243.79	3221.83	3232.55	16124	0	5
2025.05.14	12:00:00	3232.58	3239.20	3184.14	3184.73	16745	0	7
2025.05.14	16:00:00	3184.36	3198.29	3173.84	3188.55	18554	0	5
2025.05.14	20:00:00	3188.59	3190.43	3168.03	3177.40	13491	0	5
2025.05.15	00:00:00	3178.39	3187.88	3177.74	3187.81	7479	0	6
2025.05.15	04:00:00	3187.75	3192.65	3135.63	3138.61	16103	0	5
2025.05.15	08:00:00	3138.78	3164.14	3120.78	3162.62	17606	0	5
2025.05.15	12:00:00	3162.58	3189.84	3159.38	3188.87	16222	0	5
2025.05.15	16:00:00	3189.18	3222.63	3185.30	3222.40	18399	0	5
2025.05.15	20:00:00	3222.48	3240.50	3216.50	3239.64	13574	0	5
2025.05.16	00:00:00	3238.34	3252.14	3232.06	3243.15	11169	0	5
2025.05.16	04:00:00	3243.16	3244.41	3206.57	3219.64	17399	0	5
2025.05.16	08:00:00	3219.58	3231.23	3195.65	3207.44	17465	0	5
2025.05.16	12:00:00	3207.32	3212.88	3154.35	3177.45	18790	0	5
2025.05.16	16:00:00	3177.50	3189.75	3166.26	3189.33	20035	0	5
2025.05.16	20:00:00	3189.32	3202.87	3183.47	3201.00	14289	0	5
2025.05.19	00:00:00	3219.73	3249.75	3206.42	3246.44	13292	0	5
2025.05.19	04:00:00	3246.12	3246.42	3206.69	3215.89	16139	0	5
2025.05.19	08:00:00	3215.91	3244.89	3214.91	3244.46	17495	0	5
2025.05.19	12:00:00	3244.70	3248.47	3228.90	3229.28	16756	0	5
2025.05.19	16:00:00	3229.23	3241.63	3217.34	3231.85	19146	0	9
2025.05.19	20:00:00	3231.87	3235.78	3225.18	3230.12	13007	0	5
2025.05.20	00:00:00	3230.75	3230.78	3214.33	3222.79	8324	0	7
2025.05.20	04:00:00	3223.30	3232.65	3204.57	3217.28	16769	0	5
2025.05.20	08:00:00	3217.10	3235.83	3207.97	3235.83	17375	0	5
2025.05.20	12:00:00	3235.95	3250.76	3230.60	3242.80	16561	0	5
2025.05.20	16:00:00	3242.39	3285.71	3232.88	3278.94	20527	0	5
2025.05.20	20:00:00	3278.86	3295.68	3278.31	3289.66	15033	0	5
2025.05.21	00:00:00	3289.94	3304.20	3288.59	3303.46	10838	0	5
2025.05.21	04:00:00	3303.46	3314.48	3285.56	3302.11	17744	0	5
2025.05.21	08:00:00	3302.12	3320.67	3298.47	3308.48	18306	0	5
2025.05.21	12:00:00	3308.54	3318.23	3290.95	3302.52	18540	0	5
2025.05.21	16:00:00	3302.71	3315.17	3295.43	3303.08	19918	0	5
2025.05.21	20:00:00	3303.10	3324.84	3302.78	3315.11	16123	0	5
2025.05.22	00:00:00	3316.05	3326.24	3315.63	3323.77	9579	0	8
2025.05.22	04:00:00	3323.77	3345.31	3320.50	3338.56	16952	0	5
2025.05.22	08:00:00	3338.56	3339.41	3310.27	3311.35	18174	0	7
2025.05.22	12:00:00	3311.25	3314.71	3283.15	3304.04	20253	0	5
2025.05.22	16:00:00	3304.16	3315.72	3279.37	3301.54	21039	0	7
2025.05.22	20:00:00	3301.56	3301.76	3289.09	3294.71	14753	0	8
2025.05.23	00:00:00	3294.54	3308.85	3287.05	3300.93	8553	0	6
2025.05.23	04:00:00	3301.35	3316.14	3291.05	3313.60	16405	0	5
2025.05.23	08:00:00	3313.55	3334.33	3312.55	3326.37	17827	0	5
2025.05.23	12:00:00	3326.37	3360.43	3323.46	3357.07	19219	0	5
2025.05.23	16:00:00	3357.49	3364.55	3336.56	3359.02	21172	0	5
2025.05.23	20:00:00	3359.01	3365.87	3356.45	3357.90	13933	0	5
2025.05.26	00:00:00	3353.88	3356.33	3331.60	3341.82	9919	0	5
2025.05.26	04:00:00	3342.60	3356.76	3335.68	3349.84	14743	0	7
2025.05.26	08:00:00	3349.83	3351.83	3331.13	3334.39	14670	0	5
2025.05.26	12:00:00	3334.77	3336.12	3323.52	3334.39	11657	0	8
2025.05.26	16:00:00	3334.40	3343.54	3331.49	3342.11	6652	0	5
2025.05.26	20:00:00	3342.10	3343.16	3340.48	3342.19	2296	0	17
2025.05.27	00:00:00	3343.87	3349.77	3342.50	3345.04	7978	0	5
2025.05.27	04:00:00	3345.08	3347.34	3330.72	3330.90	15227	0	5
2025.05.27	08:00:00	3330.90	3332.66	3292.64	3298.56	18118	0	5
2025.05.27	12:00:00	3298.58	3309.59	3287.84	3293.81	18809	0	5
2025.05.27	16:00:00	3294.19	3304.66	3284.90	3297.79	19738	0	5
2025.05.27	20:00:00	3297.84	3307.96	3296.87	3300.56	11700	0	5
2025.05.28	00:00:00	3301.03	3315.76	3298.18	3308.51	7348	0	5
2025.05.28	04:00:00	3308.44	3313.48	3291.68	3296.41	14684	0	5
2025.05.28	08:00:00	3296.29	3323.77	3296.03	3321.57	16156	0	5
2025.05.28	12:00:00	3321.58	3325.44	3305.38	3312.27	14696	0	8
2025.05.28	16:00:00	3312.26	3316.28	3288.62	3293.44	17746	0	5
2025.05.28	20:00:00	3293.66	3303.04	3276.94	3288.64	13483	0	5
2025.05.29	00:00:00	3287.71	3295.15	3250.33	3264.81	14101	0	5
2025.05.29	04:00:00	3265.03	3280.09	3245.52	3269.13	18900	0	8
2025.05.29	08:00:00	3269.28	3289.25	3266.04	3281.75	17904	0	5
2025.05.29	12:00:00	3281.67	3317.49	3276.25	3316.45	18954	0	5
2025.05.29	16:00:00	3316.52	3331.23	3304.80	3322.26	21280	0	5
2025.05.29	20:00:00	3322.28	3325.74	3315.31	3317.56	14180	0	5
2025.05.30	00:00:00	3318.43	3320.96	3309.65	3312.52	8483	0	5
2025.05.30	04:00:00	3312.51	3322.70	3291.27	3296.28	16723	0	5
2025.05.30	08:00:00	3296.22	3305.02	3287.51	3295.77	17244	0	5
2025.05.30	12:00:00	3295.54	3306.73	3282.82	3304.09	16769	0	5
2025.05.30	16:00:00	3303.96	3308.24	3271.82	3293.52	21174	0	6
2025.05.30	20:00:00	3293.32	3295.71	3288.72	3288.72	12927	0	16
2025.06.02	00:00:00	3298.35	3316.57	3295.92	3311.35	9993	0	5
2025.06.02	04:00:00	3311.33	3318.21	3301.45	3313.88	13667	0	12
2025.06.02	08:00:00	3313.94	3358.82	3313.87	3352.09	15844	0	5
2025.06.02	12:00:00	3352.13	3363.64	3344.47	3355.44	16035	0	5
2025.06.02	16:00:00	3355.60	3379.19	3350.26	3371.53	18961	0	5
2025.06.02	20:00:00	3371.40	3382.92	3370.81	3381.60	13454	0	5
2025.06.03	00:00:00	3382.82	3392.24	3373.82	3375.89	9012	0	5
2025.06.03	04:00:00	3375.90	3377.95	3359.29	3362.74	15777	0	5
2025.06.03	08:00:00	3362.78	3367.67	3351.24	3361.15	15695	0	5
2025.06.03	12:00:00	3360.95	3362.99	3349.08	3359.37	14664	0	5
2025.06.03	16:00:00	3359.61	3363.13	3333.20	3348.44	17405	0	5
2025.06.03	20:00:00	3348.37	3355.48	3347.40	3353.30	10882	0	5
2025.06.04	00:00:00	3354.69	3361.61	3349.84	3350.26	8107	0	5
2025.06.04	04:00:00	3350.27	3372.62	3346.56	3354.80	16978	0	5
2025.06.04	08:00:00	3354.81	3365.28	3348.03	3362.76	17793	0	5
2025.06.04	12:00:00	3362.82	3364.95	3343.80	3358.83	17514	0	5
2025.06.04	16:00:00	3358.92	3384.65	3350.85	3375.06	20195	0	5
2025.06.04	20:00:00	3374.98	3382.15	3370.74	3372.60	11877	0	5
2025.06.05	00:00:00	3373.40	3381.67	3372.39	3380.30	7176	0	7
2025.06.05	04:00:00	3380.22	3384.10	3364.17	3368.40	14656	0	8
2025.06.05	08:00:00	3368.48	3376.90	3361.20	3375.21	15065	0	5
2025.06.05	12:00:00	3375.23	3403.33	3374.09	3383.06	19143	0	5
2025.06.05	16:00:00	3383.58	3388.27	3339.61	3354.21	22348	0	5
2025.06.05	20:00:00	3354.31	3361.38	3348.94	3352.60	14126	0	5
2025.06.06	00:00:00	3354.03	3364.02	3353.16	3359.38	8469	0	5
2025.06.06	04:00:00	3358.99	3374.46	3356.22	3373.71	15174	0	6
2025.06.06	08:00:00	3373.65	3375.60	3352.84	3365.31	17296	0	5
2025.06.06	12:00:00	3365.42	3365.42	3343.51	3353.48	16767	0	5
2025.06.06	16:00:00	3353.39	3360.93	3316.79	3322.76	21630	0	5
2025.06.06	20:00:00	3322.77	3326.80	3307.13	3312.12	13597	0	5
2025.06.09	00:00:00	3314.04	3321.15	3298.40	3305.43	10338	0	5
2025.06.09	04:00:00	3305.59	3313.42	3293.61	3311.72	15863	0	5
2025.06.09	08:00:00	3311.72	3328.43	3309.57	3319.81	16356	0	5
2025.06.09	12:00:00	3319.90	3323.45	3312.12	3320.02	15729	0	5
2025.06.09	16:00:00	3320.16	3337.80	3310.73	3337.62	19228	0	5
2025.06.09	20:00:00	3338.02	3338.16	3324.82	3325.39	11781	0	5
2025.06.10	00:00:00	3325.86	3327.87	3314.59	3316.59	8132	0	5
2025.06.10	04:00:00	3316.60	3319.90	3301.94	3307.25	15777	0	5
2025.06.10	08:00:00	3307.29	3334.84	3306.74	3329.33	18384	0	5
2025.06.10	12:00:00	3329.34	3342.47	3327.18	3337.22	16279	0	5
2025.06.10	16:00:00	3337.04	3349.08	3320.03	3321.34	20238	0	5
2025.06.10	20:00:00	3321.53	3334.50	3319.51	3322.40	13263	0	5
2025.06.11	00:00:00	3322.21	3335.20	3315.53	3332.50	9493	0	5
2025.06.11	04:00:00	3332.36	3342.92	3327.22	3341.85	14201	0	5
2025.06.11	08:00:00	3341.81	3348.54	3332.52	3344.57	15945	0	5
2025.06.11	12:00:00	3344.31	3360.68	3326.22	3336.72	18251	0	5
2025.06.11	16:00:00	3336.91	3344.42	3327.73	3330.25	20341	0	5
2025.06.11	20:00:00	3330.25	3355.41	3319.29	3354.82	16136	0	5
2025.06.12	00:00:00	3356.57	3373.29	3356.36	3365.75	11756	0	5
2025.06.12	04:00:00	3365.78	3377.73	3362.50	3370.45	16085	0	5
2025.06.12	08:00:00	3370.33	3375.77	3338.67	3356.76	18309	0	5
2025.06.12	12:00:00	3356.53	3390.28	3355.48	3388.07	18823	0	5
2025.06.12	16:00:00	3388.16	3398.77	3377.89	3383.84	21384	0	5
2025.06.12	20:00:00	3383.71	3389.24	3378.17	3386.66	13058	0	5
2025.06.13	00:00:00	3386.01	3419.92	3379.81	3416.34	10031	0	5
2025.06.13	04:00:00	3415.76	3444.40	3413.94	3425.32	17479	0	5
2025.06.13	08:00:00	3425.32	3428.79	3407.91	3424.30	16455	0	5
2025.06.13	12:00:00	3424.43	3438.15	3411.64	3436.78	16283	0	5
2025.06.13	16:00:00	3436.24	3446.80	3419.30	3429.96	18407	0	5
2025.06.13	20:00:00	3429.98	3439.45	3427.42	3434.15	14192	0	5
2025.06.16	00:00:00	3434.04	3451.23	3434.04	3436.66	11578	0	4
2025.06.16	04:00:00	3436.28	3446.32	3426.88	3427.54	13979	0	14
2025.06.16	08:00:00	3427.54	3430.38	3409.52	3413.85	16200	0	5
2025.06.16	12:00:00	3413.63	3422.56	3410.64	3415.61	14872	0	5
2025.06.16	16:00:00	3415.67	3417.99	3382.76	3399.41	17448	0	5
2025.06.16	20:00:00	3399.36	3400.25	3382.84	3385.14	11968	0	5
2025.06.17	00:00:00	3386.26	3403.24	3385.86	3394.36	10462	0	7
2025.06.17	04:00:00	3394.24	3402.46	3373.18	3394.06	15904	0	5
2025.06.17	08:00:00	3394.05	3395.43	3377.84	3378.91	16030	0	5
2025.06.17	12:00:00	3378.69	3400.08	3375.76	3386.70	17789	0	5
2025.06.17	16:00:00	3386.76	3397.45	3366.15	3382.90	20082	0	5
2025.06.17	20:00:00	3382.96	3392.30	3381.46	3388.47	13670	0	5
2025.06.18	00:00:00	3390.46	3396.07	3383.00	3385.74	7710	0	6
2025.06.18	04:00:00	3385.76	3400.01	3370.62	3395.12	14360	0	8
2025.06.18	08:00:00	3395.28	3395.65	3377.10	3383.55	15102	0	5
2025.06.18	12:00:00	3383.53	3389.84	3375.53	3386.63	15184	0	5
2025.06.18	16:00:00	3386.58	3396.77	3373.87	3391.00	17613	0	5
2025.06.18	20:00:00	3390.94	3395.73	3362.56	3369.15	16544	0	5
2025.06.19	00:00:00	3369.58	3383.28	3367.76	3379.45	7939	0	5
2025.06.19	04:00:00	3379.50	3387.93	3369.73	3374.51	11612	0	5
2025.06.19	08:00:00	3374.47	3375.28	3347.65	3368.68	15843	0	5
2025.06.19	12:00:00	3368.58	3379.00	3363.72	3367.97	14013	0	5
2025.06.19	16:00:00	3367.55	3372.84	3361.57	3371.08	13415	0	5
2025.06.19	20:00:00	3371.04	3375.45	3365.95	3370.63	3470	0	5
2025.06.20	00:00:00	3370.12	3370.40	3362.07	3368.14	7512	0	5
2025.06.20	04:00:00	3368.12	3368.30	3344.88	3354.30	13454	0	5
2025.06.20	08:00:00	3354.32	3355.29	3340.37	3351.00	13881	0	5
2025.06.20	12:00:00	3350.86	3359.20	3341.97	3344.48	13320	0	5
2025.06.20	16:00:00	3344.62	3374.51	3343.05	3371.48	15589	0	5
2025.06.20	20:00:00	3371.49	3371.74	3364.62	3368.64	9594	0	16
2025.06.23	00:00:00	3392.44	3396.70	3358.24	3365.72	11842	0	5
2025.06.23	04:00:00	3366.01	3368.06	3352.05	3358.49	13513	0	5
2025.06.23	08:00:00	3358.48	3362.25	3347.12	3361.83	14328	0	5
2025.06.23	12:00:00	3361.85	3381.99	3355.88	3360.44	14855	0	5
2025.06.23	16:00:00	3360.18	3393.53	3359.85	3389.82	18075	0	6
2025.06.23	20:00:00	3389.71	3391.39	3367.30	3369.04	13275	0	5
2025.06.24	00:00:00	3368.43	3369.94	3333.30	3351.08	11948	0	5
2025.06.24	04:00:00	3351.12	3357.92	3342.26	3348.55	13608	0	5
2025.06.24	08:00:00	3348.52	3348.72	3316.06	3327.27	17474	0	5
2025.06.24	12:00:00	3327.24	3328.87	3304.62	3314.77	15447	0	5
2025.06.24	16:00:00	3314.67	3320.45	3295.50	3318.43	18768	0	5
2025.06.24	20:00:00	3318.50	3325.17	3315.72	3322.81	10985	0	5
2025.06.25	00:00:00	3324.71	3329.98	3320.95	3326.94	5731	0	5
2025.06.25	04:00:00	3327.05	3335.18	3325.81	3327.50	10938	0	5
2025.06.25	08:00:00	3327.44	3337.07	3326.48	3327.16	12135	0	5
2025.06.25	12:00:00	3327.17	3329.50	3318.20	3320.63	12872	0	5
2025.06.25	16:00:00	3320.67	3335.10	3311.98	3334.80	15738	0	5
2025.06.25	20:00:00	3334.79	3336.01	3325.03	3332.15	11627	0	5
2025.06.26	00:00:00	3333.62	3340.09	3331.31	3333.98	7168	0	5
2025.06.26	04:00:00	3334.03	3343.14	3329.28	3333.97	11986	0	10
2025.06.26	08:00:00	3333.91	3350.28	3331.08	3348.22	13267	0	5
2025.06.26	12:00:00	3348.18	3348.75	3321.73	3322.03	14071	0	5
2025.06.26	16:00:00	3322.19	3333.27	3309.99	3331.33	17255	0	5
2025.06.26	20:00:00	3331.34	3336.39	3327.67	3327.76	10738	0	8
2025.06.27	00:00:00	3327.61	3327.96	3313.25	3318.61	7435	0	5
2025.06.27	04:00:00	3318.82	3321.96	3291.16	3293.97	14853	0	5
2025.06.27	08:00:00	3293.95	3300.92	3281.92	3289.51	15852	0	5
2025.06.27	12:00:00	3289.34	3290.91	3269.58	3270.02	16077	0	5
2025.06.27	16:00:00	3269.98	3278.51	3255.89	3277.67	17559	0	5
2025.06.27	20:00:00	3277.69	3282.76	3268.40	3274.96	12495	0	5
2025.06.30	00:00:00	3275.50	3281.68	3248.48	3264.59	10247	0	5
2025.06.30	04:00:00	3264.73	3286.29	3259.54	3285.82	12883	0	5
2025.06.30	08:00:00	3285.59	3296.79	3284.72	3289.14	13349	0	10
2025.06.30	12:00:00	3289.03	3289.03	3274.64	3281.95	13350	0	5
2025.06.30	16:00:00	3281.95	3297.45	3278.01	3297.31	15431	0	5
2025.06.30	20:00:00	3298.14	3309.41	3292.02	3302.92	11207	0	5
2025.07.01	00:00:00	3303.40	3314.78	3302.38	3314.72	7831	0	5
2025.07.01	04:00:00	3314.78	3323.05	3314.13	3322.93	12660	0	7
2025.07.01	08:00:00	3322.95	3342.28	3322.91	3339.49	14427	0	5
2025.07.01	12:00:00	3339.53	3357.92	3338.20	3354.51	14722	0	5
2025.07.01	16:00:00	3354.60	3355.55	3337.07	3341.75	17306	0	5
2025.07.01	20:00:00	3341.75	3342.18	3336.86	3338.78	10982	0	14
2025.07.02	00:00:00	3338.98	3344.90	3334.89	3338.93	7950	0	5
2025.07.02	04:00:00	3339.00	3342.89	3328.88	3340.11	12117	0	10
2025.07.02	08:00:00	3340.08	3343.86	3327.61	3333.59	13054	0	5
2025.07.02	12:00:00	3333.52	3351.12	3333.08	3346.64	13229	0	6
2025.07.02	16:00:00	3346.54	3349.19	3333.89	3348.65	15670	0	6
2025.07.02	20:00:00	3348.41	3360.10	3347.40	3356.93	10210	0	5
2025.07.03	00:00:00	3358.07	3365.74	3346.36	3346.38	5528	0	5
2025.07.03	12:00:00	3353.14	3355.33	3311.69	3324.47	14094	0	5
2025.07.03	16:00:00	3324.23	3338.44	3322.11	3333.88	17223	0	7
2025.07.03	20:00:00	3333.83	3334.80	3325.26	3325.92	5559	0	9
2025.07.04	00:00:00	3325.52	3332.02	3323.59	3328.96	6351	0	8
2025.07.04	04:00:00	3328.96	3329.22	3326.48	3327.68	277	0	15
2025.07.04	08:00:00	3337.62	3344.18	3336.94	3342.84	4360	0	9
2025.07.04	12:00:00	3342.82	3343.08	3331.42	3333.87	10063	0	5
2025.07.04	16:00:00	3333.94	3337.99	3330.88	3337.04	9577	0	5
2025.07.07	00:00:00	3335.92	3342.76	3321.76	3326.53	9053	0	8
2025.07.07	04:00:00	3326.56	3327.67	3305.35	3307.72	14733	0	5
2025.07.07	08:00:00	3307.75	3315.12	3300.69	3310.10	14705	0	5
2025.07.07	12:00:00	3309.95	3312.55	3296.45	3309.60	15665	0	5
2025.07.07	16:00:00	3309.57	3328.02	3306.21	3327.40	16340	0	5
2025.07.07	20:00:00	3327.42	3340.37	3327.42	3336.16	12210	0	5
2025.07.08	00:00:00	3338.99	3345.76	3331.29	3334.22	8572	0	5
2025.07.08	04:00:00	3334.08	3337.98	3327.51	3329.62	13289	0	5
2025.07.08	08:00:00	3329.56	3339.46	3323.35	3323.72	14910	0	5
2025.07.08	12:00:00	3323.67	3329.85	3320.06	3328.22	13925	0	5
2025.07.08	16:00:00	3328.20	3328.64	3287.13	3300.37	20235	0	5
2025.07.08	20:00:00	3300.54	3310.30	3299.35	3301.48	13774	0	5
2025.07.09	00:00:00	3302.39	3307.91	3297.26	3307.01	7672	0	6
2025.07.09	04:00:00	3307.13	3307.27	3284.96	3293.99	12900	0	6
2025.07.09	08:00:00	3293.97	3297.80	3282.77	3284.98	14361	0	5
2025.07.09	12:00:00	3284.94	3297.49	3283.26	3296.42	13069	0	6
2025.07.09	16:00:00	3296.27	3313.26	3291.95	3311.89	16293	0	5
2025.07.09	20:00:00	3311.74	3316.79	3308.06	3313.55	11463	0	8
2025.07.10	00:00:00	3314.00	3321.82	3313.52	3317.68	6967	0	5
2025.07.10	04:00:00	3317.66	3326.30	3314.82	3322.22	10773	0	7
2025.07.10	08:00:00	3322.25	3330.11	3319.89	3328.69	12391	0	5
2025.07.10	12:00:00	3328.63	3330.25	3317.98	3323.83	13577	0	5
2025.07.10	16:00:00	3323.90	3329.48	3310.12	3315.12	16592	0	5
2025.07.10	20:00:00	3315.02	3325.94	3314.63	3323.85	11378	0	5
2025.07.11	00:00:00	3324.18	3336.13	3321.78	3330.64	7798	0	5
2025.07.11	04:00:00	3330.46	3336.02	3325.26	3332.00	12967	0	7
2025.07.11	08:00:00	3331.99	3343.82	3331.18	3333.03	16228	0	5
2025.07.11	12:00:00	3333.03	3357.01	3332.79	3355.12	16049	0	5
2025.07.11	16:00:00	3355.34	3368.75	3350.17	3353.82	19547	0	5
2025.07.11	20:00:00	3353.68	3359.71	3349.22	3355.50	13753	0	6
2025.07.14	00:00:00	3362.47	3373.94	3359.59	3367.65	11901	0	5
2025.07.14	04:00:00	3367.39	3370.18	3353.74	3359.76	17062	0	5
2025.07.14	08:00:00	3359.68	3374.92	3353.82	3365.95	17529	0	5
2025.07.14	12:00:00	3366.00	3374.63	3349.37	3350.11	16865	0	5
2025.07.14	16:00:00	3350.38	3358.99	3341.05	3347.78	19226	0	6
2025.07.14	20:00:00	3347.81	3351.67	3340.71	3343.26	12713	0	5
2025.07.15	00:00:00	3344.06	3349.32	3341.23	3347.64	5303	0	8
2025.07.15	04:00:00	3347.42	3361.33	3345.86	3360.26	10989	0	5
2025.07.15	08:00:00	3360.23	3365.55	3356.73	3361.05	12879	0	5
2025.07.15	12:00:00	3361.00	3366.73	3346.42	3348.81	14341	0	5
2025.07.15	16:00:00	3349.14	3352.40	3320.25	3329.26	17991	0	5
2025.07.15	20:00:00	3329.39	3331.90	3324.60	3324.65	11225	0	5
2025.07.16	00:00:00	3324.68	3332.76	3323.78	3330.50	6275	0	6
2025.07.16	04:00:00	3330.75	3338.61	3325.11	3338.29	12825	0	10
2025.07.16	08:00:00	3338.23	3342.85	3335.78	3342.14	12892	0	7
2025.07.16	12:00:00	3342.06	3342.99	3331.01	3334.58	14601	0	5
2025.07.16	16:00:00	3334.78	3377.48	3319.62	3349.02	22107	0	5
2025.07.16	20:00:00	3349.25	3357.29	3346.10	3346.99	13266	0	5
2025.07.17	00:00:00	3350.79	3352.22	3339.69	3340.90	6760	0	10
2025.07.17	04:00:00	3340.82	3344.74	3336.26	3342.65	12620	0	5
2025.07.17	08:00:00	3342.64	3342.85	3325.21	3328.85	15437	0	5
2025.07.17	12:00:00	3328.81	3332.52	3309.90	3313.07	16654	0	5
2025.07.17	16:00:00	3313.57	3339.92	3311.27	3338.86	20142	0	6
2025.07.17	20:00:00	3338.87	3341.07	3335.62	3338.10	11829	0	5
2025.07.18	00:00:00	3341.64	3343.95	3338.03	3339.87	6120	0	7
2025.07.18	04:00:00	3339.89	3344.29	3333.87	3337.01	11076	0	5
2025.07.18	08:00:00	3336.94	3350.34	3331.80	3347.43	12901	0	5
2025.07.18	12:00:00	3347.46	3361.24	3347.45	3359.98	13489	0	5
2025.07.18	16:00:00	3360.07	3360.31	3351.22	3353.69	16103	0	6
2025.07.18	20:00:00	3353.72	3353.74	3347.65	3350.85	10217	0	5
2025.07.21	00:00:00	3350.01	3354.56	3345.00	3352.27	6339	0	5
2025.07.21	04:00:00	3352.10	3358.67	3350.72	3357.79	10985	0	5
2025.07.21	08:00:00	3357.78	3370.76	3357.63	3365.92	14600	0	5
2025.07.21	12:00:00	3365.97	3388.60	3362.85	3387.20	14203	0	5
2025.07.21	16:00:00	3387.41	3401.59	3383.71	3395.63	19615	0	5
2025.07.21	20:00:00	3395.65	3399.74	3391.56	3397.41	13174	0	8
2025.07.22	00:00:00	3399.04	3402.67	3390.52	3394.58	7139	0	7
2025.07.22	04:00:00	3394.62	3395.77	3385.17	3391.08	13460	0	5
2025.07.22	08:00:00	3391.40	3391.90	3383.26	3389.00	14738	0	5
2025.07.22	12:00:00	3388.97	3407.84	3384.65	3407.63	13874	0	5
2025.07.22	16:00:00	3407.55	3432.97	3405.19	3432.20	22138	0	5
2025.07.22	20:00:00	3432.26	3433.53	3426.55	3429.58	15282	0	5
2025.07.23	00:00:00	3430.90	3438.77	3426.26	3428.85	8200	0	5
2025.07.23	04:00:00	3428.90	3430.61	3419.26	3423.51	15574	0	5
2025.07.23	08:00:00	3423.56	3429.64	3416.41	3428.40	16097	0	5
2025.07.23	12:00:00	3428.45	3433.84	3419.95	3419.98	13450	0	5
2025.07.23	16:00:00	3419.97	3420.54	3381.52	3387.36	19621	0	5
2025.07.23	20:00:00	3387.36	3395.88	3385.76	3388.10	12904	0	5
2025.07.24	00:00:00	3390.56	3393.19	3386.44	3391.42	6161	0	5
2025.07.24	04:00:00	3391.63	3393.35	3374.79	3382.82	16380	0	5
2025.07.24	08:00:00	3382.63	3383.00	3365.88	3369.69	15217	0	5
2025.07.24	12:00:00	3369.51	3370.06	3352.66	3353.39	13856	0	5
2025.07.24	16:00:00	3353.21	3377.39	3351.39	3366.99	18357	0	5
2025.07.24	20:00:00	3366.95	3373.34	3366.23	3367.50	10076	0	5
2025.07.25	00:00:00	3369.25	3373.55	3365.30	3372.25	6204	0	5
2025.07.25	04:00:00	3372.30	3372.71	3357.81	3361.01	11083	0	5
2025.07.25	08:00:00	3361.02	3362.37	3344.55	3345.51	11150	0	5
2025.07.25	12:00:00	3345.48	3348.92	3336.28	3340.79	10651	0	5
2025.07.25	16:00:00	3340.82	3347.49	3325.08	3329.68	16662	0	5
2025.07.25	20:00:00	3329.82	3340.21	3329.62	3336.65	9062	0	5
2025.07.28	00:00:00	3331.05	3337.33	3323.89	3333.38	8486	0	5
2025.07.28	04:00:00	3333.11	3343.98	3329.98	3339.65	11919	0	5
2025.07.28	08:00:00	3339.62	3345.20	3332.38	3335.98	12314	0	5
2025.07.28	12:00:00	3335.99	3340.72	3325.50	3328.46	11843	0	5
2025.07.28	16:00:00	3328.28	3330.62	3301.80	3312.25	16542	0	5
2025.07.28	20:00:00	3312.22	3318.84	3308.81	3314.78	10396	0	5
2025.07.29	00:00:00	3314.18	3315.82	3307.94	3311.66	6305	0	5
2025.07.29	04:00:00	3311.53	3320.82	3308.58	3316.55	11807	0	5
2025.07.29	08:00:00	3316.57	3329.81	3311.29	3326.42	13144	0	5
2025.07.29	12:00:00	3326.38	3328.24	3314.97	3323.26	12195	0	5
2025.07.29	16:00:00	3323.37	3334.14	3311.99	3323.12	16300	0	5
2025.07.29	20:00:00	3323.10	3330.89	3322.43	3325.50	10703	0	5
2025.07.30	00:00:00	3327.36	3333.61	3325.98	3330.21	5041	0	5
2025.07.30	04:00:00	3330.20	3333.33	3321.92	3327.21	11231	0	5
2025.07.30	08:00:00	3326.81	3333.40	3323.25	3332.23	11272	0	5
2025.07.30	12:00:00	3332.04	3334.05	3310.74	3313.36	12869	0	5
2025.07.30	16:00:00	3312.43	3316.05	3288.70	3298.06	15735	0	5
2025.07.30	20:00:00	3298.15	3304.72	3268.17	3275.86	15847	0	5
2025.07.31	00:00:00	3277.45	3288.46	3276.45	3286.34	7537	0	5
2025.07.31	04:00:00	3286.52	3298.61	3285.27	3298.17	13417	0	5
2025.07.31	08:00:00	3298.17	3314.81	3294.70	3310.04	13933	0	5
2025.07.31	12:00:00	3309.91	3313.14	3293.80	3307.59	15728	0	5
2025.07.31	16:00:00	3307.64	3310.28	3289.65	3295.03	19084	0	5
2025.07.31	20:00:00	3294.88	3298.39	3290.08	3290.68	12796	0	5
2025.08.01	00:00:00	3291.51	3295.14	3286.47	3290.25	6505	0	5
2025.08.01	04:00:00	3290.20	3297.08	3281.59	3292.07	12360	0	5
2025.08.01	08:00:00	3292.09	3300.30	3285.31	3294.26	12974	0	5
2025.08.01	12:00:00	3294.35	3345.22	3292.79	3341.26	13921	0	5
2025.08.01	16:00:00	3341.50	3355.07	3338.85	3347.28	19392	0	5
2025.08.01	20:00:00	3347.24	3363.45	3345.57	3363.23	12771	0	0
2025.08.04	00:00:00	3362.95	3364.62	3350.26	3352.18	7880	0	5
2025.08.04	04:00:00	3352.05	3362.16	3345.07	3358.97	11919	0	5
2025.08.04	08:00:00	3358.97	3362.65	3351.70	3358.43	13124	0	5
2025.08.04	12:00:00	3358.41	3371.48	3353.03	3367.78	13795	0	5
2025.08.04	16:00:00	3367.83	3385.37	3367.13	3370.96	16191	0	5
2025.08.04	20:00:00	3370.95	3377.06	3370.70	3374.01	9746	0	7
2025.08.05	00:00:00	3376.19	3381.27	3373.60	3379.81	5455	0	5
2025.08.05	04:00:00	3379.89	3382.41	3371.08	3371.16	9889	0	5
2025.08.05	08:00:00	3371.15	3375.47	3365.72	3366.09	12212	0	5
2025.08.05	12:00:00	3366.13	3366.98	3349.99	3366.08	13122	0	5
2025.08.05	16:00:00	3366.38	3390.38	3365.95	3382.06	16726	0	5
2025.08.05	20:00:00	3382.07	3382.77	3378.15	3380.47	9214	0	6
2025.08.06	00:00:00	3381.14	3385.62	3378.19	3383.44	5510	0	5
2025.08.06	04:00:00	3383.28	3383.59	3372.11	3372.42	10745	0	5
2025.08.06	08:00:00	3372.25	3378.58	3364.87	3365.13	12147	0	5
2025.08.06	12:00:00	3365.12	3369.24	3358.24	3367.59	13547	0	5
2025.08.06	16:00:00	3367.57	3379.98	3365.47	3376.05	17380	0	5
2025.08.06	20:00:00	3376.08	3377.56	3367.15	3368.40	12904	0	5
2025.08.07	00:00:00	3372.59	3374.90	3365.30	3372.40	8386	0	5
2025.08.07	04:00:00	3372.37	3384.22	3370.29	3377.57	13596	0	5
2025.08.07	08:00:00	3377.60	3397.44	3371.68	3378.09	17062	0	5
2025.08.07	12:00:00	3378.14	3389.64	3371.74	3380.81	17329	0	5
2025.08.07	16:00:00	3380.81	3393.79	3375.39	3388.83	18204	0	5
2025.08.07	20:00:00	3388.77	3401.81	3384.37	3395.84	14411	0	5
2025.08.08	00:00:00	3402.94	3408.84	3387.83	3389.93	11988	0	5
2025.08.08	04:00:00	3389.93	3399.22	3381.19	3394.30	18652	0	5
2025.08.08	08:00:00	3394.26	3404.24	3388.68	3394.36	18402	0	5
2025.08.08	12:00:00	3394.42	3401.96	3380.52	3391.49	20072	0	5
2025.08.08	16:00:00	3391.71	3401.65	3381.31	3397.56	19167	0	5
2025.08.08	20:00:00	3397.52	3404.19	3376.62	3397.14	17593	0	5
2025.08.11	00:00:00	3400.50	3401.85	3381.59	3381.59	8796	0	6
2025.08.11	04:00:00	3381.63	3384.28	3367.80	3375.90	15593	0	5
2025.08.11	08:00:00	3375.84	3380.08	3357.31	3361.90	15931	0	5
2025.08.11	12:00:00	3361.84	3363.80	3344.54	3356.85	16629	0	5
2025.08.11	16:00:00	3356.56	3362.82	3341.47	3344.09	16976	0	5
2025.08.11	20:00:00	3344.16	3358.84	3341.40	3342.29	12444	0	5
2025.08.12	00:00:00	3344.31	3355.73	3342.54	3354.47	6718	0	6
2025.08.12	04:00:00	3354.50	3357.41	3346.25	3354.40	12008	0	5
2025.08.12	08:00:00	3354.49	3358.11	3342.30	3347.91	13291	0	5
2025.08.12	12:00:00	3347.92	3358.04	3336.09	3349.98	13902	0	5
2025.08.12	16:00:00	3349.80	3359.03	3331.13	3349.47	19049	0	5
2025.08.12	20:00:00	3349.48	3350.80	3345.60	3348.28	10914	0	6
2025.08.13	00:00:00	3349.92	3353.71	3342.72	3343.55	6236	0	5
2025.08.13	04:00:00	3343.57	3354.26	3342.90	3351.84	12264	0	5
2025.08.13	08:00:00	3351.82	3363.42	3345.78	3360.19	13603	0	5
2025.08.13	12:00:00	3360.35	3366.98	3355.56	3358.03	14167	0	5
2025.08.13	16:00:00	3358.09	3370.76	3354.26	3357.92	15722	0	5
2025.08.13	20:00:00	3358.01	3359.33	3349.97	3355.97	8847	0	5
2025.08.14	00:00:00	3357.05	3374.81	3356.70	3369.61	7184	0	5
2025.08.14	04:00:00	3369.43	3370.90	3355.40	3360.44	13401	0	5
2025.08.14	08:00:00	3360.45	3366.27	3341.74	3346.17	15042	0	5
2025.08.14	12:00:00	3346.18	3359.10	3341.97	3350.58	14836	0	5
2025.08.14	16:00:00	3350.48	3356.02	3329.85	3334.38	18574	0	5
2025.08.14	20:00:00	3334.24	3341.03	3331.91	3334.75	10082	0	6
2025.08.15	00:00:00	3336.51	3338.74	3332.20	3337.25	5927	0	8
2025.08.15	04:00:00	3337.24	3346.61	3333.33	3345.47	11459	0	5
2025.08.15	08:00:00	3345.16	3348.67	3338.37	3341.22	12483	0	5
2025.08.15	12:00:00	3341.18	3344.91	3333.59	3342.65	13481	0	5
2025.08.15	16:00:00	3342.70	3345.88	3332.89	3338.22	14895	0	5
2025.08.15	20:00:00	3338.21	3339.59	3334.43	3336.08	9104	0	5
2025.08.18	00:00:00	3335.35	3342.72	3323.62	3340.67	7687	0	5
2025.08.18	04:00:00	3340.56	3358.19	3339.64	3357.53	11944	0	5
2025.08.18	08:00:00	3357.51	3358.39	3344.58	3348.65	13201	0	5
2025.08.18	12:00:00	3348.58	3351.68	3343.16	3344.63	11654	0	11
2025.08.18	16:00:00	3344.53	3344.93	3331.76	3334.31	14336	0	6
2025.08.18	20:00:00	3334.33	3334.86	3330.24	3332.89	7976	0	9
2025.08.19	00:00:00	3333.25	3339.14	3326.04	3335.15	6544	0	5
2025.08.19	04:00:00	3335.15	3341.58	3329.71	3337.68	12419	0	5
2025.08.19	08:00:00	3337.57	3341.74	3334.46	3338.00	11922	0	7
2025.08.19	12:00:00	3338.02	3345.29	3334.32	3334.73	11647	0	5
2025.08.19	16:00:00	3334.84	3339.21	3317.04	3317.45	16409	0	5
2025.08.19	20:00:00	3317.42	3320.25	3314.89	3315.60	9927	0	5
2025.08.20	00:00:00	3316.47	3317.59	3312.78	3315.99	6150	0	5
2025.08.20	04:00:00	3316.04	3320.93	3311.55	3318.69	12424	0	5
2025.08.20	08:00:00	3318.70	3327.56	3318.16	3324.89	11983	0	6
2025.08.20	12:00:00	3324.95	3344.80	3323.52	3342.90	13420	0	5
2025.08.20	16:00:00	3342.82	3350.19	3338.93	3345.11	14465	0	5
2025.08.20	20:00:00	3345.12	3349.22	3344.02	3347.80	9363	0	5
2025.08.21	00:00:00	3351.04	3352.06	3341.44	3342.30	6562	0	8
2025.08.21	04:00:00	3342.36	3346.35	3338.00	3338.27	10196	0	5
2025.08.21	08:00:00	3338.28	3341.47	3334.29	3339.62	10815	0	5
2025.08.21	12:00:00	3339.55	3345.04	3325.17	3341.96	12977	0	5
2025.08.21	16:00:00	3341.88	3348.06	3336.25	3339.73	15593	0	5
2025.08.21	20:00:00	3339.74	3342.01	3336.62	3338.44	7863	0	5
2025.08.22	00:00:00	3339.94	3340.55	3335.08	3339.55	5201	0	11
2025.08.22	04:00:00	3339.56	3340.15	3327.99	3328.45	11071	0	5
2025.08.22	08:00:00	3328.36	3335.02	3325.37	3328.77	12005	0	12
2025.08.22	12:00:00	3328.76	3331.68	3321.44	3323.51	11161	0	11
2025.08.22	16:00:00	3323.46	3378.79	3323.29	3370.60	17549	0	5
2025.08.22	20:00:00	3370.56	3375.53	3368.92	3371.86	9803	0	5
2025.08.25	00:00:00	3368.71	3371.00	3363.28	3364.86	6772	0	5
2025.08.25	04:00:00	3364.86	3368.20	3359.81	3366.08	11160	0	5
2025.08.25	08:00:00	3366.02	3369.79	3363.07	3363.94	10382	0	5
2025.08.25	12:00:00	3363.84	3371.45	3361.98	3364.50	10279	0	5
2025.08.25	16:00:00	3364.49	3376.22	3362.17	3373.81	15392	0	5
2025.08.25	20:00:00	3373.83	3374.83	3364.22	3365.73	9499	0	5
2025.08.26	00:00:00	3366.56	3386.44	3351.29	3383.26	10693	0	5
2025.08.26	04:00:00	3383.33	3384.85	3369.84	3377.34	15202	0	6
2025.08.26	08:00:00	3377.38	3379.86	3367.32	3376.62	15473	0	5
2025.08.26	12:00:00	3376.60	3380.23	3367.29	3371.94	15620	0	5
2025.08.26	16:00:00	3371.92	3389.39	3370.39	3382.99	17877	0	5
2025.08.26	20:00:00	3383.01	3393.31	3380.33	3392.96	10592	0	5
2025.08.27	00:00:00	3390.76	3393.49	3388.76	3389.62	7521	0	5
2025.08.27	04:00:00	3389.65	3390.01	3373.89	3374.99	13846	0	5
2025.08.27	08:00:00	3375.03	3384.99	3373.81	3384.53	14467	0	5
2025.08.27	12:00:00	3384.55	3385.44	3373.84	3381.13	15125	0	5
2025.08.27	16:00:00	3381.40	3398.81	3375.65	3395.44	17067	0	5
2025.08.27	20:00:00	3395.48	3397.46	3392.32	3397.38	10576	0	5
2025.08.28	00:00:00	3398.01	3399.33	3391.36	3392.00	7975	0	5
2025.08.28	04:00:00	3391.96	3392.83	3384.60	3390.15	15570	0	5
2025.08.28	08:00:00	3390.16	3401.05	3387.71	3400.72	15331	0	5
2025.08.28	12:00:00	3400.80	3408.75	3393.99	3396.98	16432	0	5
2025.08.28	16:00:00	3397.16	3417.73	3394.59	3415.51	19384	0	5
2025.08.28	20:00:00	3415.49	3423.17	3414.67	3417.36	14313	0	5
2025.08.29	00:00:00	3417.06	3417.97	3413.06	3413.46	6932	0	14
2025.08.29	04:00:00	3413.52	3413.94	3407.62	3408.85	15413	0	5
2025.08.29	08:00:00	3408.92	3414.83	3406.57	3410.35	14380	0	5
2025.08.29	12:00:00	3410.45	3416.86	3404.36	3416.49	15898	0	5
2025.08.29	16:00:00	3416.75	3449.38	3413.69	3449.17	21362	0	5
2025.08.29	20:00:00	3449.05	3453.88	3441.00	3448.16	16267	0	5
2025.09.01	00:00:00	3445.94	3452.54	3442.46	3444.12	8198	0	8
2025.09.01	04:00:00	3444.06	3486.04	3437.12	3475.07	18844	0	5
2025.09.01	08:00:00	3475.09	3489.81	3467.88	3477.01	18051	0	5
2025.09.01	12:00:00	3477.00	3477.10	3466.40	3469.47	17284	0	5
2025.09.01	16:00:00	3469.56	3481.23	3468.96	3477.35	14105	0	5
2025.09.01	20:00:00	3477.36	3478.86	3476.14	3476.37	3451	0	5
2025.09.02	00:00:00	3476.41	3485.08	3474.55	3479.26	10097	0	5
2025.09.02	04:00:00	3479.26	3508.69	3477.09	3496.77	18917	0	5
2025.09.02	08:00:00	3496.69	3497.81	3470.34	3477.59	19426	0	5
2025.09.02	12:00:00	3477.62	3494.08	3474.03	3482.15	20084	0	5
2025.09.02	16:00:00	3482.76	3528.73	3478.32	3527.70	22104	0	5
2025.09.02	20:00:00	3527.74	3540.17	3521.93	3534.40	16452	0	5
2025.09.03	00:00:00	3532.61	3546.81	3526.30	3536.09	10054	0	5
2025.09.03	04:00:00	3536.11	3545.98	3529.36	3536.87	17849	0	5
2025.09.03	08:00:00	3536.86	3541.11	3527.09	3540.07	17859	0	5
2025.09.03	12:00:00	3540.07	3551.47	3532.38	3550.40	18860	0	5
2025.09.03	16:00:00	3550.37	3572.54	3549.44	3572.45	21502	0	5
2025.09.03	20:00:00	3572.45	3578.46	3559.62	3560.62	17851	0	5
2025.09.04	00:00:00	3560.30	3564.19	3552.16	3561.58	11417	0	5
2025.09.04	04:00:00	3561.71	3563.47	3511.45	3533.07	19353	0	5
2025.09.04	08:00:00	3533.08	3545.48	3524.59	3541.25	18210	0	5
2025.09.04	12:00:00	3541.22	3553.12	3536.67	3548.33	18561	0	5
2025.09.04	16:00:00	3548.32	3558.81	3535.07	3552.54	20699	0	5
2025.09.04	20:00:00	3552.51	3555.39	3542.61	3545.39	13153	0	5
2025.09.05	00:00:00	3545.44	3556.39	3539.79	3552.11	9718	0	5
2025.09.05	04:00:00	3552.10	3559.11	3546.15	3558.47	15624	0	5
2025.09.05	08:00:00	3558.50	3561.09	3544.86	3546.04	15900	0	5
2025.09.05	12:00:00	3546.04	3586.81	3546.01	3580.24	17614	0	5
2025.09.05	16:00:00	3580.69	3600.00	3573.44	3595.25	22496	0	5
2025.09.05	20:00:00	3595.42	3597.39	3586.49	3587.37	15743	0	5
2025.09.08	00:00:00	3592.28	3596.56	3586.91	3594.17	11964	0	5
2025.09.08	04:00:00	3594.23	3597.07	3579.64	3581.54	16985	0	5
2025.09.08	08:00:00	3581.38	3617.11	3581.21	3611.36	17124	0	5
2025.09.08	12:00:00	3611.30	3626.15	3608.67	3624.20	16277	0	5
2025.09.08	16:00:00	3624.36	3646.35	3620.51	3640.59	19360	0	5
2025.09.08	20:00:00	3640.58	3641.10	3631.77	3636.76	13609	0	5
2025.09.09	00:00:00	3636.12	3640.87	3628.19	3638.58	9089	0	5
2025.09.09	04:00:00	3638.59	3657.06	3636.07	3655.06	16845	0	5
2025.09.09	08:00:00	3654.81	3659.22	3636.65	3648.18	17804	0	5
2025.09.09	12:00:00	3648.20	3656.60	3643.90	3647.48	16207	0	5
2025.09.09	16:00:00	3647.53	3674.12	3626.91	3644.96	20069	0	5
2025.09.09	20:00:00	3644.94	3646.43	3626.05	3626.23	14348	0	5
2025.09.10	00:00:00	3623.32	3640.77	3621.44	3623.93	11489	0	5
2025.09.10	04:00:00	3623.93	3643.26	3620.29	3643.00	15195	0	5
2025.09.10	08:00:00	3642.98	3648.37	3639.98	3645.80	15450	0	5
2025.09.10	12:00:00	3645.85	3657.57	3640.39	3644.05	16548	0	5
2025.09.10	16:00:00	3643.93	3655.26	3638.43	3642.88	18017	0	5
2025.09.10	20:00:00	3642.91	3649.64	3634.98	3640.55	13049	0	5
2025.09.11	00:00:00	3641.94	3647.11	3638.23	3643.91	8035	0	5
2025.09.11	04:00:00	3643.92	3649.09	3629.86	3630.63	13744	0	5
2025.09.11	08:00:00	3630.56	3638.04	3622.81	3626.20	15325	0	5
2025.09.11	12:00:00	3626.07	3644.02	3613.51	3628.92	16220	0	5
2025.09.11	16:00:00	3629.38	3641.84	3618.34	3636.18	18637	0	5
2025.09.11	20:00:00	3636.19	3637.64	3630.30	3633.91	12155	0	5
2025.09.12	00:00:00	3634.01	3638.19	3630.59	3636.57	7304	0	5
2025.09.12	04:00:00	3636.61	3655.97	3636.61	3654.91	14467	0	5
2025.09.12	08:00:00	3654.89	3656.63	3639.72	3641.08	14971	0	5
2025.09.12	12:00:00	3640.98	3652.14	3637.76	3645.38	16269	0	5
2025.09.12	16:00:00	3644.96	3654.21	3642.02	3649.17	17224	0	5
2025.09.12	20:00:00	3649.12	3650.56	3641.37	3642.60	11753	0	5
2025.09.15	00:00:00	3644.63	3646.25	3632.06	3633.35	8418	0	5
2025.09.15	04:00:00	3633.40	3646.83	3626.69	3645.60	13831	0	5
2025.09.15	08:00:00	3645.64	3646.24	3633.81	3645.47	15317	0	5
2025.09.15	12:00:00	3645.43	3650.99	3635.83	3650.32	17400	0	5
2025.09.15	16:00:00	3650.42	3685.50	3646.85	3679.18	20191	0	5
2025.09.15	20:00:00	3679.21	3682.74	3675.85	3678.66	14392	0	5
2025.09.16	00:00:00	3680.34	3686.81	3676.11	3686.43	8312	0	7
2025.09.16	04:00:00	3686.43	3689.40	3674.68	3684.35	15597	0	5
2025.09.16	08:00:00	3684.27	3697.16	3680.33	3694.34	16586	0	5
2025.09.16	12:00:00	3694.26	3699.48	3686.51	3689.23	18586	0	5
2025.09.16	16:00:00	3688.91	3703.06	3678.87	3689.78	22883	0	5
2025.09.16	20:00:00	3689.78	3693.77	3686.35	3689.69	13481	0	5
2025.09.17	00:00:00	3689.32	3695.31	3689.32	3691.55	7190	0	5
2025.09.17	04:00:00	3691.46	3692.14	3674.38	3680.77	14192	0	5
2025.09.17	08:00:00	3680.76	3685.90	3662.48	3664.84	16233	0	5
2025.09.17	12:00:00	3664.83	3679.36	3659.76	3678.68	16583	0	5
2025.09.17	16:00:00	3678.81	3688.54	3672.96	3684.70	17111	0	5
2025.09.17	20:00:00	3684.72	3707.42	3646.21	3659.79	18540	0	5
2025.09.18	00:00:00	3658.85	3671.95	3655.66	3665.20	11012	0	5
2025.09.18	04:00:00	3664.98	3668.73	3652.22	3653.70	17059	0	5
2025.09.18	08:00:00	3653.66	3665.65	3633.83	3665.53	19893	0	5
2025.09.18	12:00:00	3665.48	3672.90	3662.93	3663.33	18441	0	5
2025.09.18	16:00:00	3663.06	3664.17	3627.78	3646.56	21656	0	5
2025.09.18	20:00:00	3646.47	3647.12	3640.64	3644.31	13869	0	5
2025.09.19	00:00:00	3643.47	3644.22	3636.31	3640.05	7310	0	5
2025.09.19	04:00:00	3639.83	3660.09	3632.16	3658.89	16030	0	5
2025.09.19	08:00:00	3658.91	3661.24	3643.38	3655.69	15864	0	5
2025.09.19	12:00:00	3655.66	3659.10	3644.67	3649.23	14606	0	5
2025.09.19	16:00:00	3649.13	3676.10	3643.84	3668.29	18567	0	5
2025.09.19	20:00:00	3668.26	3685.18	3668.16	3685.07	13663	0	5
2025.09.22	00:00:00	3685.51	3692.36	3683.69	3690.62	10330	0	5
2025.09.22	04:00:00	3690.70	3697.47	3685.54	3692.20	17270	0	5
2025.09.22	08:00:00	3692.19	3722.68	3691.93	3720.43	18538	0	5
2025.09.22	12:00:00	3720.46	3728.25	3712.03	3721.62	18310	0	5
2025.09.22	16:00:00	3721.68	3739.60	3716.86	3737.14	17567	0	5
2025.09.22	20:00:00	3737.28	3748.74	3737.24	3746.63	14952	0	5
2025.09.23	00:00:00	3745.27	3751.42	3738.29	3747.25	9165	0	5
2025.09.23	04:00:00	3747.21	3759.35	3737.02	3744.78	16948	0	5
2025.09.23	08:00:00	3744.57	3775.19	3743.18	3774.31	16843	0	5
2025.09.23	12:00:00	3774.24	3791.18	3774.24	3784.29	17160	0	5
2025.09.23	16:00:00	3784.24	3788.85	3765.16	3779.16	18943	0	5
2025.09.23	20:00:00	3779.24	3785.61	3751.75	3764.02	15701	0	5
2025.09.24	00:00:00	3766.10	3770.28	3758.90	3765.23	9231	0	6
2025.09.24	04:00:00	3765.37	3771.85	3750.74	3768.23	16042	0	5
2025.09.24	08:00:00	3768.17	3779.21	3767.07	3770.12	15690	0	5
2025.09.24	12:00:00	3770.00	3771.70	3759.72	3768.04	15637	0	5
2025.09.24	16:00:00	3767.91	3773.05	3732.40	3735.83	19125	0	5
2025.09.24	20:00:00	3735.89	3738.77	3717.48	3735.85	14318	0	5
2025.09.25	00:00:00	3737.02	3751.58	3737.02	3748.99	10588	0	5
2025.09.25	04:00:00	3749.01	3750.47	3729.28	3738.09	17790	0	5
2025.09.25	08:00:00	3738.12	3761.62	3734.15	3756.38	18388	0	5
2025.09.25	12:00:00	3756.26	3761.00	3730.57	3738.76	19652	0	5
2025.09.25	16:00:00	3738.85	3745.40	3721.97	3733.84	22289	0	5
2025.09.25	20:00:00	3733.79	3758.21	3732.41	3749.05	17281	0	5
2025.09.26	00:00:00	3750.77	3751.61	3738.02	3749.54	10898	0	5
2025.09.26	04:00:00	3749.60	3753.37	3734.55	3747.69	16893	0	5
2025.09.26	08:00:00	3747.62	3755.10	3739.22	3752.95	17990	0	5
2025.09.26	12:00:00	3752.94	3757.45	3743.00	3752.10	17763	0	5
2025.09.26	16:00:00	3752.45	3783.80	3751.38	3774.21	22724	0	5
2025.09.26	20:00:00	3774.23	3783.16	3760.13	3760.53	16693	0	5
2025.09.29	00:00:00	3758.57	3787.45	3757.78	3787.11	12138	0	5
2025.09.29	04:00:00	3787.07	3808.77	3767.91	3805.03	20705	0	5
2025.09.29	08:00:00	3805.02	3819.81	3801.41	3818.79	20802	0	5
2025.09.29	12:00:00	3818.75	3831.39	3806.59	3813.72	19721	0	5
2025.09.29	16:00:00	3814.07	3833.49	3809.17	3830.27	21337	0	5
2025.09.29	20:00:00	3830.29	3834.06	3822.62	3833.76	15766	0	5
2025.09.30	00:00:00	3833.07	3840.43	3825.60	3838.91	8746	0	5
2025.09.30	04:00:00	3838.85	3867.24	3838.04	3867.20	17236	0	5
2025.09.30	08:00:00	3867.14	3871.66	3807.58	3816.29	18882	0	5
2025.09.30	12:00:00	3816.11	3821.58	3793.21	3819.34	18381	0	5
2025.09.30	16:00:00	3819.40	3854.50	3811.44	3845.93	19265	0	5
2025.09.30	20:00:00	3846.06	3860.76	3839.76	3858.23	14603	0	5
2025.10.01	00:00:00	3858.58	3865.33	3854.67	3860.94	9398	0	5
2025.10.01	04:00:00	3860.38	3875.58	3855.55	3864.87	15749	0	5
2025.10.01	08:00:00	3864.93	3895.34	3853.35	3893.00	17111	0	5
2025.10.01	12:00:00	3893.03	3895.23	3864.65	3870.41	16959	0	5
2025.10.01	16:00:00	3870.20	3878.68	3856.21	3870.88	19568	0	5
2025.10.01	20:00:00	3870.91	3871.87	3854.85	3865.49	15334	0	5
2025.10.02	00:00:00	3867.81	3870.33	3855.81	3856.04	9693	0	5
2025.10.02	04:00:00	3856.00	3869.97	3852.86	3864.24	12598	0	5
2025.10.02	08:00:00	3864.23	3878.68	3861.70	3874.61	15496	0	6
2025.10.02	12:00:00	3874.60	3891.97	3873.38	3884.37	15824	0	5
2025.10.02	16:00:00	3884.50	3896.82	3819.28	3844.93	21021	0	5
2025.10.02	20:00:00	3844.78	3859.29	3840.79	3856.19	14486	0	5
2025.10.03	00:00:00	3855.72	3863.82	3852.21	3856.91	8660	0	5
2025.10.03	04:00:00	3856.79	3862.57	3838.11	3843.98	15144	0	5
2025.10.03	08:00:00	3844.03	3865.57	3843.93	3864.78	14809	0	5
2025.10.03	12:00:00	3864.66	3874.93	3854.83	3873.77	15931	0	5
2025.10.03	16:00:00	3874.08	3891.61	3866.38	3883.72	19965	0	5
2025.10.03	20:00:00	3883.67	3889.20	3877.05	3886.38	15168	0	5
2025.10.06	00:00:00	3888.47	3921.00	3884.26	3900.36	13818	0	5
2025.10.06	04:00:00	3900.51	3940.28	3899.79	3938.67	17046	0	5
2025.10.06	08:00:00	3938.68	3949.61	3922.62	3942.44	19256	0	5
2025.10.06	12:00:00	3942.63	3946.89	3926.80	3934.03	18232	0	5
2025.10.06	16:00:00	3934.31	3969.82	3927.20	3953.98	20372	0	5
2025.10.06	20:00:00	3954.06	3964.93	3951.22	3960.95	14836	0	5
2025.10.07	00:00:00	3959.12	3977.48	3958.52	3962.66	12402	0	5
2025.10.07	04:00:00	3962.76	3976.89	3955.90	3975.95	15219	0	7
2025.10.07	08:00:00	3975.71	3976.82	3940.96	3951.31	18329	0	5
2025.10.07	12:00:00	3951.27	3980.02	3951.14	3979.46	16512	0	5
2025.10.07	16:00:00	3979.25	3990.99	3961.92	3976.57	20846	0	5
2025.10.07	20:00:00	3976.59	3987.68	3974.26	3984.23	16012	0	5
2025.10.08	00:00:00	3984.87	3999.23	3983.27	3992.23	11051	0	5
2025.10.08	04:00:00	3992.32	4026.98	3984.60	4026.72	19603	0	5
2025.10.08	08:00:00	4026.53	4040.42	4021.47	4036.33	20267	0	5
2025.10.08	12:00:00	4036.30	4049.61	4030.86	4039.98	20215	0	5
2025.10.08	16:00:00	4039.96	4059.25	4026.73	4056.58	23468	0	5
2025.10.08	20:00:00	4056.65	4058.03	4032.09	4041.33	20064	0	5
2025.10.09	00:00:00	4040.24	4045.07	4001.38	4022.77	13406	0	5
2025.10.09	04:00:00	4022.93	4041.01	4002.38	4039.03	18307	0	5
2025.10.09	08:00:00	4039.02	4043.68	4022.77	4038.10	17558	0	5
2025.10.09	12:00:00	4038.12	4053.73	4033.59	4053.47	16551	0	5
2025.10.09	16:00:00	4053.57	4057.93	3963.92	3968.38	21913	0	5
2025.10.09	20:00:00	3968.86	3982.32	3944.81	3975.91	18632	0	5
2025.10.10	00:00:00	3974.93	3994.38	3958.55	3991.02	11244	0	5
2025.10.10	04:00:00	3990.93	3992.44	3946.85	3966.39	18893	0	5
2025.10.10	08:00:00	3966.45	3994.84	3952.62	3991.98	19880	0	5
2025.10.10	12:00:00	3992.07	4006.78	3980.32	3987.56	19099	0	5
2025.10.10	16:00:00	3986.46	4022.28	3970.73	3983.54	21421	0	5
2025.10.10	20:00:00	3983.39	4021.30	3975.18	4012.37	19543	0	5
2025.10.13	00:00:00	4003.20	4060.29	4003.20	4043.85	17901	0	5
2025.10.13	04:00:00	4043.78	4059.36	4036.03	4056.35	20272	0	5
2025.10.13	08:00:00	4056.31	4079.19	4054.84	4077.77	21915	0	5
2025.10.13	12:00:00	4077.78	4085.56	4070.42	4079.62	20428	0	5
2025.10.13	16:00:00	4079.88	4117.01	4078.22	4105.71	23712	0	5
2025.10.13	20:00:00	4105.74	4115.30	4090.72	4110.36	17841	0	5
2025.10.14	00:00:00	4110.21	4132.11	4106.54	4124.49	13984	0	5
2025.10.14	04:00:00	4124.33	4170.01	4123.12	4168.12	22890	0	5
2025.10.14	08:00:00	4167.79	4179.60	4090.64	4143.97	25438	0	5
2025.10.14	12:00:00	4143.98	4144.20	4103.71	4106.58	23323	0	5
2025.10.14	16:00:00	4106.70	4155.38	4097.72	4140.47	25293	0	5
2025.10.14	20:00:00	4139.82	4152.77	4134.40	4142.09	20145	0	5
2025.10.15	00:00:00	4143.59	4169.65	4140.73	4162.54	13325	0	5
2025.10.15	04:00:00	4162.23	4190.49	4162.23	4179.74	19698	0	5
2025.10.15	08:00:00	4179.31	4218.12	4176.73	4208.11	19981	0	5
2025.10.15	12:00:00	4208.36	4211.97	4164.57	4190.22	20882	0	5
2025.10.15	16:00:00	4190.37	4212.37	4179.80	4198.90	23222	0	5
2025.10.15	20:00:00	4198.91	4213.14	4182.59	4208.06	19411	0	5
2025.10.16	00:00:00	4208.26	4227.21	4199.79	4210.64	13422	0	5
2025.10.16	04:00:00	4210.98	4242.14	4210.83	4233.33	20031	0	5
2025.10.16	08:00:00	4233.48	4235.75	4203.65	4232.86	20658	0	5
2025.10.16	12:00:00	4233.01	4251.08	4222.36	4235.96	20040	0	5
2025.10.16	16:00:00	4236.28	4291.92	4234.76	4282.61	23662	0	5
2025.10.16	20:00:00	4282.79	4330.39	4273.66	4325.87	21970	0	5
2025.10.17	00:00:00	4329.76	4379.18	4327.02	4358.29	19001	0	5
2025.10.17	04:00:00	4357.86	4377.10	4278.66	4376.23	24791	0	5
2025.10.17	08:00:00	4375.53	4378.51	4309.58	4347.74	25231	0	5
2025.10.17	12:00:00	4347.30	4348.48	4283.64	4314.31	24725	0	5
2025.10.17	16:00:00	4314.45	4317.61	4201.02	4204.49	27711	0	5
2025.10.17	20:00:00	4204.97	4252.75	4186.45	4252.63	23004	0	5
2025.10.20	00:00:00	4247.60	4274.11	4219.03	4249.50	15387	0	5
2025.10.20	04:00:00	4249.51	4271.04	4229.92	4266.39	18590	0	6
2025.10.20	08:00:00	4265.91	4266.65	4221.70	4258.67	19560	0	5
2025.10.20	12:00:00	4258.74	4327.04	4245.68	4323.65	19397	0	5
2025.10.20	16:00:00	4324.04	4355.82	4292.69	4347.85	21255	0	5
2025.10.20	20:00:00	4347.98	4381.53	4337.50	4356.25	18904	0	5
2025.10.21	00:00:00	4353.87	4375.40	4352.78	4368.89	13564	0	5
2025.10.21	04:00:00	4368.47	4372.15	4333.07	4341.98	18836	0	5
2025.10.21	08:00:00	4341.86	4344.27	4244.59	4273.86	21186	0	5
2025.10.21	12:00:00	4273.53	4278.03	4206.18	4211.30	20956	0	5
2025.10.21	16:00:00	4210.70	4225.32	4080.66	4113.46	24052	0	5
2025.10.21	20:00:00	4113.89	4130.87	4093.54	4124.85	19966	0	5
2025.10.22	00:00:00	4125.17	4132.26	4004.22	4075.12	15539	0	5
2025.10.22	04:00:00	4076.78	4142.96	4064.63	4128.20	18870	0	5
2025.10.22	08:00:00	4128.40	4161.26	4059.97	4070.52	20697	0	5
2025.10.22	12:00:00	4070.69	4101.36	4015.11	4033.78	22256	0	5
2025.10.22	16:00:00	4035.45	4085.23	4011.33	4059.37	23195	0	5
2025.10.22	20:00:00	4059.11	4113.37	4044.00	4098.33	19785	0	5
2025.10.23	00:00:00	4096.07	4116.35	4066.19	4081.82	14859	0	5
2025.10.23	04:00:00	4081.01	4100.66	4072.04	4089.87	18591	0	5
2025.10.23	08:00:00	4089.67	4137.53	4083.92	4116.04	19907	0	5
2025.10.23	12:00:00	4116.15	4129.41	4100.16	4127.27	19465	0	5
2025.10.23	16:00:00	4126.95	4154.66	4125.54	4132.99	21098	0	5
2025.10.23	20:00:00	4132.71	4138.27	4107.47	4125.93	8878	0	6
2025.10.24	00:00:00	4129.66	4133.66	4105.92	4132.59	11668	0	5
2025.10.24	04:00:00	4132.57	4144.14	4102.89	4111.79	17406	0	6
2025.10.24	08:00:00	4112.02	4118.04	4047.52	4065.24	18975	0	5
2025.10.24	12:00:00	4065.07	4093.19	4044.04	4082.03	18964	0	5
2025.10.24	16:00:00	4082.32	4138.39	4079.39	4129.26	21079	0	5
2025.10.24	20:00:00	4129.65	4134.24	4096.44	4112.21	17187	0	5
2025.10.27	00:00:00	4079.80	4109.23	4058.57	4081.80	23396	0	5
2025.10.27	04:00:00	4081.60	4084.39	4053.90	4079.64	19408	0	5
2025.10.27	08:00:00	4079.61	4084.52	4024.12	4039.70	19847	0	5
2025.10.27	12:00:00	4039.72	4049.97	4013.23	4021.86	21647	0	5
2025.10.27	16:00:00	4022.47	4023.15	3971.49	4006.45	22097	0	5
2025.10.27	20:00:00	4006.46	4010.16	3979.13	3981.02	14430	0	5
2025.10.28	00:00:00	3985.95	4019.75	3973.14	4011.03	18468	0	5
2025.10.28	04:00:00	4011.06	4014.01	3959.23	3966.53	18272	0	5
2025.10.28	08:00:00	3966.61	3968.43	3886.62	3904.78	21048	0	5
2025.10.28	12:00:00	3904.75	3940.46	3899.91	3938.73	21707	0	5
2025.10.28	16:00:00	3938.66	3970.26	3934.66	3962.44	21667	0	5
2025.10.28	20:00:00	3962.41	3964.02	3945.46	3952.61	13529	0	5
2025.10.29	00:00:00	3953.09	3982.14	3916.15	3973.71	20047	0	5
2025.10.29	04:00:00	3973.64	3974.46	3944.58	3962.61	18901	0	5
2025.10.29	08:00:00	3962.52	4029.50	3959.89	4024.01	20716	0	5
2025.10.29	12:00:00	4024.18	4030.22	4002.58	4012.40	21234	0	5
2025.10.29	16:00:00	4012.14	4022.32	3985.52	3994.68	20728	0	5
2025.10.29	20:00:00	3994.59	4006.87	3927.89	3930.07	17924	0	5
2025.10.30	00:00:00	3927.13	3966.44	3916.16	3947.94	19699	0	5
2025.10.30	04:00:00	3947.90	3981.86	3915.08	3963.64	19534	0	5
2025.10.30	08:00:00	3963.69	4011.80	3955.94	3998.62	19615	0	5
2025.10.30	12:00:00	3998.16	4001.01	3959.93	3995.33	20416	0	5
2025.10.30	16:00:00	3995.28	4017.82	3986.58	4004.28	20531	0	5
2025.10.30	20:00:00	4004.88	4027.32	4000.30	4024.23	13433	0	5
2025.10.31	00:00:00	4021.05	4046.34	4009.81	4018.90	18882	0	5
2025.10.31	04:00:00	4018.92	4019.13	3989.19	4005.08	18858	0	5
2025.10.31	08:00:00	4005.34	4026.76	3998.93	4008.50	18941	0	5
2025.10.31	12:00:00	4008.70	4036.36	4001.70	4017.03	19377	0	5
2025.10.31	16:00:00	4016.64	4027.42	3972.58	3997.69	21395	0	5
2025.10.31	20:00:00	3997.70	4010.19	3991.31	4002.14	12845	0	5
2025.11.03	00:00:00	3989.66	4001.80	3962.74	3995.83	15037	0	5
2025.11.03	04:00:00	3996.17	4018.82	3990.37	4014.07	17571	0	5
2025.11.03	08:00:00	4014.16	4027.67	3993.48	4000.76	18994	0	5
2025.11.03	12:00:00	4000.80	4020.67	3994.20	4016.08	18763	0	5
2025.11.03	16:00:00	4015.86	4030.74	3995.29	4006.19	20660	0	5
2025.11.03	20:00:00	4006.19	4014.79	3994.68	4001.21	16323	0	5
2025.11.04	00:00:00	4001.56	4005.77	3977.83	3987.42	14237	0	5
2025.11.04	04:00:00	3987.38	3999.38	3973.08	3973.45	18358	0	5
2025.11.04	08:00:00	3973.44	4000.69	3966.91	3991.17	19240	0	5
2025.11.04	12:00:00	3991.13	4000.21	3972.00	3975.93	18275	0	5
2025.11.04	16:00:00	3975.24	3977.55	3928.90	3955.11	21243	0	5
2025.11.04	20:00:00	3954.79	3956.85	3930.63	3931.85	17516	0	5
2025.11.05	00:00:00	3934.14	3949.39	3929.03	3937.07	14255	0	5
2025.11.05	04:00:00	3937.02	3978.39	3935.68	3964.84	17233	0	5
2025.11.05	08:00:00	3965.18	3987.13	3961.93	3971.81	17754	0	5
2025.11.05	12:00:00	3971.73	3979.71	3955.99	3975.89	17560	0	5
2025.11.05	16:00:00	3975.82	3990.32	3963.69	3982.03	19550	0	5
2025.11.05	20:00:00	3982.18	3990.18	3977.79	3978.99	14582	0	5
2025.11.06	00:00:00	3980.03	3983.81	3964.71	3976.60	13084	0	5
2025.11.06	04:00:00	3976.60	3991.08	3974.18	3988.03	15429	0	5
2025.11.06	08:00:00	3987.69	4016.53	3982.20	4011.01	17851	0	5
2025.11.06	12:00:00	4011.02	4019.55	4003.19	4012.10	17677	0	5
2025.11.06	16:00:00	4012.12	4013.83	3965.73	3986.40	21448	0	5
2025.11.06	20:00:00	3986.48	3995.23	3976.51	3976.88	16964	0	5
2025.11.07	00:00:00	3976.10	4002.79	3974.49	4001.72	11963	0	5
2025.11.07	04:00:00	4001.87	4003.60	3985.59	3995.22	15077	0	5
2025.11.07	08:00:00	3995.18	4014.17	3992.51	4006.49	16930	0	5
2025.11.07	12:00:00	4006.48	4012.33	3991.62	3997.70	18661	0	5
2025.11.07	16:00:00	3997.65	4027.79	3984.32	4005.40	21775	0	5
2025.11.07	20:00:00	4005.64	4008.93	3994.18	4000.79	16423	0	5
2025.11.10	00:00:00	3999.57	4053.31	3997.76	4044.01	15549	0	5
2025.11.10	04:00:00	4043.97	4069.60	4037.57	4069.18	18595	0	5
2025.11.10	08:00:00	4069.20	4086.01	4067.12	4076.66	20530	0	5
2025.11.10	12:00:00	4076.79	4105.71	4075.76	4091.75	20346	0	5
2025.11.10	16:00:00	4091.82	4102.51	4074.77	4102.41	23345	0	5
2025.11.10	20:00:00	4102.39	4116.69	4101.44	4115.73	18531	0	5
2025.11.11	00:00:00	4115.49	4140.99	4115.06	4136.29	13118	0	5
2025.11.11	04:00:00	4136.26	4148.70	4124.16	4130.98	16574	0	5
2025.11.11	08:00:00	4130.71	4146.16	4124.85	4141.86	17136	0	5
2025.11.11	12:00:00	4141.86	4146.63	4133.25	4142.44	16828	0	5
2025.11.11	16:00:00	4142.48	4143.13	4097.16	4114.34	19621	0	5
2025.11.11	20:00:00	4114.43	4132.05	4106.75	4126.55	15625	0	5
2025.11.12	00:00:00	4127.42	4145.39	4126.31	4131.61	14805	0	5
2025.11.12	04:00:00	4131.60	4135.43	4099.01	4104.67	19853	0	5
2025.11.12	08:00:00	4104.68	4133.60	4103.24	4124.63	20727	0	5
2025.11.12	12:00:00	4124.64	4139.77	4118.14	4127.04	21153	0	6
2025.11.12	16:00:00	4127.18	4206.43	4125.19	4199.28	24946	0	5
2025.11.12	20:00:00	4199.44	4211.86	4190.98	4195.27	20288	0	5
2025.11.13	00:00:00	4196.43	4209.18	4179.89	4192.37	16322	0	5
2025.11.13	04:00:00	4192.38	4219.56	4183.63	4212.48	21610	0	5
2025.11.13	08:00:00	4212.11	4239.56	4203.37	4233.16	21255	0	5
2025.11.13	12:00:00	4233.10	4245.39	4219.47	4231.88	21267	0	5
2025.11.13	16:00:00	4232.14	4232.26	4184.80	4201.64	24879	0	5
2025.11.13	20:00:00	4201.85	4203.26	4145.36	4171.21	21854	0	5
2025.11.14	00:00:00	4171.79	4193.69	4169.86	4190.07	13740	0	5
2025.11.14	04:00:00	4190.28	4211.15	4184.14	4189.96	18422	0	5
2025.11.14	08:00:00	4189.30	4193.23	4158.80	4169.27	19393	0	5
2025.11.14	12:00:00	4169.04	4170.90	4040.89	4055.93	20520	0	5
2025.11.14	16:00:00	4055.23	4111.36	4032.39	4099.64	21234	0	5
2025.11.14	20:00:00	4099.84	4103.67	4075.36	4085.05	17412	0	5
2025.11.17	00:00:00	4081.47	4106.70	4072.07	4091.24	16826	0	5
2025.11.17	04:00:00	4091.11	4093.69	4049.69	4058.36	20611	0	5
2025.11.17	08:00:00	4058.27	4095.76	4054.49	4081.94	21802	0	5
2025.11.17	12:00:00	4082.05	4092.18	4061.07	4065.31	21545	0	5
2025.11.17	16:00:00	4064.37	4081.99	4052.29	4073.38	24054	0	5
2025.11.17	20:00:00	4073.16	4076.34	4006.99	4045.47	21333	0	5
2025.11.18	00:00:00	4048.89	4055.36	4022.39	4025.06	15624	0	6
2025.11.18	04:00:00	4024.51	4036.00	4005.09	4018.93	20731	0	5
2025.11.18	08:00:00	4018.96	4047.13	3998.36	4040.21	21229	0	5
2025.11.18	12:00:00	4040.22	4070.34	4028.91	4065.21	20990	0	5
2025.11.18	16:00:00	4065.29	4081.99	4040.70	4071.36	24148	0	5
2025.11.18	20:00:00	4071.41	4082.06	4063.14	4067.24	19456	0	5
2025.11.19	00:00:00	4067.96	4078.26	4056.22	4059.06	12065	0	5
2025.11.19	04:00:00	4059.09	4097.51	4055.51	4095.51	17507	0	5
2025.11.19	08:00:00	4095.12	4116.40	4078.16	4113.31	17990	0	5
2025.11.19	12:00:00	4113.48	4120.09	4100.78	4110.41	18646	0	5
2025.11.19	16:00:00	4111.13	4132.46	4055.78	4078.90	21674	0	5
2025.11.19	20:00:00	4078.88	4091.21	4065.58	4077.71	18867	0	5
2025.11.20	00:00:00	4079.90	4110.44	4078.09	4081.28	13685	0	5
2025.11.20	04:00:00	4081.22	4085.75	4040.22	4066.71	17994	0	5
2025.11.20	08:00:00	4066.33	4077.57	4038.55	4064.12	19727	0	5
2025.11.20	12:00:00	4064.21	4096.39	4051.22	4080.44	19056	0	5
2025.11.20	16:00:00	4080.27	4107.25	4043.85	4066.08	22699	0	5
2025.11.20	20:00:00	4065.72	4087.41	4056.28	4077.15	18497	0	5
2025.11.21	00:00:00	4074.64	4088.62	4060.55	4068.45	12498	0	5
2025.11.21	04:00:00	4068.23	4079.89	4040.08	4058.63	18598	0	5
2025.11.21	08:00:00	4059.00	4064.36	4022.61	4050.56	20240	0	5
2025.11.21	12:00:00	4050.83	4081.21	4031.07	4079.47	21207	0	5
2025.11.21	16:00:00	4079.55	4101.25	4055.15	4085.52	22322	0	5
2025.11.21	20:00:00	4085.45	4092.28	4054.55	4065.21	18646	0	5
2025.11.24	00:00:00	4069.36	4077.76	4042.64	4044.50	13840	0	5
2025.11.24	04:00:00	4044.09	4061.15	4039.89	4046.32	18429	0	5
2025.11.24	08:00:00	4046.30	4074.20	4045.28	4071.84	19860	0	5
2025.11.24	12:00:00	4071.89	4086.06	4063.18	4077.74	19442	0	5
2025.11.24	16:00:00	4077.93	4100.39	4068.49	4092.80	21628	0	5
2025.11.24	20:00:00	4092.91	4139.97	4087.99	4134.57	17428	0	5
2025.11.25	00:00:00	4135.30	4144.36	4122.46	4134.75	12716	0	5
2025.11.25	04:00:00	4134.59	4155.61	4132.89	4150.95	16958	0	5
2025.11.25	08:00:00	4150.93	4151.96	4109.01	4128.46	19225	0	5
2025.11.25	12:00:00	4128.41	4150.88	4115.99	4147.87	19337	0	5
2025.11.25	16:00:00	4147.69	4159.28	4111.53	4146.09	20653	0	5
2025.11.25	20:00:00	4146.08	4150.73	4127.61	4130.59	16026	0	5
2025.11.26	00:00:00	4134.09	4152.87	4129.74	4148.43	11219	0	5
2025.11.26	04:00:00	4148.37	4169.35	4147.34	4162.25	17936	0	6
2025.11.26	08:00:00	4162.12	4168.46	4146.60	4162.72	18649	0	5
2025.11.26	12:00:00	4162.81	4173.45	4149.04	4153.16	19594	0	5
2025.11.26	16:00:00	4153.30	4169.61	4136.70	4167.18	20981	0	5
2025.11.26	20:00:00	4167.21	4171.64	4157.96	4163.65	16278	0	5
2025.11.27	00:00:00	4163.05	4168.86	4148.74	4154.25	10590	0	5
2025.11.27	04:00:00	4154.63	4156.15	4142.58	4147.23	15890	0	5
2025.11.27	08:00:00	4147.25	4167.19	4147.14	4158.70	18908	0	5
2025.11.27	12:00:00	4159.09	4162.43	4149.26	4154.93	17144	0	5
2025.11.27	16:00:00	4155.05	4161.81	4151.43	4157.72	15682	0	5
2025.11.27	20:00:00	4157.71	4160.38	4154.36	4155.27	3673	0	5
2025.11.28	00:00:00	4158.28	4193.00	4157.95	4191.09	11965	0	5
2025.11.28	04:00:00	4191.08	4191.96	4172.66	4182.68	11592	0	5
2025.11.28	08:00:00	4182.21	4188.49	4153.90	4165.33	2143	0	5
2025.11.28	12:00:00	4165.43	4182.85	4160.77	4182.55	12539	0	5
2025.11.28	16:00:00	4182.90	4216.88	4182.70	4216.88	21723	0	5
2025.11.28	20:00:00	4216.49	4226.62	4211.02	4219.09	7356	0	5
2025.12.01	00:00:00	4222.86	4256.07	4206.13	4255.10	18096	0	5
2025.12.01	04:00:00	4255.05	4256.36	4215.71	4229.62	22416	0	5
2025.12.01	08:00:00	4229.65	4253.65	4226.18	4249.95	22267	0	5
2025.12.01	12:00:00	4250.01	4264.63	4244.21	4247.21	23303	0	5
2025.12.01	16:00:00	4246.99	4249.44	4219.32	4232.43	25954	0	5
2025.12.01	20:00:00	4232.66	4244.68	4229.37	4232.07	19777	0	5
2025.12.02	00:00:00	4231.67	4236.03	4191.11	4219.67	13885	0	5
2025.12.02	04:00:00	4219.67	4226.13	4213.69	4225.01	17993	0	5
2025.12.02	08:00:00	4225.02	4226.30	4180.91	4191.74	19207	0	5
2025.12.02	12:00:00	4191.70	4215.09	4181.91	4212.29	19028	0	5
2025.12.02	16:00:00	4212.32	4230.88	4163.43	4193.91	22428	0	5
2025.12.02	20:00:00	4193.70	4212.34	4183.11	4205.59	16431	0	5
2025.12.03	00:00:00	4206.61	4221.06	4202.84	4214.15	13649	0	5
2025.12.03	04:00:00	4214.31	4228.81	4203.29	4207.65	17316	0	5
2025.12.03	08:00:00	4207.92	4211.80	4197.01	4202.07	18920	0	5
2025.12.03	12:00:00	4202.03	4238.95	4194.61	4236.79	19009	0	5
2025.12.03	16:00:00	4237.05	4241.35	4195.72	4211.03	22183	0	5
2025.12.03	20:00:00	4211.35	4212.61	4195.15	4202.93	16769	0	5
2025.12.04	00:00:00	4204.03	4216.76	4202.22	4209.12	12577	0	5
2025.12.04	04:00:00	4209.08	4209.08	4175.07	4181.08	17692	0	5
2025.12.04	08:00:00	4181.13	4202.46	4178.57	4199.82	18748	0	5
2025.12.04	12:00:00	4200.02	4206.46	4185.64	4198.19	18222	0	5
2025.12.04	16:00:00	4198.33	4219.38	4191.38	4216.47	20406	0	5
2025.12.04	20:00:00	4216.35	4217.44	4199.65	4208.59	15296	0	5
2025.12.05	00:00:00	4208.37	4210.61	4194.84	4203.07	12549	0	5
2025.12.05	04:00:00	4202.94	4221.26	4196.74	4220.47	18658	0	5
2025.12.05	08:00:00	4220.52	4230.71	4215.90	4223.32	18756	0	5
2025.12.05	12:00:00	4223.25	4238.91	4220.04	4234.61	18798	0	5
2025.12.05	16:00:00	4234.52	4259.10	4198.57	4217.67	24407	0	5
2025.12.05	20:00:00	4217.21	4219.04	4191.89	4199.04	18535	0	5
2025.12.08	00:00:00	4197.52	4211.73	4195.02	4201.21	15140	0	5
2025.12.08	04:00:00	4200.88	4217.24	4198.56	4217.06	18966	0	6
2025.12.08	08:00:00	4217.09	4218.82	4203.17	4207.96	20241	0	5
2025.12.08	12:00:00	4207.85	4215.47	4197.85	4201.57	19982	0	5
2025.12.08	16:00:00	4201.67	4211.46	4176.64	4194.83	23941	0	5
2025.12.08	20:00:00	4195.51	4195.66	4184.20	4190.51	16435	0	5
2025.12.09	00:00:00	4190.31	4197.22	4188.93	4196.10	11100	0	5
2025.12.09	04:00:00	4196.09	4198.77	4178.18	4179.75	18870	0	5
2025.12.09	08:00:00	4179.85	4213.24	4170.27	4202.97	22173	0	5
2025.12.09	12:00:00	4203.29	4208.36	4195.91	4201.21	20140	0	5
2025.12.09	16:00:00	4201.38	4221.43	4189.42	4202.97	25251	0	5
2025.12.09	20:00:00	4202.96	4216.07	4201.32	4208.05	18538	0	5
2025.12.10	00:00:00	4208.02	4218.06	4206.95	4213.81	13209	0	5
2025.12.10	04:00:00	4213.67	4218.78	4201.81	4211.44	18676	0	5
2025.12.10	08:00:00	4211.43	4211.63	4192.51	4194.43	20487	0	5
2025.12.10	12:00:00	4194.30	4205.23	4187.98	4200.70	92939	0	0
2025.12.10	16:00:00	4200.70	4207.01	4188.92	4199.76	138489	0	0
2025.12.10	20:00:00	4199.77	4238.68	4182.08	4227.99	164980	0	0
2025.12.11	00:00:00	4227.08	4247.63	4223.97	4238.43	64990	0	0
2025.12.11	04:00:00	4238.35	4240.83	4206.17	4207.55	112530	0	0
2025.12.11	08:00:00	4207.55	4221.58	4204.34	4218.49	95205	0	0
2025.12.11	12:00:00	4218.50	4225.92	4205.37	4220.97	99037	0	0
2025.12.11	16:00:00	4220.97	4281.83	4218.02	4278.68	151122	0	0
2025.12.11	20:00:00	4278.68	4285.86	4263.16	4279.30	73684	0	4
2025.12.12	00:00:00	4281.53	4283.67	4264.67	4271.06	46795	0	4
2025.12.12	04:00:00	4271.06	4280.63	4266.07	4278.91	65433	0	4
2025.12.12	08:00:00	4278.91	4320.29	4276.66	4318.26	77861	0	4
2025.12.12	12:00:00	4318.26	4346.13	4314.74	4341.06	99611	0	4
2025.12.12	16:00:00	4341.06	4353.51	4257.44	4294.25	185162	0	4
2025.12.12	20:00:00	4294.25	4304.11	4288.64	4299.37	78208	0	4
2025.12.15	00:00:00	4300.26	4325.68	4300.14	4322.60	36613	0	4
2025.12.15	04:00:00	4322.52	4344.42	4319.33	4343.62	73213	0	4
2025.12.15	08:00:00	4343.62	4350.24	4333.54	4342.70	68140	0	4
2025.12.15	12:00:00	4342.70	4348.39	4330.80	4332.21	69473	0	4
2025.12.15	16:00:00	4332.21	4336.73	4285.24	4304.37	140040	0	4
2025.12.15	20:00:00	4304.38	4317.74	4299.49	4305.12	58118	0	4
2025.12.16	00:00:00	4308.55	4317.86	4299.12	4308.79	40668	0	4
2025.12.16	04:00:00	4308.84	4312.26	4271.54	4284.07	87441	0	4
2025.12.16	08:00:00	4284.11	4292.16	4275.30	4280.46	73352	0	4
2025.12.16	12:00:00	4280.47	4313.25	4273.83	4312.97	78541	0	4
2025.12.16	16:00:00	4312.97	4335.08	4291.30	4303.58	134637	0	4
2025.12.16	20:00:00	4303.57	4315.93	4297.29	4302.29	67096	0	4
2025.12.17	00:00:00	4304.02	4326.79	4303.09	4326.72	34941	0	4
2025.12.17	04:00:00	4326.72	4342.51	4311.18	4333.92	78530	0	4
2025.12.17	08:00:00	4333.92	4337.70	4308.55	4316.91	68271	0	4
2025.12.17	12:00:00	4316.90	4344.09	4306.58	4342.10	66850	0	4
2025.12.17	16:00:00	4342.10	4349.03	4320.37	4342.45	154665	0	4
2025.12.17	20:00:00	4342.46	4346.46	4328.87	4338.17	73727	0	4
2025.12.18	00:00:00	4338.98	4342.95	4324.45	4331.61	38622	0	4
2025.12.18	04:00:00	4331.61	4337.79	4328.56	4333.36	71080	0	4
2025.12.18	08:00:00	4333.36	4337.74	4320.81	4323.52	60939	0	4
2025.12.18	12:00:00	4323.52	4343.10	4314.64	4336.54	63084	0	4
2025.12.18	16:00:00	4336.55	4374.63	4308.62	4333.34	155294	0	4
2025.12.18	20:00:00	4333.34	4341.29	4322.84	4332.66	84316	0	4
2025.12.19	00:00:00	4335.05	4336.06	4309.30	4323.23	30788	0	4
2025.12.19	04:00:00	4323.24	4329.01	4312.67	4325.96	58921	0	4
2025.12.19	08:00:00	4325.96	4333.65	4321.04	4329.44	58946	0	4
2025.12.19	12:00:00	4329.44	4335.46	4320.69	4328.37	65694	0	4
2025.12.19	16:00:00	4328.44	4355.94	4319.77	4353.47	116510	0	4
2025.12.19	20:00:00	4353.47	4356.51	4336.47	4338.51	54759	0	4
2025.12.22	00:00:00	4339.63	4384.83	4339.55	4382.98	36953	0	4
2025.12.22	04:00:00	4382.98	4409.56	4378.56	4399.98	54405	0	4
2025.12.22	08:00:00	4400.09	4420.46	4398.92	4411.09	54407	0	4
2025.12.22	12:00:00	4411.09	4427.38	4406.09	4423.70	66789	0	4
2025.12.22	16:00:00	4423.70	4442.21	4412.07	4438.54	101666	0	4
2025.12.22	20:00:00	4438.53	4449.04	4428.90	4443.15	47246	0	4
2025.12.23	00:00:00	4449.51	4490.89	4449.51	4486.67	37507	0	4
2025.12.23	04:00:00	4486.67	4497.79	4474.93	4475.29	75969	0	4
2025.12.23	08:00:00	4475.23	4493.26	4469.53	4480.43	78518	0	4
2025.12.23	12:00:00	4480.43	4497.38	4473.32	4479.16	81423	0	4
2025.12.23	16:00:00	4479.16	4479.92	4430.63	4472.75	150000	0	4
2025.12.23	20:00:00	4472.75	4499.94	4472.75	4484.16	61241	0	4
2025.12.24	00:00:00	4486.94	4525.94	4486.94	4518.82	49265	0	4
2025.12.24	04:00:00	4518.82	4519.27	4468.29	4488.48	89596	0	4
2025.12.24	08:00:00	4488.48	4497.99	4478.25	4494.73	84259	0	4
2025.12.24	12:00:00	4494.72	4499.93	4474.62	4487.91	84397	0	4
2025.12.24	16:00:00	4487.96	4489.45	4448.33	4480.64	145903	0	4
2025.12.24	20:00:00	4480.64	4482.39	4477.25	4479.20	7964	0	4
2025.12.26	00:00:00	4487.91	4531.30	4482.43	4503.88	50497	0	23
2025.12.26	04:00:00	4503.88	4514.78	4492.50	4509.82	90174	0	23
2025.12.26	08:00:00	4509.97	4520.47	4507.44	4512.75	69669	0	4
2025.12.26	12:00:00	4512.75	4528.51	4503.02	4525.13	87191	0	4
2025.12.26	16:00:00	4525.15	4549.92	4510.05	4519.06	135154	0	4
2025.12.26	20:00:00	4519.10	4535.69	4514.89	4533.32	89571	0	4
2025.12.29	00:00:00	4530.37	4530.37	4472.35	4497.15	71088	0	4
2025.12.29	04:00:00	4497.14	4520.44	4496.21	4506.85	92204	0	4
2025.12.29	08:00:00	4506.85	4510.70	4445.40	4472.09	120092	0	4
2025.12.29	12:00:00	4472.09	4474.70	4407.03	4421.49	111637	0	4
2025.12.29	16:00:00	4421.49	4421.49	4302.53	4328.16	175896	0	4
2025.12.29	20:00:00	4328.16	4344.63	4322.89	4332.12	79166	0	4
2025.12.30	00:00:00	4339.55	4360.18	4324.54	4360.18	49926	0	4
2025.12.30	04:00:00	4360.18	4380.15	4348.84	4377.70	88513	0	4
2025.12.30	08:00:00	4377.70	4383.40	4350.21	4372.24	104884	0	4
2025.12.30	12:00:00	4372.17	4404.25	4367.76	4388.46	110226	0	4
2025.12.30	16:00:00	4388.46	4392.17	4354.90	4370.21	142614	0	4
2025.12.30	20:00:00	4370.23	4378.68	4334.81	4339.12	87423	0	4
2025.12.31	00:00:00	4340.58	4373.29	4328.71	4365.99	65204	0	4
2025.12.31	04:00:00	4366.04	4371.15	4276.05	4285.95	107413	0	4
2025.12.31	08:00:00	4285.95	4337.31	4274.49	4325.88	88760	0	4
2025.12.31	12:00:00	4325.87	4348.37	4303.19	4345.87	90176	0	4
2025.12.31	16:00:00	4345.90	4353.35	4317.11	4321.95	118627	0	4
2025.12.31	20:00:00	4321.95	4331.59	4304.62	4318.82	71978	0	4
2026.01.02	00:00:00	4318.72	4356.00	4318.72	4347.99	40961	0	4
2026.01.02	04:00:00	4347.99	4381.74	4345.03	4380.74	58344	0	4
2026.01.02	08:00:00	4380.74	4397.65	4371.99	4385.55	67924	0	4
2026.01.02	12:00:00	4385.54	4402.31	4362.01	4366.03	76081	0	4
2026.01.02	16:00:00	4366.03	4373.70	4315.03	4323.07	156406	0	4
2026.01.02	20:00:00	4323.07	4333.25	4309.97	4332.35	77666	0	4
2026.01.05	00:00:00	4352.13	4421.34	4343.87	4401.86	84303	0	4
2026.01.05	04:00:00	4401.95	4414.56	4388.61	4412.69	95615	0	4
2026.01.05	08:00:00	4412.67	4438.16	4411.41	4434.85	84058	0	4
2026.01.05	12:00:00	4434.85	4439.88	4396.23	4416.82	103251	0	4
2026.01.05	16:00:00	4416.86	4455.65	4416.86	4443.54	134112	0	4
2026.01.05	20:00:00	4443.50	4449.42	4434.84	4449.00	67458	0	4
2026.01.06	00:00:00	4449.00	4460.12	4427.96	4450.67	61840	0	4
2026.01.06	04:00:00	4450.66	4474.25	4448.66	4452.47	82146	0	4
2026.01.06	08:00:00	4452.52	4475.71	4444.82	4446.39	83372	0	4
2026.01.06	12:00:00	4446.39	4470.45	4442.60	4467.98	80730	0	4
2026.01.06	16:00:00	4467.98	4491.51	4463.08	4489.47	134801	0	4
2026.01.06	20:00:00	4489.47	4497.22	4477.44	4494.64	69411	0	4
2026.01.07	00:00:00	4494.64	4500.42	4461.80	4465.50	60625	0	4
2026.01.07	04:00:00	4465.50	4480.23	4443.27	4454.33	92098	0	4
2026.01.07	08:00:00	4454.33	4474.71	4441.57	4463.37	54565	0	4
2026.01.07	12:00:00	4463.22	4467.91	4427.91	4452.89	72247	0	4
2026.01.07	16:00:00	4452.89	4468.29	4423.48	4452.01	128603	0	4
2026.01.07	20:00:00	4452.01	4461.55	4445.42	4456.15	80977	0	4
2026.01.08	00:00:00	4456.15	4466.37	4441.80	4448.53	53247	0	4
2026.01.08	04:00:00	4448.53	4449.68	4415.67	4425.50	100776	0	4
2026.01.08	08:00:00	4425.49	4439.75	4416.01	4432.65	98620	0	4
2026.01.08	12:00:00	4432.64	4436.03	4407.73	4423.80	92212	0	4
2026.01.08	16:00:00	4423.80	4465.39	4419.16	4463.37	133079	0	4
2026.01.08	20:00:00	4463.37	4479.52	4444.65	4477.80	71454	0	4
2026.01.09	00:00:00	4477.80	4483.92	4452.87	4468.91	57033	0	4
2026.01.09	04:00:00	4468.90	4476.45	4458.24	4468.04	67680	0	4
2026.01.09	08:00:00	4468.06	4477.63	4464.05	4471.18	62780	0	4
2026.01.09	12:00:00	4471.18	4491.90	4458.95	4482.79	76277	0	4
2026.01.09	16:00:00	4482.79	4517.20	4479.33	4484.47	142632	0	4
2026.01.09	20:00:00	4484.45	4511.02	4483.04	4509.13	71735	0	4
2026.01.12	00:00:00	4518.67	4601.17	4512.82	4570.15	92400	0	4
2026.01.12	04:00:00	4570.15	4584.95	4561.84	4580.84	90104	0	4
2026.01.12	08:00:00	4580.84	4599.30	4569.79	4589.07	88708	0	4
2026.01.12	12:00:00	4589.07	4620.32	4578.43	4615.88	84397	0	4
2026.01.12	16:00:00	4615.88	4630.13	4584.92	4616.38	129201	0	4
2026.01.12	20:00:00	4616.38	4618.99	4589.12	4597.17	74445	0	4
2026.01.13	00:00:00	4597.17	4607.74	4575.62	4577.90	65628	0	4
2026.01.13	04:00:00	4577.90	4602.16	4576.67	4592.01	78000	0	4
2026.01.13	08:00:00	4592.01	4597.01	4573.56	4586.15	68571	0	4
2026.01.13	12:00:00	4586.18	4620.93	4577.87	4611.49	84593	0	4
2026.01.13	16:00:00	4611.49	4634.60	4586.62	4590.38	145630	0	4
2026.01.13	20:00:00	4590.38	4601.97	4569.58	4586.10	98204	0	4
2026.01.14	00:00:00	4586.10	4619.88	4586.10	4619.16	58944	0	4
2026.01.14	04:00:00	4619.17	4639.70	4613.31	4619.80	86228	0	4
2026.01.14	08:00:00	4619.80	4639.59	4618.50	4630.42	82532	0	4
2026.01.14	12:00:00	4630.42	4641.92	4624.11	4635.73	93088	0	4
2026.01.14	16:00:00	4635.75	4638.92	4599.40	4614.28	158643	0	4
2026.01.14	20:00:00	4614.28	4642.91	4612.81	4626.76	101842	0	4
2026.01.15	00:00:00	4626.76	4632.53	4583.60	4599.99	85288	0	4
2026.01.15	04:00:00	4599.99	4614.69	4581.14	4595.32	115995	0	4
2026.01.15	08:00:00	4595.32	4613.52	4593.68	4612.65	86350	0	4
2026.01.15	12:00:00	4612.65	4622.94	4582.19	4588.30	79967	0	4
2026.01.15	16:00:00	4588.30	4624.82	4583.51	4616.52	139222	0	4
2026.01.15	20:00:00	4616.52	4621.59	4600.69	4615.95	80554	0	4
2026.01.16	00:00:00	4615.95	4621.04	4593.86	4600.55	61478	0	4
2026.01.16	04:00:00	4600.55	4616.00	4591.34	4611.63	80234	0	4
2026.01.16	08:00:00	4611.63	4612.36	4594.11	4600.17	61967	0	4
2026.01.16	12:00:00	4600.02	4616.11	4582.40	4601.88	75845	0	4
2026.01.16	16:00:00	4601.88	4620.33	4536.85	4581.48	155497	0	4
2026.01.16	20:00:00	4581.49	4598.56	4580.04	4596.42	85579	0	4
2026.01.19	00:00:00	4621.06	4690.69	4621.06	4657.38	91263	0	4
2026.01.19	04:00:00	4657.39	4674.24	4653.23	4669.91	79058	0	4
2026.01.19	08:00:00	4669.91	4679.08	4661.81	4668.42	65471	0	4
2026.01.19	12:00:00	4668.42	4673.81	4659.68	4666.16	51398	0	4
2026.01.19	16:00:00	4666.16	4678.80	4661.63	4676.26	51690	0	4
2026.01.19	20:00:00	4676.26	4680.36	4666.97	4670.86	15950	0	4
2026.01.20	00:00:00	4674.79	4676.99	4659.50	4669.75	46283	0	4
2026.01.20	04:00:00	4669.75	4716.76	4665.52	4714.59	74161	0	4
2026.01.20	08:00:00	4714.59	4737.36	4705.66	4732.46	79974	0	4
2026.01.20	12:00:00	4732.46	4738.27	4715.25	4737.08	83492	0	4
2026.01.20	16:00:00	4737.07	4762.40	4722.41	4759.25	135374	0	4
2026.01.20	20:00:00	4759.25	4766.23	4747.47	4763.16	72514	0	4
2026.01.21	00:00:00	4763.16	4844.13	4757.84	4835.21	66445	0	4
2026.01.21	04:00:00	4835.30	4878.13	4817.47	4869.91	101584	0	4
2026.01.21	08:00:00	4869.91	4888.43	4832.58	4865.63	93163	0	4
2026.01.21	12:00:00	4865.67	4880.34	4855.25	4879.50	79361	0	4
2026.01.21	16:00:00	4879.50	4880.95	4802.53	4826.28	178273	0	4
2026.01.21	20:00:00	4826.28	4854.01	4755.93	4832.06	131951	0	4
2026.01.22	00:00:00	4832.06	4833.82	4772.34	4797.95	68003	0	4
2026.01.22	04:00:00	4797.95	4821.63	4774.77	4821.33	83238	0	4
2026.01.22	08:00:00	4821.33	4839.00	4813.97	4823.14	73898	0	4
2026.01.22	12:00:00	4823.14	4836.39	4810.70	4822.31	74594	0	4
2026.01.22	16:00:00	4822.31	4906.33	4820.39	4904.52	131470	0	4
2026.01.22	20:00:00	4904.52	4940.63	4901.36	4935.83	79191	0	4
2026.01.23	00:00:00	4935.83	4967.36	4930.64	4953.52	64420	0	4
2026.01.23	04:00:00	4953.52	4967.30	4938.13	4960.66	55106	0	4
2026.01.23	08:00:00	4960.66	4963.15	4899.74	4918.63	90603	0	4
2026.01.23	12:00:00	4918.61	4947.88	4912.21	4939.07	82932	0	4
2026.01.23	16:00:00	4939.03	4988.30	4932.83	4965.91	126643	0	4
2026.01.23	20:00:00	4965.91	4990.02	4958.32	4986.43	87366	0	4
2026.01.26	00:00:00	5008.06	5085.73	5003.55	5070.90	96694	0	4
2026.01.26	04:00:00	5070.97	5093.05	5052.39	5074.31	114277	0	4
2026.01.26	08:00:00	5074.30	5111.03	5065.37	5084.10	105689	0	4
2026.01.26	12:00:00	5084.10	5097.01	5054.59	5068.64	101300	0	4
2026.01.26	16:00:00	5068.63	5105.05	5058.29	5100.98	159812	0	4
2026.01.26	20:00:00	5100.96	5103.36	4989.86	5010.27	178301	0	4
2026.01.27	00:00:00	5010.27	5075.99	5010.27	5060.10	84425	0	4
2026.01.27	04:00:00	5060.10	5085.27	5049.60	5082.99	100917	0	4
2026.01.27	08:00:00	5082.99	5100.74	5073.35	5098.73	98708	0	4
2026.01.27	12:00:00	5098.55	5098.67	5066.97	5077.41	103082	0	4
2026.01.27	16:00:00	5077.41	5103.17	5046.65	5081.35	184601	0	4
2026.01.27	20:00:00	5081.35	5190.46	5076.37	5178.58	134138	0	4
2026.01.28	00:00:00	5178.58	5225.26	5157.31	5204.73	89297	0	4
2026.01.28	04:00:00	5204.75	5266.49	5201.55	5261.29	111537	0	4
2026.01.28	08:00:00	5261.29	5311.56	5252.09	5278.22	114135	0	4
2026.01.28	12:00:00	5278.22	5289.53	5238.72	5266.66	116399	0	4
2026.01.28	16:00:00	5266.66	5307.01	5235.23	5298.03	177938	0	4
2026.01.28	20:00:00	5298.02	5418.95	5268.78	5416.20	173334	0	4
2026.01.29	00:00:00	5416.20	5598.03	5416.20	5545.75	127808	0	4
2026.01.29	04:00:00	5545.73	5564.55	5504.22	5562.51	146869	0	4
2026.01.29	08:00:00	5562.51	5595.54	5474.48	5514.13	147880	0	4
2026.01.29	12:00:00	5514.13	5542.99	5470.82	5510.43	135016	0	4
2026.01.29	16:00:00	5510.53	5549.76	5098.23	5335.55	202441	0	4
2026.01.29	20:00:00	5335.59	5426.08	5282.73	5376.32	164669	0	4
2026.01.30	00:00:00	5376.32	5450.96	5290.79	5301.47	109065	0	4
2026.01.30	04:00:00	5301.47	5312.68	5112.34	5184.98	160427	0	4
2026.01.30	08:00:00	5184.98	5205.38	4941.99	5013.67	177309	0	4
2026.01.30	12:00:00	5013.62	5145.74	4992.37	5019.54	131051	0	4
2026.01.30	16:00:00	5019.54	5113.56	4800.88	4850.00	175785	0	4
2026.01.30	20:00:00	4850.00	4947.93	4682.18	4894.47	122270	0	4
2026.02.02	00:00:00	4773.75	4884.64	4584.54	4737.07	155208	0	4
2026.02.02	04:00:00	4737.04	4773.01	4498.25	4549.57	188056	0	4
2026.02.02	08:00:00	4549.58	4731.59	4402.14	4719.58	138805	0	4
2026.02.02	12:00:00	4719.58	4812.64	4657.46	4706.15	127504	0	4
2026.02.02	16:00:00	4706.15	4794.23	4596.20	4673.98	175523	0	4
2026.02.02	20:00:00	4673.98	4712.85	4618.36	4658.60	140633	0	4
2026.02.03	00:00:00	4658.60	4856.59	4658.60	4841.67	120143	0	4
2026.02.03	04:00:00	4841.67	4842.31	4745.49	4825.15	154241	0	4
2026.02.03	08:00:00	4825.15	4949.84	4816.72	4916.09	141197	0	4
2026.02.03	12:00:00	4916.24	4950.99	4883.80	4932.76	129693	0	4
2026.02.03	16:00:00	4932.83	4993.77	4893.75	4929.08	201840	0	4
2026.02.03	20:00:00	4929.08	4964.35	4880.86	4946.26	153788	0	4
2026.02.04	00:00:00	4946.26	5053.66	4910.22	5046.62	117289	0	4
2026.02.04	04:00:00	5046.62	5090.46	5035.52	5079.57	97429	0	4
2026.02.04	08:00:00	5079.57	5091.94	5043.17	5060.02	107715	0	4
2026.02.04	12:00:00	5060.02	5064.51	5013.69	5053.98	105177	0	4
2026.02.04	16:00:00	5054.03	5059.12	4854.54	4898.16	233330	0	4
2026.02.04	20:00:00	4898.16	4970.74	4873.01	4965.57	114024	0	4
2026.02.05	00:00:00	4965.57	5023.80	4936.10	4958.89	102290	0	4
2026.02.05	04:00:00	4958.91	4962.14	4788.86	4896.42	196232	0	4
2026.02.05	08:00:00	4896.42	4943.62	4849.47	4854.96	144235	0	4
2026.02.05	12:00:00	4854.96	4894.57	4802.07	4835.69	139700	0	4
2026.02.05	16:00:00	4835.69	4906.91	4800.53	4869.37	231036	0	4
2026.02.05	20:00:00	4869.38	4875.39	4759.71	4777.89	130307	0	4
2026.02.06	00:00:00	4777.89	4793.76	4655.27	4774.36	161874	0	4
2026.02.06	04:00:00	4774.36	4898.09	4761.02	4897.80	152330	0	4
2026.02.06	08:00:00	4897.80	4903.22	4825.67	4866.55	110990	0	4
2026.02.06	12:00:00	4866.55	4938.44	4851.76	4929.12	110256	0	4
2026.02.06	16:00:00	4929.27	4968.65	4894.62	4960.62	155904	0	4
2026.02.06	20:00:00	4960.62	4971.48	4936.61	4964.88	70078	0	4
2026.02.09	00:00:00	4986.72	5047.39	4965.15	4982.63	101989	0	4
2026.02.09	04:00:00	4982.63	5041.55	4969.11	5036.47	94307	0	4
2026.02.09	08:00:00	5036.47	5045.72	4997.68	5007.80	96055	0	4
2026.02.09	12:00:00	5007.80	5024.84	4982.31	5007.14	96887	0	4
2026.02.09	16:00:00	5007.14	5080.82	5002.34	5046.26	124801	0	4
2026.02.09	20:00:00	5046.26	5086.61	5044.28	5058.06	74227	0	4
2026.02.10	00:00:00	5058.07	5077.03	4987.68	5032.94	88354	0	4
2026.02.10	04:00:00	5032.93	5056.35	5011.42	5039.43	87334	0	4
2026.02.10	08:00:00	5039.37	5063.31	5018.62	5046.86	86164	0	4
